"Address","Content Type","Status Code","Status","Indexability","Indexability Status","Title 1","Title 1 Length","Title 1 Pixel Width","Meta Description 1","Meta Description 1 Length","Meta Description 1 Pixel Width","Meta Description 2","Meta Description 2 Length","Meta Description 2 Pixel Width","Meta Keywords 1","Meta Keywords 1 Length","H1-1","H1-1 Length","H1-2","H1-2 Length","H2-1","H2-1 Length","H2-2","H2-2 Length","Meta Robots 1","X-Robots-Tag 1","Meta Refresh 1","Canonical Link Element 1","rel=""next"" 1","rel=""prev"" 1","HTTP rel=""next"" 1","HTTP rel=""prev"" 1","amphtml Link Element","Size (bytes)","Transferred (bytes)","Total Transferred (bytes)","CO2 (mg)","Carbon Rating","Word Count","Sentence Count","Average Words Per Sentence","Flesch Reading Ease Score","Readability","Text Ratio","Crawl Depth","Folder Depth","Link Score","Inlinks","Unique Inlinks","Unique JS Inlinks","% of Total","Outlinks","Unique Outlinks","Unique JS Outlinks","External Outlinks","Unique External Outlinks","Unique External JS Outlinks","Closest Near Duplicate Match","No. Near Duplicates","Spelling Errors","Grammar Errors","Hash","Response Time","Last Modified","Redirect URL","Redirect Type","Cookies","Language","HTTP Version","Mobile Alternate Link","Closest Semantically Similar Address","Semantic Similarity Score","No. Semantically Similar","Semantic Relevance Score","URL Encoded Address","Crawl Timestamp"
"https://bowlerhat.co.uk/","text/html","301","Moved Permanently","Non-Indexable","Redirected","","0","0","","0","0","","0","0","","0","","0","","0","","0","","0","","","","","","","","","","0","0","0","0.000","","0","","","","","0.000","0","0","","0","0","0","0.000","0","0","0","0","0","0","","","","","","0.101","","https://www.bowlerhat.co.uk/","HTTP Redirect","","","1.1","","","","","","https://bowlerhat.co.uk/","2026-07-30 14:25:35"
"https://www.bowlerhat.co.uk/","text/html; charset=UTF-8","200","OK","Indexable","","Bowler Hat | Digital Marketing Agency | Birmingham","50","459","Bowler Hat helps small businesses get new leads with web design, SEO, PPC & Social. Get in touch for a Free audit and marketing plan today.","139","866","","0","0","","0","Marketing is Changing","21","Or do you need a MAP showing the way?","37","SEO","3","Google Ads","10","index, follow, max-image-preview:large, max-snippet:-1, max-video-preview:-1","","","https://www.bowlerhat.co.uk/","","","","","","220700","34519","34519","13.224","","1228","212","5.792","79.360","Fairly Easy","3.796","1","0","","2092","673","0","99.850","93","35","0","10","6","0","","","","","503ca811e472843b0cff5bba15083de4","0.055","Thu, 30 Jul 2026 13:20:18 GMT","","","","en-US","1.1","","","","","","https://www.bowlerhat.co.uk/","2026-07-30 14:25:36"
"https://www.bowlerhat.co.uk/wp-content/plugins/elementor-pro/assets/lib/smartmenus/jquery.smartmenus.min.js?ver=1.2.1","application/javascript","200","OK","Indexable","","","0","0","","0","0","","0","0","","0","","0","","0","","0","","0","","","","","","","","","","0","0","0","0.000","","0","","","","","0.000","2","6","","0","0","0","0.000","0","0","0","0","0","0","","","","","","0.021","Thu, 02 Jul 2026 08:47:44 GMT","","","","","1.1","","","","","","https://www.bowlerhat.co.uk/wp-content/plugins/elementor-pro/assets/lib/smartmenus/jquery.smartmenus.min.js?ver=1.2.1","2026-07-30 14:25:36"
"https://www.bowlerhat.co.uk/wp-content/plugins/elementor/assets/lib/swiper/v8/css/swiper.min.css?ver=8.4.5","text/css","200","OK","Indexable","","","0","0","","0","0","","0","0","","0","","0","","0","","0","","0","","","","","","","","","","0","0","0","0.000","","0","","","","","0.000","2","8","","0","0","0","0.000","0","0","0","0","0","0","","","","","","0.050","Thu, 02 Jul 2026 08:47:43 GMT","","","","","1.1","","","","","","https://www.bowlerhat.co.uk/wp-content/plugins/elementor/assets/lib/swiper/v8/css/swiper.min.css?ver=8.4.5","2026-07-30 14:25:36"
"https://www.bowlerhat.co.uk/wp-content/uploads/elementor/css/post-172.css?ver=1782982124","text/css","200","OK","Indexable","","","0","0","","0","0","","0","0","","0","","0","","0","","0","","0","","","","","","","","","","0","0","0","0.000","","0","","","","","0.000","2","4","","0","0","0","0.000","0","0","0","0","0","0","","","","","","0.035","Thu, 02 Jul 2026 08:48:44 GMT","","","","","1.1","","","","","","https://www.bowlerhat.co.uk/wp-content/uploads/elementor/css/post-172.css?ver=1782982124","2026-07-30 14:25:36"
"https://www.bowlerhat.co.uk/wp-content/plugins/addon-elements-for-elementor-page-builder/assets/js/eae.min.js?ver=1.14.5","application/javascript","200","OK","Indexable","","","0","0","","0","0","","0","0","","0","","0","","0","","0","","0","","","","","","","","","","0","0","0","0.000","","0","","","","","0.000","2","5","","0","0","0","0.000","0","0","0","0","0","0","","","","","","0.050","Tue, 07 Apr 2026 09:43:55 GMT","","","","","1.1","","","","","","https://www.bowlerhat.co.uk/wp-content/plugins/addon-elements-for-elementor-page-builder/assets/js/eae.min.js?ver=1.14.5","2026-07-30 14:25:36"
"https://www.bowlerhat.co.uk/wp-content/plugins/elementor/assets/js/frontend-modules.min.js?ver=4.1.4","application/javascript","200","OK","Indexable","","","0","0","","0","0","","0","0","","0","","0","","0","","0","","0","","","","","","","","","","0","0","0","0.000","","0","","","","","0.000","2","5","","0","0","0","0.000","0","0","0","0","0","0","","","","","","0.052","Thu, 02 Jul 2026 08:47:43 GMT","","","","","1.1","","","","","","https://www.bowlerhat.co.uk/wp-content/plugins/elementor/assets/js/frontend-modules.min.js?ver=4.1.4","2026-07-30 14:25:36"
"https://www.bowlerhat.co.uk/wp-content/uploads/elementor/css/post-171.css?ver=1782982124","text/css","200","OK","Indexable","","","0","0","","0","0","","0","0","","0","","0","","0","","0","","0","","","","","","","","","","0","0","0","0.000","","0","","","","","0.000","2","4","","0","0","0","0.000","0","0","0","0","0","0","","","","","","0.052","Thu, 02 Jul 2026 08:48:44 GMT","","","","","1.1","","","","","","https://www.bowlerhat.co.uk/wp-content/uploads/elementor/css/post-171.css?ver=1782982124","2026-07-30 14:25:36"
"https://www.bowlerhat.co.uk/wp-content/plugins/elementor-pro/assets/js/webpack-pro.runtime.min.js?ver=4.1.2","application/javascript","200","OK","Indexable","","","0","0","","0","0","","0","0","","0","","0","","0","","0","","0","","","","","","","","","","0","0","0","0.000","","0","","","","","0.000","2","5","","0","0","0","0.000","0","0","0","0","0","0","","","","","","0.052","Thu, 02 Jul 2026 08:47:44 GMT","","","","","1.1","","","","","","https://www.bowlerhat.co.uk/wp-content/plugins/elementor-pro/assets/js/webpack-pro.runtime.min.js?ver=4.1.2","2026-07-30 14:25:36"
"https://www.bowlerhat.co.uk/wp-content/uploads/2026/05/Web-1920-–-27.png","image/webp","200","OK","Indexable","","","0","0","","0","0","","0","0","","0","","0","","0","","0","","0","","","","","","","","","","47140","47140","47140","18.058","","0","","","","","0.000","2","4","","0","0","0","0.000","0","0","0","0","0","0","","","","","","0.032","Tue, 19 May 2026 13:41:44 GMT","","","","","1.1","","","","","","https://www.bowlerhat.co.uk/wp-content/uploads/2026/05/Web-1920-%E2%80%93-27.png","2026-07-30 14:25:37"
"https://www.bowlerhat.co.uk/wp-content/uploads/elementor/google-fonts/css/roboto.css?ver=1745497555","text/css","200","OK","Indexable","","","0","0","","0","0","","0","0","","0","","0","","0","","0","","0","","","","","","","","","","0","0","0","0.000","","0","","","","","0.000","2","5","","0","0","0","0.000","0","0","0","0","0","0","","","","","","0.012","Thu, 24 Apr 2025 12:25:55 GMT","","","","","1.1","","","","","","https://www.bowlerhat.co.uk/wp-content/uploads/elementor/google-fonts/css/roboto.css?ver=1745497555","2026-07-30 14:25:37"
"https://www.bowlerhat.co.uk/wp-content/uploads/2020/09/sundaytimes-logo-1-300x59.png","image/png","200","OK","Indexable","","","0","0","","0","0","","0","0","","0","","0","","0","","0","","0","","","","","","","","","","10927","10927","10927","4.186","","0","","","","","0.000","2","4","","0","0","0","0.000","0","0","0","0","0","0","","","","","","0.025","Mon, 25 Apr 2022 14:45:20 GMT","","","","","1.1","","","","","","https://www.bowlerhat.co.uk/wp-content/uploads/2020/09/sundaytimes-logo-1-300x59.png","2026-07-30 14:25:37"
"https://www.bowlerhat.co.uk/wp-content/plugins/elementor-pro/assets/lib/sticky/jquery.sticky.min.js?ver=4.1.2","application/javascript","200","OK","Indexable","","","0","0","","0","0","","0","0","","0","","0","","0","","0","","0","","","","","","","","","","0","0","0","0.000","","0","","","","","0.000","2","6","","0","0","0","0.000","0","0","0","0","0","0","","","","","","0.041","Thu, 02 Jul 2026 08:47:44 GMT","","","","","1.1","","","","","","https://www.bowlerhat.co.uk/wp-content/plugins/elementor-pro/assets/lib/sticky/jquery.sticky.min.js?ver=4.1.2","2026-07-30 14:25:37"
"https://www.bowlerhat.co.uk/case-studies/","text/html; charset=UTF-8","200","OK","Indexable","","Case Studies Archive - Bowler Hat","33","303","","0","0","","0","0","","0","","0","","0","Case Studies","12","Contact Us","10","index, follow, max-image-preview:large, max-snippet:-1, max-video-preview:-1","","","https://www.bowlerhat.co.uk/case-studies/","https://www.bowlerhat.co.uk/case-studies/page/2/","","","","","139883","24277","24277","9.300","","442","80","5.525","66.288","Normal","2.857","2","1","","1350","672","0","99.700","98","46","0","9","5","0","","","","","503ab453aa2be90ad4cbccee7feb039f","0.083","Thu, 30 Jul 2026 13:21:54 GMT","","","","en-US","1.1","","","","","","https://www.bowlerhat.co.uk/case-studies/","2026-07-30 14:25:36"
"https://www.bowlerhat.co.uk/what-is-seo/","text/html; charset=UTF-8","200","OK","Indexable","","What Is SEO? - Bowler Hat","25","232","What is SEO? Learn what SEO is and you can leverage this often misunderstood marketing tactic to gain more traffic from Google.","127","801","","0","0","","0","What Is SEO?","12","","0","Your Situation – Where Are You Now?","35","Personalising SEO For Your Business","35","index, follow, max-image-preview:large, max-snippet:-1, max-video-preview:-1","","","https://www.bowlerhat.co.uk/what-is-seo/","","","","","","137648","28896","28896","11.070","","2621","342","7.664","82.114","Easy","11.330","2","1","","688","672","0","99.700","77","42","0","17","8","0","","","","","bab033f04f89e877c15ebe0165fc79fa","0.084","","","","","en-US","1.1","","","","","","https://www.bowlerhat.co.uk/what-is-seo/","2026-07-30 14:25:36"
"https://www.bowlerhat.co.uk/services/ai-optimisation/","text/html; charset=UTF-8","200","OK","Non-Indexable","Canonicalised","AI Optimisation (GEO/AEO/AIO)| Birmingham, UK - Bowler Hat","58","550","","0","0","","0","0","","0","AI Optimisation (GEO/AEO/AIO)","29","","0","ASC - AI Optimisation (GEO/AEO/ASC)","35","Contact Us","10","index, follow, max-image-preview:large, max-snippet:-1, max-video-preview:-1","","","https://www.bowlerhat.co.uk/services/content-marketing/","","","","","","139456","24292","24292","9.306","","418","74","5.649","69.344","Normal","2.713","2","2","","1347","672","0","99.700","68","35","0","9","5","0","","","","","3a6a2a4b1170649447c58406a5572fdb","0.050","Thu, 30 Jul 2026 13:21:54 GMT","","","","en-US","1.1","","","","","","https://www.bowlerhat.co.uk/services/ai-optimisation/","2026-07-30 14:25:37"
"https://www.bowlerhat.co.uk/wp-content/plugins/elementor/assets/lib/font-awesome/css/solid.min.css?ver=5.15.3","text/css","200","OK","Indexable","","","0","0","","0","0","","0","0","","0","","0","","0","","0","","0","","","","","","","","","","0","0","0","0.000","","0","","","","","0.000","2","7","","0","0","0","0.000","0","0","0","0","0","0","","","","","","0.017","Thu, 02 Jul 2026 08:47:43 GMT","","","","","1.1","","","","","","https://www.bowlerhat.co.uk/wp-content/plugins/elementor/assets/lib/font-awesome/css/solid.min.css?ver=5.15.3","2026-07-30 14:25:37"
"https://www.bowlerhat.co.uk/wp-content/plugins/hash-link-scroll-offset/assets/js/hash-link-scroll-offset.min.js?ver=4328c2e4ec7e00c877a9","application/javascript","200","OK","Indexable","","","0","0","","0","0","","0","0","","0","","0","","0","","0","","0","","","","","","","","","","0","0","0","0.000","","0","","","","","0.000","2","5","","0","0","0","0.000","0","0","0","0","0","0","","","","","","0.101","Tue, 10 Feb 2026 11:37:04 GMT","","","","","1.1","","","","","","https://www.bowlerhat.co.uk/wp-content/plugins/hash-link-scroll-offset/assets/js/hash-link-scroll-offset.min.js?ver=4328c2e4ec7e00c877a9","2026-07-30 14:25:37"
"https://www.bowlerhat.co.uk/services/","text/html; charset=UTF-8","200","OK","Indexable","","Digital Marketing Services - Birmingham, UK | Bowler Hat","56","506","Digital Marketing Services: Strategy, SEO, PPC, Social, Content, Analytics and Conversion Optimisation - Get in touch for a consultation & marketing plan.","154","938","","0","0","","0","Digital Marketing Services","26","","0","Digital Marketing Services","26","SEO","3","index, follow, max-image-preview:large, max-snippet:-1, max-video-preview:-1","","","https://www.bowlerhat.co.uk/services/","","","","","","151545","25377","25377","9.721","","420","80","5.250","69.369","Normal","2.510","2","1","","1350","672","0","99.700","76","35","0","9","5","0","","","","","b83c3016cc604a87e725186e8bc64ed5","0.033","Thu, 30 Jul 2026 13:21:54 GMT","","","","en-US","1.1","","","","","","https://www.bowlerhat.co.uk/services/","2026-07-30 14:25:37"
"https://www.bowlerhat.co.uk/wp-content/plugins/elementor/assets/css/conditionals/e-swiper.min.css?ver=4.1.4","text/css","200","OK","Indexable","","","0","0","","0","0","","0","0","","0","","0","","0","","0","","0","","","","","","","","","","0","0","0","0.000","","0","","","","","0.000","2","6","","0","0","0","0.000","0","0","0","0","0","0","","","","","","0.066","Thu, 02 Jul 2026 08:47:43 GMT","","","","","1.1","","","","","","https://www.bowlerhat.co.uk/wp-content/plugins/elementor/assets/css/conditionals/e-swiper.min.css?ver=4.1.4","2026-07-30 14:25:37"
"https://www.bowlerhat.co.uk/wp-content/plugins/contact-form-7/includes/swv/js/index.js?ver=6.1.6","application/javascript","200","OK","Indexable","","","0","0","","0","0","","0","0","","0","","0","","0","","0","","0","","","","","","","","","","0","0","0","0.000","","0","","","","","0.000","2","6","","0","0","0","0.000","0","0","0","0","0","0","","","","","","0.066","Thu, 02 Jul 2026 08:47:35 GMT","","","","","1.1","","","","","","https://www.bowlerhat.co.uk/wp-content/plugins/contact-form-7/includes/swv/js/index.js?ver=6.1.6","2026-07-30 14:25:37"
"https://www.bowlerhat.co.uk/wp-includes/js/dist/hooks.min.js?ver=7496969728ca0f95732d","application/javascript","200","OK","Indexable","","","0","0","","0","0","","0","0","","0","","0","","0","","0","","0","","","","","","","","","","0","0","0","0.000","","0","","","","","0.000","2","3","","0","0","0","0.000","0","0","0","0","0","0","","","","","","0.050","Mon, 08 Jun 2026 15:47:42 GMT","","","","","1.1","","","","","","https://www.bowlerhat.co.uk/wp-includes/js/dist/hooks.min.js?ver=7496969728ca0f95732d","2026-07-30 14:25:37"
"https://www.bowlerhat.co.uk/wp-content/plugins/essential-addons-for-elementor-lite/assets/front-end/css/view/general.min.css?ver=6.6.9","text/css","200","OK","Indexable","","","0","0","","0","0","","0","0","","0","","0","","0","","0","","0","","","","","","","","","","0","0","0","0.000","","0","","","","","0.000","2","7","","0","0","0","0.000","0","0","0","0","0","0","","","","","","0.050","Thu, 02 Jul 2026 08:47:47 GMT","","","","","1.1","","","","","","https://www.bowlerhat.co.uk/wp-content/plugins/essential-addons-for-elementor-lite/assets/front-end/css/view/general.min.css?ver=6.6.9","2026-07-30 14:25:37"
"https://www.bowlerhat.co.uk/wp-content/uploads/2020/09/MarketingLand-logo-1-300x71.png","image/png","200","OK","Indexable","","","0","0","","0","0","","0","0","","0","","0","","0","","0","","0","","","","","","","","","","6581","6581","6581","2.521","","0","","","","","0.000","2","4","","0","0","0","0.000","0","0","0","0","0","0","","","","","","0.052","Mon, 25 Apr 2022 14:45:20 GMT","","","","","1.1","","","","","","https://www.bowlerhat.co.uk/wp-content/uploads/2020/09/MarketingLand-logo-1-300x71.png","2026-07-30 14:25:37"
"https://www.bowlerhat.co.uk/wp-content/plugins/elementor/assets/lib/font-awesome/css/fontawesome.min.css?ver=5.15.3","text/css","200","OK","Indexable","","","0","0","","0","0","","0","0","","0","","0","","0","","0","","0","","","","","","","","","","0","0","0","0.000","","0","","","","","0.000","2","7","","0","0","0","0.000","0","0","0","0","0","0","","","","","","0.052","Thu, 02 Jul 2026 08:47:43 GMT","","","","","1.1","","","","","","https://www.bowlerhat.co.uk/wp-content/plugins/elementor/assets/lib/font-awesome/css/fontawesome.min.css?ver=5.15.3","2026-07-30 14:25:37"
"https://www.bowlerhat.co.uk/wp-content/plugins/widget-google-reviews/assets/6.9.7/css/public-main.css","text/css","200","OK","Indexable","","","0","0","","0","0","","0","0","","0","","0","","0","","0","","0","","","","","","","","","","0","0","0","0.000","","0","","","","","0.000","2","6","","0","0","0","0.000","0","0","0","0","0","0","","","","","","0.020","Thu, 02 Jul 2026 08:47:54 GMT","","","","","1.1","","","","","","https://www.bowlerhat.co.uk/wp-content/plugins/widget-google-reviews/assets/6.9.7/css/public-main.css","2026-07-30 14:25:37"
"https://www.bowlerhat.co.uk/services/content-marketing/","text/html; charset=UTF-8","200","OK","Indexable","","Content Marketing Agency | Birmingham, UK - Bowler Hat","54","509","Expand your audience and illustrate your credibility with content marketing. We build a detailed content marketing plan that's specific to you.","143","864","","0","0","","0","Content","7","","0","Content Marketing","17","Content Marketing Help and Advice","33","index, follow, max-image-preview:large, max-snippet:-1, max-video-preview:-1","","","https://www.bowlerhat.co.uk/services/content-marketing/","","","","","","147268","25237","25237","9.668","","501","93","5.387","78.266","Fairly Easy","2.862","2","2","","1350","672","0","99.700","78","38","0","9","5","0","","","","","e231089b468d897f3c901058e8cc3aac","0.082","Thu, 30 Jul 2026 13:21:54 GMT","","","","en-US","1.1","","","","","","https://www.bowlerhat.co.uk/services/content-marketing/","2026-07-30 14:25:37"
"https://www.bowlerhat.co.uk/wp-content/plugins/elementor/assets/js/webpack.runtime.min.js?ver=4.1.4","application/javascript","200","OK","Indexable","","","0","0","","0","0","","0","0","","0","","0","","0","","0","","0","","","","","","","","","","0","0","0","0.000","","0","","","","","0.000","2","5","","0","0","0","0.000","0","0","0","0","0","0","","","","","","0.049","Thu, 02 Jul 2026 08:47:43 GMT","","","","","1.1","","","","","","https://www.bowlerhat.co.uk/wp-content/plugins/elementor/assets/js/webpack.runtime.min.js?ver=4.1.4","2026-07-30 14:25:37"
"https://www.bowlerhat.co.uk/wp-content/plugins/addon-elements-for-elementor-page-builder/build/index.min.js?ver=1.14.5","application/javascript","200","OK","Indexable","","","0","0","","0","0","","0","0","","0","","0","","0","","0","","0","","","","","","","","","","0","0","0","0.000","","0","","","","","0.000","2","4","","0","0","0","0.000","0","0","0","0","0","0","","","","","","0.035","Tue, 07 Apr 2026 09:43:55 GMT","","","","","1.1","","","","","","https://www.bowlerhat.co.uk/wp-content/plugins/addon-elements-for-elementor-page-builder/build/index.min.js?ver=1.14.5","2026-07-30 14:25:37"
"https://www.bowlerhat.co.uk/wp-content/plugins/elementor-pro/assets/css/modules/motion-fx.min.css?ver=4.1.2","text/css","200","OK","Indexable","","","0","0","","0","0","","0","0","","0","","0","","0","","0","","0","","","","","","","","","","0","0","0","0.000","","0","","","","","0.000","2","6","","0","0","0","0.000","0","0","0","0","0","0","","","","","","0.061","Thu, 02 Jul 2026 08:47:44 GMT","","","","","1.1","","","","","","https://www.bowlerhat.co.uk/wp-content/plugins/elementor-pro/assets/css/modules/motion-fx.min.css?ver=4.1.2","2026-07-30 14:25:37"
"https://www.bowlerhat.co.uk/wp-content/uploads/2022/03/logo-white.svg","image/svg+xml","200","OK","Indexable","","","0","0","","0","0","","0","0","","0","","0","","0","","0","","0","","","","","","","","","","0","0","0","0.000","","0","","","","","0.000","2","4","","0","0","0","0.000","0","0","0","0","0","0","","","","","","0.048","Mon, 25 Apr 2022 14:45:20 GMT","","","","","1.1","","","","","","https://www.bowlerhat.co.uk/wp-content/uploads/2022/03/logo-white.svg","2026-07-30 14:25:37"
"https://www.bowlerhat.co.uk/wp-includes/js/dist/vendor/wp-polyfill.min.js?ver=3.15.0","application/javascript","200","OK","Indexable","","","0","0","","0","0","","0","0","","0","","0","","0","","0","","0","","","","","","","","","","0","0","0","0.000","","0","","","","","0.000","2","4","","0","0","0","0.000","0","0","0","0","0","0","","","","","","0.051","Mon, 08 Jun 2026 15:47:42 GMT","","","","","1.1","","","","","","https://www.bowlerhat.co.uk/wp-includes/js/dist/vendor/wp-polyfill.min.js?ver=3.15.0","2026-07-30 14:25:37"
"https://www.bowlerhat.co.uk/wp-content/uploads/2021/06/ads-logo-2021-optimised-300x63.png","image/webp","200","OK","Indexable","","","0","0","","0","0","","0","0","","0","","0","","0","","0","","0","","","","","","","","","","8792","8792","8792","3.368","","0","","","","","0.000","2","4","","0","0","0","0.000","0","0","0","0","0","0","","","","","","0.052","Mon, 25 Apr 2022 14:45:20 GMT","","","","","1.1","","","","","","https://www.bowlerhat.co.uk/wp-content/uploads/2021/06/ads-logo-2021-optimised-300x63.png","2026-07-30 14:25:37"
"https://www.bowlerhat.co.uk/wp-content/plugins/addon-elements-for-elementor-page-builder/assets/lib/vegas/vegas.min.js?ver=2.4.0","application/javascript","200","OK","Indexable","","","0","0","","0","0","","0","0","","0","","0","","0","","0","","0","","","","","","","","","","0","0","0","0.000","","0","","","","","0.000","2","6","","0","0","0","0.000","0","0","0","0","0","0","","","","","","0.041","Tue, 07 Apr 2026 09:43:55 GMT","","","","","1.1","","","","","","https://www.bowlerhat.co.uk/wp-content/plugins/addon-elements-for-elementor-page-builder/assets/lib/vegas/vegas.min.js?ver=2.4.0","2026-07-30 14:25:37"
"https://www.bowlerhat.co.uk/wp-content/plugins/elementor/assets/css/widget-social-icons.min.css?ver=4.1.4","text/css","200","OK","Indexable","","","0","0","","0","0","","0","0","","0","","0","","0","","0","","0","","","","","","","","","","0","0","0","0.000","","0","","","","","0.000","2","5","","0","0","0","0.000","0","0","0","0","0","0","","","","","","0.040","Thu, 02 Jul 2026 08:47:43 GMT","","","","","1.1","","","","","","https://www.bowlerhat.co.uk/wp-content/plugins/elementor/assets/css/widget-social-icons.min.css?ver=4.1.4","2026-07-30 14:25:37"
"https://www.bowlerhat.co.uk/wp-content/plugins/elementor/assets/lib/eicons/css/elementor-icons.min.css?ver=5.50.0","text/css","200","OK","Indexable","","","0","0","","0","0","","0","0","","0","","0","","0","","0","","0","","","","","","","","","","0","0","0","0.000","","0","","","","","0.000","2","7","","0","0","0","0.000","0","0","0","0","0","0","","","","","","0.033","Thu, 02 Jul 2026 08:47:43 GMT","","","","","1.1","","","","","","https://www.bowlerhat.co.uk/wp-content/plugins/elementor/assets/lib/eicons/css/elementor-icons.min.css?ver=5.50.0","2026-07-30 14:25:37"
"https://www.bowlerhat.co.uk/wp-content/uploads/2022/03/download-7.png","image/webp","200","OK","Indexable","","","0","0","","0","0","","0","0","","0","","0","","0","","0","","0","","","","","","","","","","2420","2420","2420","0.927","","0","","","","","0.000","2","4","","0","0","0","0.000","0","0","0","0","0","0","","","","","","0.018","Mon, 25 Apr 2022 14:45:20 GMT","","","","","1.1","","","","","","https://www.bowlerhat.co.uk/wp-content/uploads/2022/03/download-7.png","2026-07-30 14:25:37"
"https://www.bowlerhat.co.uk/wp-content/plugins/contact-form-7/includes/js/index.js?ver=6.1.6","application/javascript","200","OK","Indexable","","","0","0","","0","0","","0","0","","0","","0","","0","","0","","0","","","","","","","","","","0","0","0","0.000","","0","","","","","0.000","2","5","","0","0","0","0.000","0","0","0","0","0","0","","","","","","0.051","Thu, 02 Jul 2026 08:47:35 GMT","","","","","1.1","","","","","","https://www.bowlerhat.co.uk/wp-content/plugins/contact-form-7/includes/js/index.js?ver=6.1.6","2026-07-30 14:25:37"
"https://www.bowlerhat.co.uk/choose-a-local-seo-company/","text/html; charset=UTF-8","200","OK","Indexable","","How to choose a local SEO Company - Bowler Hat","46","440","In this article, we show you how to evaluate local SEO companies and how to find a local company that can help you hit your SEO goals.","134","834","","0","0","","0","How to choose a local SEO Company","33","","0","1. So You Googled “SEO Birmingham”","34","2. Does the SEO Company Need to be near you?","44","index, follow, max-image-preview:large, max-snippet:-1, max-video-preview:-1","","","https://www.bowlerhat.co.uk/choose-a-local-seo-company/","","","","","","144372","30641","30641","11.738","","3183","427","7.454","81.286","Easy","13.212","2","1","","689","672","0","99.700","82","40","0","13","7","0","","","","","7c4b8df09518cf2e7ca0f59a5e484726","0.084","","","","","en-US","1.1","","","","","","https://www.bowlerhat.co.uk/choose-a-local-seo-company/","2026-07-30 14:25:37"
"https://www.bowlerhat.co.uk/wp-includes/js/jquery/ui/core.min.js?ver=1.13.3","application/javascript","200","OK","Indexable","","","0","0","","0","0","","0","0","","0","","0","","0","","0","","0","","","","","","","","","","0","0","0","0.000","","0","","","","","0.000","2","4","","0","0","0","0.000","0","0","0","0","0","0","","","","","","0.036","Thu, 24 Apr 2025 12:24:16 GMT","","","","","1.1","","","","","","https://www.bowlerhat.co.uk/wp-includes/js/jquery/ui/core.min.js?ver=1.13.3","2026-07-30 14:25:37"
"https://www.bowlerhat.co.uk/wp-includes/js/jquery/jquery-migrate.min.js?ver=3.4.1","application/javascript","200","OK","Indexable","","","0","0","","0","0","","0","0","","0","","0","","0","","0","","0","","","","","","","","","","0","0","0","0.000","","0","","","","","0.000","2","3","","0","0","0","0.000","0","0","0","0","0","0","","","","","","0.049","Fri, 09 Jun 2023 05:49:24 GMT","","","","","1.1","","","","","","https://www.bowlerhat.co.uk/wp-includes/js/jquery/jquery-migrate.min.js?ver=3.4.1","2026-07-30 14:25:37"
"https://www.bowlerhat.co.uk/wp-content/plugins/addon-elements-for-elementor-page-builder/assets/js/iconHelper.js?ver=1.0","application/javascript","200","OK","Indexable","","","0","0","","0","0","","0","0","","0","","0","","0","","0","","0","","","","","","","","","","0","0","0","0.000","","0","","","","","0.000","2","5","","0","0","0","0.000","0","0","0","0","0","0","","","","","","0.034","Tue, 07 Apr 2026 09:43:55 GMT","","","","","1.1","","","","","","https://www.bowlerhat.co.uk/wp-content/plugins/addon-elements-for-elementor-page-builder/assets/js/iconHelper.js?ver=1.0","2026-07-30 14:25:37"
"https://www.bowlerhat.co.uk/wp-content/uploads/2020/03/conversion.png","image/webp","200","OK","Indexable","","","0","0","","0","0","","0","0","","0","","0","","0","","0","","0","","","","","","","","","","11792","11792","11792","4.517","","0","","","","","0.000","2","4","","0","0","0","0.000","0","0","0","0","0","0","","","","","","0.033","Fri, 08 Jul 2022 10:52:13 GMT","","","","","1.1","","","","","","https://www.bowlerhat.co.uk/wp-content/uploads/2020/03/conversion.png","2026-07-30 14:25:37"
"https://www.bowlerhat.co.uk/wp-includes/js/imagesloaded.min.js?ver=5.0.0","application/javascript","200","OK","Indexable","","","0","0","","0","0","","0","0","","0","","0","","0","","0","","0","","","","","","","","","","0","0","0","0.000","","0","","","","","0.000","2","2","","0","0","0","0.000","0","0","0","0","0","0","","","","","","0.050","Mon, 11 Dec 2023 10:56:31 GMT","","","","","1.1","","","","","","https://www.bowlerhat.co.uk/wp-includes/js/imagesloaded.min.js?ver=5.0.0","2026-07-30 14:25:37"
"https://www.bowlerhat.co.uk/wp-content/uploads/2025/02/Web-1920-–-49.png","image/webp","200","OK","Indexable","","","0","0","","0","0","","0","0","","0","","0","","0","","0","","0","","","","","","","","","","39250","39250","39250","15.036","","0","","","","","0.000","2","4","","0","0","0","0.000","0","0","0","0","0","0","","","","","","0.034","Tue, 19 May 2026 13:40:35 GMT","","","","","1.1","","","","","","https://www.bowlerhat.co.uk/wp-content/uploads/2025/02/Web-1920-%E2%80%93-49.png","2026-07-30 14:25:37"
"https://www.bowlerhat.co.uk/wp-content/plugins/elementor-pro/assets/css/modules/sticky.min.css?ver=4.1.2","text/css","200","OK","Indexable","","","0","0","","0","0","","0","0","","0","","0","","0","","0","","0","","","","","","","","","","0","0","0","0.000","","0","","","","","0.000","2","6","","0","0","0","0.000","0","0","0","0","0","0","","","","","","0.050","Thu, 02 Jul 2026 08:47:44 GMT","","","","","1.1","","","","","","https://www.bowlerhat.co.uk/wp-content/plugins/elementor-pro/assets/css/modules/sticky.min.css?ver=4.1.2","2026-07-30 14:25:37"
"https://www.bowlerhat.co.uk/blog/","text/html; charset=UTF-8","200","OK","Indexable","","Digital Marketing Blog | Bowler Hat","35","309","Cutting-edge advice and guidance from our digital marketing experts across strategy, SEO, PPC, Web Design & Development, Social Media and Content Marketing.","156","996","","0","0","","0","","0","","0","Blog","4","","0","index, follow, max-image-preview:large, max-snippet:-1, max-video-preview:-1","","","https://www.bowlerhat.co.uk/blog/","https://www.bowlerhat.co.uk/blog/page/2/","","","","","126342","22464","22464","8.606","","463","78","5.936","92.822","Very Easy","3.061","2","1","","1380","672","0","99.700","96","43","0","8","4","0","","","","","5b045811264709375d89dc04f0848cb6","0.071","Thu, 30 Jul 2026 13:21:54 GMT","","","","en-US","1.1","","","","","","https://www.bowlerhat.co.uk/blog/","2026-07-30 14:25:37"
"https://www.bowlerhat.co.uk/wp-content/uploads/2020/09/google-partner-acc.png","image/webp","200","OK","Indexable","","","0","0","","0","0","","0","0","","0","","0","","0","","0","","0","","","","","","","","","","6122","6122","6122","2.345","","0","","","","","0.000","2","4","","0","0","0","0.000","0","0","0","0","0","0","","","","","","0.051","Mon, 25 Apr 2022 14:45:20 GMT","","","","","1.1","","","","","","https://www.bowlerhat.co.uk/wp-content/uploads/2020/09/google-partner-acc.png","2026-07-30 14:25:37"
"https://www.bowlerhat.co.uk/wp-content/uploads/2022/03/ELONEX_logo_black-text.png","image/webp","200","OK","Indexable","","","0","0","","0","0","","0","0","","0","","0","","0","","0","","0","","","","","","","","","","1896","1896","1896","0.726","","0","","","","","0.000","2","4","","0","0","0","0.000","0","0","0","0","0","0","","","","","","0.035","Mon, 25 Apr 2022 14:45:20 GMT","","","","","1.1","","","","","","https://www.bowlerhat.co.uk/wp-content/uploads/2022/03/ELONEX_logo_black-text.png","2026-07-30 14:25:38"
"https://www.bowlerhat.co.uk/contact-us/","text/html; charset=UTF-8","200","OK","Indexable","","Contact Us | Bowler Hat","23","211","112 Zellig, The Custard Factory, Digbeth, Birmingham. B9 4AT. 0121 314 2001. Get in touch & speak to one of our digital marketing experts today!","144","896","","0","0","","0","Get In Touch","12","","0","","0","","0","index, follow, max-image-preview:large, max-snippet:-1, max-video-preview:-1","","","https://www.bowlerhat.co.uk/contact-us/","","","","","","126081","22575","22575","8.648","","211","46","4.587","83.098","Easy","1.960","2","1","","1576","672","0","99.700","68","36","0","13","5","0","","","","","1957dee98afa3c615bcf7ad796491a39","0.083","Thu, 30 Jul 2026 13:21:55 GMT","","","","en-US","1.1","","","","","","https://www.bowlerhat.co.uk/contact-us/","2026-07-30 14:25:37"
"https://www.bowlerhat.co.uk/wp-content/plugins/elementor/assets/js/frontend.min.js?ver=4.1.4","application/javascript","200","OK","Indexable","","","0","0","","0","0","","0","0","","0","","0","","0","","0","","0","","","","","","","","","","0","0","0","0.000","","0","","","","","0.000","2","5","","0","0","0","0.000","0","0","0","0","0","0","","","","","","0.032","Thu, 02 Jul 2026 08:47:43 GMT","","","","","1.1","","","","","","https://www.bowlerhat.co.uk/wp-content/plugins/elementor/assets/js/frontend.min.js?ver=4.1.4","2026-07-30 14:25:38"
"https://www.bowlerhat.co.uk/what-is-ppc/","text/html; charset=UTF-8","200","OK","Indexable","","What Is PPC? A Brief Overview of Pay-Per-Click Marketing - Bowler Hat","69","629","PPC is a way of marketing on search engines. This post provides a brief overview of pay-per-click marketing so that you can understand how it works and start using PPC to benefit your business.","193","1198","","0","0","","0","What Is PPC? A Brief Overview of Pay-Per-Click Marketing","56","","0","What Is PPC?","12","How Does It Work?","17","index, follow, max-image-preview:large, max-snippet:-1, max-video-preview:-1","","","https://www.bowlerhat.co.uk/what-is-ppc/","","","","","","131991","26341","26341","10.091","","1084","148","7.324","77.418","Fairly Easy","5.739","2","1","","708","672","0","99.700","91","50","0","15","9","0","","","","","b3474da060c17bdf4a6ad6359bfdac85","0.152","","","","","en-US","1.1","","","","","","https://www.bowlerhat.co.uk/what-is-ppc/","2026-07-30 14:25:37"
"https://www.bowlerhat.co.uk/services/design/","text/html; charset=UTF-8","200","OK","Indexable","","Graphic Design Agency | Bowler Hat | Birmingham","47","442","BowlerHat creates high-quality, attractive, and engaging designs across a broad range of services from brand identity to packaging design.","138","857","","0","0","","0","Graphic Design","14","","0","Our Design Services","19","Branding","8","index, follow, max-image-preview:large, max-snippet:-1, max-video-preview:-1","","","https://www.bowlerhat.co.uk/services/design/","","","","","","160842","27148","27148","10.400","","696","115","6.052","73.549","Fairly Easy","3.376","2","2","","1347","672","0","99.700","82","40","0","9","5","0","","","","","37715010f7ee729487a9824b57356d99","0.033","Thu, 30 Jul 2026 13:21:55 GMT","","","","en-US","1.1","","","","","","https://www.bowlerhat.co.uk/services/design/","2026-07-30 14:25:38"
"https://www.bowlerhat.co.uk/about-us/","text/html; charset=UTF-8","200","OK","Indexable","","Why Choose Bowler Hat for your Digital Marketing?","49","452","At BowlerHat we help local and national businesses reach their objectives through strategy and expert knowledge. Digital Marketing - Simplified.","144","885","","0","0","","0","About Bowler Hat","16","","0","Less about us, it's all about you!","34","We know our stuff","17","index, follow, max-image-preview:large, max-snippet:-1, max-video-preview:-1","","","https://www.bowlerhat.co.uk/about-us/","","","","","","161699","27564","27564","10.559","","1254","186","6.742","75.791","Fairly Easy","5.313","2","1","","1347","672","0","99.700","69","35","0","14","10","0","","","","","d432bb99ad9ecf74f7a890d4ffb4a713","0.034","Thu, 30 Jul 2026 13:21:55 GMT","","","","en-US","1.1","","","","","","https://www.bowlerhat.co.uk/about-us/","2026-07-30 14:25:38"
"https://www.bowlerhat.co.uk/services/web-design/","text/html; charset=UTF-8","200","OK","Indexable","","Bowler Hat | Web Design Agency | Birmingham","43","413","High-performance web design for businesses. Includes SEO, mobile friendly & speed optimisation. No limits. From only £499.","122","765","","0","0","","0","Business Web Design","19","","0","All Business Websites Include","29","Web Design Done Right","21","index, follow, max-image-preview:large, max-snippet:-1, max-video-preview:-1","","","https://www.bowlerhat.co.uk/services/web-design/","","","","","","175180","28717","28717","11.001","","896","147","6.095","71.199","Fairly Easy","3.794","2","2","","1353","672","0","99.700","91","43","0","9","5","0","","","","","489b9fceb99e3bd75f50b927fee27ba8","0.048","Thu, 30 Jul 2026 13:21:55 GMT","","","","en-US","1.1","","","","","","https://www.bowlerhat.co.uk/services/web-design/","2026-07-30 14:25:38"
"https://www.bowlerhat.co.uk/wp-content/plugins/elementor/assets/css/widget-heading.min.css?ver=4.1.4","text/css","200","OK","Indexable","","","0","0","","0","0","","0","0","","0","","0","","0","","0","","0","","","","","","","","","","0","0","0","0.000","","0","","","","","0.000","2","5","","0","0","0","0.000","0","0","0","0","0","0","","","","","","0.016","Thu, 02 Jul 2026 08:47:43 GMT","","","","","1.1","","","","","","https://www.bowlerhat.co.uk/wp-content/plugins/elementor/assets/css/widget-heading.min.css?ver=4.1.4","2026-07-30 14:25:38"
"https://www.bowlerhat.co.uk/services/hosting/","text/html; charset=UTF-8","200","OK","Indexable","","Cutting-edge WP Engine Website Hosting | Birmingham, UK - Bowler Hat","68","641","WP Engine is specifically optimised for WordPress websites, and cuts down the load time of your website dramatically.","117","727","","0","0","","0","Premium WordPress Hosting","25","","0","Features","8","Hosting Packages","16","index, follow, max-image-preview:large, max-snippet:-1, max-video-preview:-1","","","https://www.bowlerhat.co.uk/services/hosting/","","","","","","169334","28127","28127","10.775","","945","174","5.431","67.037","Normal","4.210","2","2","","2693","672","0","99.700","82","39","0","10","6","0","","","","","ac2a1da4d5c57ca84dc4cf50f4ab8d70","0.044","Thu, 30 Jul 2026 13:21:55 GMT","","","","en-US","1.1","","","","","","https://www.bowlerhat.co.uk/services/hosting/","2026-07-30 14:25:38"
"https://www.bowlerhat.co.uk/wp-content/uploads/2020/09/Moz_logo-1-300x87.png","image/webp","200","OK","Indexable","","","0","0","","0","0","","0","0","","0","","0","","0","","0","","0","","","","","","","","","","3090","3090","3090","1.184","","0","","","","","0.000","2","4","","0","0","0","0.000","0","0","0","0","0","0","","","","","","1.051","Mon, 25 Apr 2022 14:45:20 GMT","","","","","1.1","","","","","","https://www.bowlerhat.co.uk/wp-content/uploads/2020/09/Moz_logo-1-300x87.png","2026-07-30 14:25:37"
"https://www.bowlerhat.co.uk/wp-content/plugins/elementor/assets/lib/font-awesome/js/v4-shims.min.js?ver=1.0","application/javascript","200","OK","Indexable","","","0","0","","0","0","","0","0","","0","","0","","0","","0","","0","","","","","","","","","","0","0","0","0.000","","0","","","","","0.000","2","7","","0","0","0","0.000","0","0","0","0","0","0","","","","","","0.040","Tue, 07 Apr 2026 09:44:02 GMT","","","","","1.1","","","","","","https://www.bowlerhat.co.uk/wp-content/plugins/elementor/assets/lib/font-awesome/js/v4-shims.min.js?ver=1.0","2026-07-30 14:25:38"
"https://www.bowlerhat.co.uk/wp-content/plugins/elementor-pro/assets/css/widget-posts.min.css?ver=4.1.2","text/css","200","OK","Indexable","","","0","0","","0","0","","0","0","","0","","0","","0","","0","","0","","","","","","","","","","0","0","0","0.000","","0","","","","","0.000","2","5","","0","0","0","0.000","0","0","0","0","0","0","","","","","","0.033","Thu, 02 Jul 2026 08:47:44 GMT","","","","","1.1","","","","","","https://www.bowlerhat.co.uk/wp-content/plugins/elementor-pro/assets/css/widget-posts.min.css?ver=4.1.2","2026-07-30 14:25:38"
"https://www.bowlerhat.co.uk/wp-content/uploads/elementor/css/post-14275.css?ver=1782982124","text/css","200","OK","Indexable","","","0","0","","0","0","","0","0","","0","","0","","0","","0","","0","","","","","","","","","","0","0","0","0.000","","0","","","","","0.000","2","4","","0","0","0","0.000","0","0","0","0","0","0","","","","","","0.049","Thu, 02 Jul 2026 08:48:44 GMT","","","","","1.1","","","","","","https://www.bowlerhat.co.uk/wp-content/uploads/elementor/css/post-14275.css?ver=1782982124","2026-07-30 14:25:38"
"https://www.bowlerhat.co.uk/services/analytics/","text/html; charset=UTF-8","200","OK","Indexable","","Bowler Hat | Analytics Agency | Birmingham","42","388","Analytics consultancy-led approach to help you develop a winning Marketing Strategy. Get in touch for a FREE Website & SEO Audit + Personalised SEO Battle Plan.","160","1005","","0","0","","0","Analytics","9","","0","Analytics Services","18","International Airport Case Study","32","index, follow, max-image-preview:large, max-snippet:-1, max-video-preview:-1","","","https://www.bowlerhat.co.uk/services/analytics/","","","","","","152660","25854","25854","9.904","","674","113","5.965","59.572","Fairly Hard","3.660","2","2","","1350","672","0","99.700","70","36","0","9","5","0","","","","","ad270b53dcfc56fcdd747ab79727bac9","0.042","Thu, 30 Jul 2026 13:21:55 GMT","","","","en-US","1.1","","","","","","https://www.bowlerhat.co.uk/services/analytics/","2026-07-30 14:25:38"
"https://www.bowlerhat.co.uk/wp-content/plugins/addon-elements-for-elementor-page-builder/assets/lib/vegas/vegas.min.css?ver=2.4.0","text/css","200","OK","Indexable","","","0","0","","0","0","","0","0","","0","","0","","0","","0","","0","","","","","","","","","","0","0","0","0.000","","0","","","","","0.000","2","6","","0","0","0","0.000","0","0","0","0","0","0","","","","","","0.022","Tue, 07 Apr 2026 09:43:55 GMT","","","","","1.1","","","","","","https://www.bowlerhat.co.uk/wp-content/plugins/addon-elements-for-elementor-page-builder/assets/lib/vegas/vegas.min.css?ver=2.4.0","2026-07-30 14:25:38"
"https://www.bowlerhat.co.uk/wp-content/uploads/elementor/css/post-14274.css?ver=1782982124","text/css","200","OK","Indexable","","","0","0","","0","0","","0","0","","0","","0","","0","","0","","0","","","","","","","","","","0","0","0","0.000","","0","","","","","0.000","2","4","","0","0","0","0.000","0","0","0","0","0","0","","","","","","0.051","Thu, 02 Jul 2026 08:48:44 GMT","","","","","1.1","","","","","","https://www.bowlerhat.co.uk/wp-content/uploads/elementor/css/post-14274.css?ver=1782982124","2026-07-30 14:25:38"
"https://www.bowlerhat.co.uk/wp-content/themes/hello-elementor/assets/css/header-footer.css?ver=3.4.9","text/css","200","OK","Indexable","","","0","0","","0","0","","0","0","","0","","0","","0","","0","","0","","","","","","","","","","0","0","0","0.000","","0","","","","","0.000","2","5","","0","0","0","0.000","0","0","0","0","0","0","","","","","","0.063","Mon, 08 Jun 2026 15:48:26 GMT","","","","","1.1","","","","","","https://www.bowlerhat.co.uk/wp-content/themes/hello-elementor/assets/css/header-footer.css?ver=3.4.9","2026-07-30 14:25:38"
"https://www.bowlerhat.co.uk/small-business-seo-tips/","text/html; charset=UTF-8","200","OK","Indexable","","Small Business SEO Tips - 30 Tips for SEO In 2022 | Bowler Hat","62","557","30 small business SEO Tips for small businesses covering keyword research, on-page, local, authority & more. By Marcus Miller of Bowler Hat.","140","869","","0","0","","0","Small Business SEO Tips","23","30 Small Business SEO Tips","26","Research & Preparation","22","Section 1 – SEO Basic Set-Up","28","index, follow, max-image-preview:large, max-snippet:-1, max-video-preview:-1","","","https://www.bowlerhat.co.uk/small-business-seo-tips/","","","","","","203756","44601","44601","17.086","","7883","1270","6.207","75.776","Fairly Easy","23.535","2","1","","779","672","0","99.700","128","48","0","35","29","0","","","","","965bd8a8ecd92bdc4d25e5579c8173a0","0.084","","","","","en-US","1.1","","","","","","https://www.bowlerhat.co.uk/small-business-seo-tips/","2026-07-30 14:25:38"
"https://www.bowlerhat.co.uk/marketing-audit/","text/html; charset=UTF-8","200","OK","Indexable","","Free Marketing Audit | Bowler Hat","33","300","Get in touch for a free audit and video consultation to review your digital marketing strategy & platforms.","107","645","","0","0","","0","Marketing Action Plan (MAP)","27","","0","","0","","0","index, follow, max-image-preview:large, max-snippet:-1, max-video-preview:-1","","","https://www.bowlerhat.co.uk/marketing-audit/","","","","","","121965","22213","22213","8.509","","219","46","4.761","81.863","Easy","2.066","2","1","","676","648","0","96.140","66","35","0","12","4","0","","","","","4351683fa4f77f1978399805a07bb0e8","0.087","Thu, 30 Jul 2026 13:21:55 GMT","","","","en-US","1.1","","","","","","https://www.bowlerhat.co.uk/marketing-audit/","2026-07-30 14:25:38"
"https://www.bowlerhat.co.uk/alchemy/","text/html; charset=UTF-8","200","OK","Non-Indexable","noindex","Why Choose Bowler Hat for your Digital Marketing?","49","452","At BowlerHat we help local and national businesses reach their objectives through strategy and expert knowledge. Digital Marketing - Simplified.","144","885","","0","0","","0","ALCHEMY","7","","0","The website planning framework that radically improves the results from your next website.","90","Most websites fail","18","noindex, follow","","","","","","","","","222434","46181","46181","17.691","","961","161","5.969","80.083","Easy","3.040","2","1","","1349","672","0","99.700","75","42","0","10","6","0","","","","","e93f90b05239dded4cff25f57b59c176","0.302","Thu, 30 Jul 2026 13:21:55 GMT","","","","en-US","1.1","","","","","","https://www.bowlerhat.co.uk/alchemy/","2026-07-30 14:25:38"
"https://www.bowlerhat.co.uk/seo-not-working/","text/html; charset=UTF-8","200","OK","Indexable","","SEO Not Working? Learn Why & How to Fix it! - Bowler Hat","56","512","There are many reasons why an SEO campaign can fail to work. We review common problems and how to put them right to generate organic traffic.","141","910","","0","0","","0","SEO Not Working? Learn Why & How To Fix It","42","","0","8 Responses","11","Leave a Reply Cancel reply","26","index, follow, max-image-preview:large, max-snippet:-1, max-video-preview:-1","","","https://www.bowlerhat.co.uk/seo-not-working/","","","","","","157953","33870","33870","12.975","","3945","557","7.083","81.721","Easy","14.849","2","1","","716","672","0","99.700","116","43","0","16","11","0","","","","","739bcbf70b9749d09d4b4d8561f9a165","0.050","","","","","en-US","1.1","","","","","","https://www.bowlerhat.co.uk/seo-not-working/","2026-07-30 14:25:38"
"https://www.bowlerhat.co.uk/wp-content/plugins/page-scroll-to-id/js/page-scroll-to-id.min.js?ver=1.7.9","application/javascript","200","OK","Indexable","","","0","0","","0","0","","0","0","","0","","0","","0","","0","","0","","","","","","","","","","0","0","0","0.000","","0","","","","","0.000","2","4","","0","0","0","0.000","0","0","0","0","0","0","","","","","","0.026","Mon, 19 Feb 2024 09:15:28 GMT","","","","","1.1","","","","","","https://www.bowlerhat.co.uk/wp-content/plugins/page-scroll-to-id/js/page-scroll-to-id.min.js?ver=1.7.9","2026-07-30 14:25:38"
"https://www.bowlerhat.co.uk/wp-content/uploads/elementor/css/post-167.css?ver=1782982123","text/css","200","OK","Indexable","","","0","0","","0","0","","0","0","","0","","0","","0","","0","","0","","","","","","","","","","0","0","0","0.000","","0","","","","","0.000","2","4","","0","0","0","0.000","0","0","0","0","0","0","","","","","","0.019","Thu, 02 Jul 2026 08:48:43 GMT","","","","","1.1","","","","","","https://www.bowlerhat.co.uk/wp-content/uploads/elementor/css/post-167.css?ver=1782982123","2026-07-30 14:25:38"
"https://www.bowlerhat.co.uk/wp-content/plugins/elementor/assets/css/conditionals/apple-webkit.min.css?ver=4.1.4","text/css","200","OK","Indexable","","","0","0","","0","0","","0","0","","0","","0","","0","","0","","0","","","","","","","","","","0","0","0","0.000","","0","","","","","0.000","2","6","","0","0","0","0.000","0","0","0","0","0","0","","","","","","0.001","Thu, 02 Jul 2026 08:47:43 GMT","","","","","1.1","","","","","","https://www.bowlerhat.co.uk/wp-content/plugins/elementor/assets/css/conditionals/apple-webkit.min.css?ver=4.1.4","2026-07-30 14:25:38"
"https://www.bowlerhat.co.uk/cdn-cgi/scripts/5c5dd728/cloudflare-static/email-decode.min.js","application/javascript","200","OK","Indexable","","","0","0","","0","0","","0","0","","0","","0","","0","","0","","0","","","","","","","","","","0","0","0","0.000","","0","","","","","0.000","2","4","","0","0","0","0.000","0","0","0","0","0","0","","","","","","0.033","","","","","","1.1","","","","","","https://www.bowlerhat.co.uk/cdn-cgi/scripts/5c5dd728/cloudflare-static/email-decode.min.js","2026-07-30 14:25:38"
"https://www.bowlerhat.co.uk/wp-content/uploads/2020/09/thedrum-logo-1-300x79.png","image/webp","200","OK","Indexable","","","0","0","","0","0","","0","0","","0","","0","","0","","0","","0","","","","","","","","","","3110","3110","3110","1.191","","0","","","","","0.000","2","4","","0","0","0","0.000","0","0","0","0","0","0","","","","","","0.033","Mon, 25 Apr 2022 14:45:20 GMT","","","","","1.1","","","","","","https://www.bowlerhat.co.uk/wp-content/uploads/2020/09/thedrum-logo-1-300x79.png","2026-07-30 14:25:38"
"https://www.bowlerhat.co.uk/wp-content/themes/hello-elementor/assets/css/theme.css?ver=3.4.9","text/css","200","OK","Indexable","","","0","0","","0","0","","0","0","","0","","0","","0","","0","","0","","","","","","","","","","0","0","0","0.000","","0","","","","","0.000","2","5","","0","0","0","0.000","0","0","0","0","0","0","","","","","","0.050","Mon, 08 Jun 2026 15:48:26 GMT","","","","","1.1","","","","","","https://www.bowlerhat.co.uk/wp-content/themes/hello-elementor/assets/css/theme.css?ver=3.4.9","2026-07-30 14:25:38"
"https://www.bowlerhat.co.uk/wp-content/plugins/contact-form-7/includes/css/styles.css?ver=6.1.6","text/css","200","OK","Indexable","","","0","0","","0","0","","0","0","","0","","0","","0","","0","","0","","","","","","","","","","0","0","0","0.000","","0","","","","","0.000","2","5","","0","0","0","0.000","0","0","0","0","0","0","","","","","","0.014","Thu, 02 Jul 2026 08:47:35 GMT","","","","","1.1","","","","","","https://www.bowlerhat.co.uk/wp-content/plugins/contact-form-7/includes/css/styles.css?ver=6.1.6","2026-07-30 14:25:38"
"https://www.bowlerhat.co.uk/are-standard-organic-results-losing-value/","text/html; charset=UTF-8","200","OK","Indexable","","Are Standard Organic Results Losing Value? - Bowler Hat","55","505","Are standard organic SEO search results losing value?","53","333","","0","0","","0","Are Standard Organic Results Losing Value?","42","","0","20 links later…","15","What does this mean for organic?","32","index, follow, max-image-preview:large, max-snippet:-1, max-video-preview:-1","","","https://www.bowlerhat.co.uk/are-standard-organic-results-losing-value/","","","","","","130380","25870","25870","9.910","","1091","154","7.084","85.423","Easy","5.569","2","1","","1362","672","0","99.700","74","37","0","8","4","0","","","","","ae82c3529d0d445084881293ce83b149","0.067","","","","","en-US","1.1","","","","","","https://www.bowlerhat.co.uk/are-standard-organic-results-losing-value/","2026-07-30 14:25:38"
"https://www.bowlerhat.co.uk/wp-includes/css/dashicons.min.css?ver=7.0.2","text/css","200","OK","Indexable","","","0","0","","0","0","","0","0","","0","","0","","0","","0","","0","","","","","","","","","","0","0","0","0.000","","0","","","","","0.000","2","2","","0","0","0","0.000","0","0","0","0","0","0","","","","","","0.013","Mon, 24 Nov 2025 18:47:30 GMT","","","","","1.1","","","","","","https://www.bowlerhat.co.uk/wp-includes/css/dashicons.min.css?ver=7.0.2","2026-07-30 14:25:38"
"https://www.bowlerhat.co.uk/wp-content/plugins/contact-form-7/modules/recaptcha/index.js?ver=6.1.6","application/javascript","200","OK","Indexable","","","0","0","","0","0","","0","0","","0","","0","","0","","0","","0","","","","","","","","","","0","0","0","0.000","","0","","","","","0.000","2","5","","0","0","0","0.000","0","0","0","0","0","0","","","","","","0.045","Thu, 02 Jul 2026 08:47:35 GMT","","","","","1.1","","","","","","https://www.bowlerhat.co.uk/wp-content/plugins/contact-form-7/modules/recaptcha/index.js?ver=6.1.6","2026-07-30 14:25:38"
"https://www.bowlerhat.co.uk/services/strategy/","text/html; charset=UTF-8","200","OK","Indexable","","Small Business Strategy Planning | Birmingham, UK - Bowler Hat","62","572","Drop the random marketing and develop a concise marketing plan for reliable business growth with our 3 step process.","116","731","","0","0","","0","Strategy & Planning","19","Or do you need a MAP showing the way?","37","Free Digital Marketing Plan","27","Digital Marketing Planning","26","index, follow, max-image-preview:large, max-snippet:-1, max-video-preview:-1","","","https://www.bowlerhat.co.uk/services/strategy/","","","","","","177809","31056","31056","11.897","","703","122","5.762","79.080","Fairly Easy","3.010","2","2","","1354","672","0","99.700","81","37","0","9","5","0","","","","","3e859faa1cc76be355134d8b83c6f784","0.290","Thu, 30 Jul 2026 13:21:55 GMT","","","","en-US","1.1","","","","","","https://www.bowlerhat.co.uk/services/strategy/","2026-07-30 14:25:38"
"https://www.bowlerhat.co.uk/services/ppc/","text/html; charset=UTF-8","200","OK","Indexable","","Bowler Hat | Google Ads - PPC Agency | Birmingham","49","464","Work with a PPC Consultant with over 20 years of Google Ads Experience covering PPC Consulting, PPC Strategy, PPC Management & Optimisation.","140","914","","0","0","","0","Google Ads PPC Consulting","25","","0","PPC - Pay Per Click","19","Google Ads PPC Strategy Guide","29","index, follow, max-image-preview:large, max-snippet:-1, max-video-preview:-1","","","https://www.bowlerhat.co.uk/services/ppc/","","","","","","153862","26723","26723","10.237","","651","116","5.612","81.191","Easy","3.294","2","2","","1376","672","0","99.700","78","37","0","9","5","0","","","","","2f6e3dca6138a4e870c1bb01a3774804","0.127","Thu, 30 Jul 2026 13:21:55 GMT","","","","en-US","1.1","","","","","","https://www.bowlerhat.co.uk/services/ppc/","2026-07-30 14:25:38"
"https://www.bowlerhat.co.uk/wp-content/plugins/elementor/assets/css/widget-image.min.css?ver=4.1.4","text/css","200","OK","Indexable","","","0","0","","0","0","","0","0","","0","","0","","0","","0","","0","","","","","","","","","","0","0","0","0.000","","0","","","","","0.000","2","5","","0","0","0","0.000","0","0","0","0","0","0","","","","","","0.035","Thu, 02 Jul 2026 08:47:43 GMT","","","","","1.1","","","","","","https://www.bowlerhat.co.uk/wp-content/plugins/elementor/assets/css/widget-image.min.css?ver=4.1.4","2026-07-30 14:25:38"
"https://www.bowlerhat.co.uk/wp-content/uploads/2020/09/SearchEngineLand_logo-1-300x63.png","image/webp","200","OK","Indexable","","","0","0","","0","0","","0","0","","0","","0","","0","","0","","0","","","","","","","","","","4762","4762","4762","1.824","","0","","","","","0.000","2","4","","0","0","0","0.000","0","0","0","0","0","0","","","","","","0.050","Mon, 25 Apr 2022 14:45:20 GMT","","","","","1.1","","","","","","https://www.bowlerhat.co.uk/wp-content/uploads/2020/09/SearchEngineLand_logo-1-300x63.png","2026-07-30 14:25:38"
"https://www.bowlerhat.co.uk/wp-content/uploads/2020/03/bullhorn.png","image/webp","200","OK","Indexable","","","0","0","","0","0","","0","0","","0","","0","","0","","0","","0","","","","","","","","","","10314","10314","10314","3.951","","0","","","","","0.000","2","4","","0","0","0","0.000","0","0","0","0","0","0","","","","","","0.034","Fri, 08 Jul 2022 10:51:07 GMT","","","","","1.1","","","","","","https://www.bowlerhat.co.uk/wp-content/uploads/2020/03/bullhorn.png","2026-07-30 14:25:38"
"https://www.bowlerhat.co.uk/privacy-policy/","text/html; charset=UTF-8","200","OK","Indexable","","Privacy Policy - Bowler Hat","27","237","","0","0","","0","0","","0","","0","","0","Privacy Policy","14","","0","index, follow, max-image-preview:large, max-snippet:-1, max-video-preview:-1","","","https://www.bowlerhat.co.uk/privacy-policy/","","","","","","112402","23182","23182","8.881","","1272","211","6.028","67.431","Normal","7.982","2","1","","729","673","0","99.850","68","35","0","14","9","0","","","","","5e5c73ef7591ea8beb841ef10e44b4f5","0.045","Thu, 30 Jul 2026 13:21:55 GMT","","","","en-US","1.1","","","","","","https://www.bowlerhat.co.uk/privacy-policy/","2026-07-30 14:25:38"
"https://www.bowlerhat.co.uk/wp-content/uploads/2025/03/are-standard-organic-results-losing-value.png","image/webp","200","OK","Indexable","","","0","0","","0","0","","0","0","","0","","0","","0","","0","","0","","","","","","","","","","12690","12690","12690","4.861","","0","","","","","0.000","2","4","","0","0","0","0.000","0","0","0","0","0","0","","","","","","0.040","Fri, 28 Mar 2025 12:39:12 GMT","","","","","1.1","","","","","","https://www.bowlerhat.co.uk/wp-content/uploads/2025/03/are-standard-organic-results-losing-value.png","2026-07-30 14:25:38"
"https://www.bowlerhat.co.uk/wp-content/themes/hello-elementor/assets/css/reset.css?ver=3.4.9","text/css","200","OK","Indexable","","","0","0","","0","0","","0","0","","0","","0","","0","","0","","0","","","","","","","","","","0","0","0","0.000","","0","","","","","0.000","2","5","","0","0","0","0.000","0","0","0","0","0","0","","","","","","0.033","Mon, 08 Jun 2026 15:48:26 GMT","","","","","1.1","","","","","","https://www.bowlerhat.co.uk/wp-content/themes/hello-elementor/assets/css/reset.css?ver=3.4.9","2026-07-30 14:25:38"
"https://www.bowlerhat.co.uk/wp-includes/js/dist/i18n.min.js?ver=781d11515ad3d91786ec","application/javascript","200","OK","Indexable","","","0","0","","0","0","","0","0","","0","","0","","0","","0","","0","","","","","","","","","","0","0","0","0.000","","0","","","","","0.000","2","3","","0","0","0","0.000","0","0","0","0","0","0","","","","","","0.033","Mon, 08 Jun 2026 15:47:42 GMT","","","","","1.1","","","","","","https://www.bowlerhat.co.uk/wp-includes/js/dist/i18n.min.js?ver=781d11515ad3d91786ec","2026-07-30 14:25:38"
"https://www.bowlerhat.co.uk/wp-content/plugins/elementor/assets/css/frontend.min.css?ver=4.1.4","text/css","200","OK","Indexable","","","0","0","","0","0","","0","0","","0","","0","","0","","0","","0","","","","","","","","","","0","0","0","0.000","","0","","","","","0.000","2","5","","0","0","0","0.000","0","0","0","0","0","0","","","","","","0.036","Thu, 02 Jul 2026 08:47:43 GMT","","","","","1.1","","","","","","https://www.bowlerhat.co.uk/wp-content/plugins/elementor/assets/css/frontend.min.css?ver=4.1.4","2026-07-30 14:25:38"
"https://www.bowlerhat.co.uk/wp-content/uploads/2020/03/adwords.png","image/png","200","OK","Indexable","","","0","0","","0","0","","0","0","","0","","0","","0","","0","","0","","","","","","","","","","17793","17793","17793","6.816","","0","","","","","0.000","2","4","","0","0","0","0.000","0","0","0","0","0","0","","","","","","0.035","Fri, 08 Jul 2022 10:47:01 GMT","","","","","1.1","","","","","","https://www.bowlerhat.co.uk/wp-content/uploads/2020/03/adwords.png","2026-07-30 14:25:38"
"https://www.bowlerhat.co.uk/seo-tips-beginners/","text/html; charset=UTF-8","200","OK","Indexable","","SEO Tips for Beginners - 5 Easy Wins for 2022 - Bowler Hat","58","519","Five beginners SEO tips you can use in 2020 to optimise your site, improve ranking and drive more traffic from Google. By Marcus Miller of Bowler Hat.","150","921","","0","0","","0","SEO Tips for Beginners – 5 Easy Wins for 2022","45","","0","1. Research & Use Relevant Keywords","35","2. Optimise Page Titles & Meta Descriptions","43","index, follow, max-image-preview:large, max-snippet:-1, max-video-preview:-1","","","https://www.bowlerhat.co.uk/seo-tips-beginners/","","","","","","143885","30688","30688","11.756","","3206","424","7.561","78.936","Fairly Easy","13.478","2","1","","726","672","0","99.700","95","49","0","16","11","0","","","","","f5323d4b7dcccc7c6eed6017bbed3a08","0.066","","","","","en-US","1.1","","","","","","https://www.bowlerhat.co.uk/seo-tips-beginners/","2026-07-30 14:25:38"
"https://www.bowlerhat.co.uk/wp-content/uploads/2020/03/seo-1.png","image/webp","200","OK","Indexable","","","0","0","","0","0","","0","0","","0","","0","","0","","0","","0","","","","","","","","","","10684","10684","10684","4.093","","0","","","","","0.000","2","4","","0","0","0","0.000","0","0","0","0","0","0","","","","","","0.016","Fri, 08 Jul 2022 10:47:51 GMT","","","","","1.1","","","","","","https://www.bowlerhat.co.uk/wp-content/uploads/2020/03/seo-1.png","2026-07-30 14:25:39"
"https://www.bowlerhat.co.uk/services/wcag-compliance-services/","text/html; charset=UTF-8","200","OK","Indexable","","Bowler Hat | WCAG Agency | Birmingham","37","365","WCAG Compliance Consultancy to help you create an accessible and compliant website. Get in touch to make your site meet WCAG standards.","135","878","","0","0","","0","WCAG Compliance Services","24","","0","WCAG Services","13","Contact Us","10","index, follow, max-image-preview:large, max-snippet:-1, max-video-preview:-1","","","https://www.bowlerhat.co.uk/services/wcag-compliance-services/","","","","","","141840","24697","24697","9.461","","577","96","6.010","50.888","Fairly Hard","3.584","2","2","","1347","672","0","99.700","69","35","0","9","5","0","","","","","d27b67673aff08c8492218ad2ba47ac7","0.055","Thu, 30 Jul 2026 13:21:55 GMT","","","","en-US","1.1","","","","","","https://www.bowlerhat.co.uk/services/wcag-compliance-services/","2026-07-30 14:25:38"
"https://www.bowlerhat.co.uk/wp-content/plugins/olark-live-chat/public/js/olark-wp-public.js?ver=1.0.0","application/javascript","200","OK","Indexable","","","0","0","","0","0","","0","0","","0","","0","","0","","0","","0","","","","","","","","","","0","0","0","0.000","","0","","","","","0.000","2","5","","0","0","0","0.000","0","0","0","0","0","0","","","","","","0.031","Wed, 08 Oct 2025 12:40:40 GMT","","","","","1.1","","","","","","https://www.bowlerhat.co.uk/wp-content/plugins/olark-live-chat/public/js/olark-wp-public.js?ver=1.0.0","2026-07-30 14:25:39"
"https://www.bowlerhat.co.uk/cdn-cgi/l/email-protection","text/html","404","Not Found","Non-Indexable","Client Error","","0","0","","0","0","","0","0","","0","","0","","0","","0","","0","","","","","","","","","","0","0","0","0.000","","0","","","","","0.000","2","2","","1419","673","0","99.850","0","0","0","0","0","0","","","","","","0.049","","","","","","1.1","","","","","","https://www.bowlerhat.co.uk/cdn-cgi/l/email-protection","2026-07-30 14:25:39"
"https://www.bowlerhat.co.uk/optimising-for-google-in-the-age-of-ai-a-laymans-guide/","text/html; charset=UTF-8","200","OK","Indexable","","Optimising for Google in the age of AI - A Layman's Guide - Bowler Hat","70","623","","0","0","","0","0","","0","Optimising for Google in the age of AI – A Layman’s Guide","57","","0","AI and Google – The Modern Search Landscape","43","SEO or GEO?","11","index, follow, max-image-preview:large, max-snippet:-1, max-video-preview:-1","","","https://www.bowlerhat.co.uk/optimising-for-google-in-the-age-of-ai-a-laymans-guide/","","","","","","130023","26429","26429","10.124","","1273","180","7.072","80.233","Easy","6.513","2","1","","1361","672","0","99.700","72","37","0","8","4","0","","","","","aefae4d4606d06dce2d673b75548aca7","0.068","","","","","en-US","1.1","","","","","","https://www.bowlerhat.co.uk/optimising-for-google-in-the-age-of-ai-a-laymans-guide/","2026-07-30 14:25:38"
"https://www.bowlerhat.co.uk/wp-content/uploads/2022/03/larks-amp.png","image/webp","200","OK","Indexable","","","0","0","","0","0","","0","0","","0","","0","","0","","0","","0","","","","","","","","","","2644","2644","2644","1.013","","0","","","","","0.000","2","4","","0","0","0","0.000","0","0","0","0","0","0","","","","","","0.049","Mon, 25 Apr 2022 14:45:20 GMT","","","","","1.1","","","","","","https://www.bowlerhat.co.uk/wp-content/uploads/2022/03/larks-amp.png","2026-07-30 14:25:39"
"https://www.bowlerhat.co.uk/wp-content/uploads/2022/03/BlackAsset-1.png","image/webp","200","OK","Indexable","","","0","0","","0","0","","0","0","","0","","0","","0","","0","","0","","","","","","","","","","2298","2298","2298","0.880","","0","","","","","0.000","2","4","","0","0","0","0.000","0","0","0","0","0","0","","","","","","0.049","Mon, 25 Apr 2022 14:45:20 GMT","","","","","1.1","","","","","","https://www.bowlerhat.co.uk/wp-content/uploads/2022/03/BlackAsset-1.png","2026-07-30 14:25:39"
"https://www.bowlerhat.co.uk/wp-content/plugins/elementor-pro/assets/css/widget-nav-menu.min.css?ver=4.1.2","text/css","200","OK","Indexable","","","0","0","","0","0","","0","0","","0","","0","","0","","0","","0","","","","","","","","","","0","0","0","0.000","","0","","","","","0.000","2","5","","0","0","0","0.000","0","0","0","0","0","0","","","","","","0.036","Thu, 02 Jul 2026 08:47:44 GMT","","","","","1.1","","","","","","https://www.bowlerhat.co.uk/wp-content/plugins/elementor-pro/assets/css/widget-nav-menu.min.css?ver=4.1.2","2026-07-30 14:25:39"
"https://www.bowlerhat.co.uk/services/gdpr-compliance-services/","text/html; charset=UTF-8","200","OK","Indexable","","Bowler Hat | GDPR Agency | Birmingham","37","359","GDPR-compliant services-led approach to help you make sure your website is GDPR compliant. Get in touch for a FREE GDPR Compliance Audit.","137","885","","0","0","","0","GDPR Compliance Services","24","","0","GDPR Services","13","Contact Us","10","index, follow, max-image-preview:large, max-snippet:-1, max-video-preview:-1","","","https://www.bowlerhat.co.uk/services/gdpr-compliance-services/","","","","","","141651","24642","24642","9.440","","562","95","5.916","60.985","Normal","3.449","2","2","","1347","672","0","99.700","69","35","0","9","5","0","","","","","ceebfa63137d3c3f53c978952b42bdba","0.066","Thu, 30 Jul 2026 13:21:56 GMT","","","","en-US","1.1","","","","","","https://www.bowlerhat.co.uk/services/gdpr-compliance-services/","2026-07-30 14:25:39"
"https://www.bowlerhat.co.uk/wp-content/plugins/elementor/assets/lib/swiper/v8/swiper.min.js?ver=8.4.5","application/javascript","200","OK","Indexable","","","0","0","","0","0","","0","0","","0","","0","","0","","0","","0","","","","","","","","","","0","0","0","0.000","","0","","","","","0.000","2","7","","0","0","0","0.000","0","0","0","0","0","0","","","","","","0.045","Thu, 02 Jul 2026 08:47:43 GMT","","","","","1.1","","","","","","https://www.bowlerhat.co.uk/wp-content/plugins/elementor/assets/lib/swiper/v8/swiper.min.js?ver=8.4.5","2026-07-30 14:25:39"
"https://www.bowlerhat.co.uk/wp-content/plugins/elementor/assets/css/widget-icon-list.min.css?ver=4.1.4","text/css","200","OK","Indexable","","","0","0","","0","0","","0","0","","0","","0","","0","","0","","0","","","","","","","","","","0","0","0","0.000","","0","","","","","0.000","2","5","","0","0","0","0.000","0","0","0","0","0","0","","","","","","0.048","Thu, 02 Jul 2026 08:47:43 GMT","","","","","1.1","","","","","","https://www.bowlerhat.co.uk/wp-content/plugins/elementor/assets/css/widget-icon-list.min.css?ver=4.1.4","2026-07-30 14:25:39"
"https://www.bowlerhat.co.uk/wp-content/plugins/addon-elements-for-elementor-page-builder/assets/lib/magnific.min.js?ver=1.1.0","application/javascript","200","OK","Indexable","","","0","0","","0","0","","0","0","","0","","0","","0","","0","","0","","","","","","","","","","0","0","0","0.000","","0","","","","","0.000","2","5","","0","0","0","0.000","0","0","0","0","0","0","","","","","","0.016","Tue, 07 Apr 2026 09:43:55 GMT","","","","","1.1","","","","","","https://www.bowlerhat.co.uk/wp-content/plugins/addon-elements-for-elementor-page-builder/assets/lib/magnific.min.js?ver=1.1.0","2026-07-30 14:25:39"
"https://www.bowlerhat.co.uk/wp-content/plugins/elementor/assets/css/widget-divider.min.css?ver=4.1.4","text/css","200","OK","Indexable","","","0","0","","0","0","","0","0","","0","","0","","0","","0","","0","","","","","","","","","","0","0","0","0.000","","0","","","","","0.000","2","5","","0","0","0","0.000","0","0","0","0","0","0","","","","","","0.033","Thu, 02 Jul 2026 08:47:43 GMT","","","","","1.1","","","","","","https://www.bowlerhat.co.uk/wp-content/plugins/elementor/assets/css/widget-divider.min.css?ver=4.1.4","2026-07-30 14:25:39"
"https://www.bowlerhat.co.uk/wp-content/uploads/2022/03/marcus-03-optimised-e1646837381742.jpg","image/jpeg","200","OK","Indexable","","","0","0","","0","0","","0","0","","0","","0","","0","","0","","0","","","","","","","","","","20697","20697","20697","7.929","","0","","","","","0.000","2","4","","0","0","0","0.000","0","0","0","0","0","0","","","","","","0.033","Mon, 25 Apr 2022 14:45:20 GMT","","","","","1.1","","","","","","https://www.bowlerhat.co.uk/wp-content/uploads/2022/03/marcus-03-optimised-e1646837381742.jpg","2026-07-30 14:25:39"
"https://www.bowlerhat.co.uk/wp-content/uploads/2020/09/squared-online-acc.png","image/webp","200","OK","Indexable","","","0","0","","0","0","","0","0","","0","","0","","0","","0","","0","","","","","","","","","","8714","8714","8714","3.338","","0","","","","","0.000","2","4","","0","0","0","0.000","0","0","0","0","0","0","","","","","","0.032","Mon, 25 Apr 2022 14:45:20 GMT","","","","","1.1","","","","","","https://www.bowlerhat.co.uk/wp-content/uploads/2020/09/squared-online-acc.png","2026-07-30 14:25:39"
"https://www.bowlerhat.co.uk/seo-packages-choose-wisely/","text/html; charset=UTF-8","200","OK","Indexable","","SEO Packages - A Buyers Guide - Bowler Hat","42","394","Learn how to select the best possible SEO package for your business and tap into the high return world of organic search. By Marcus Miller of Bowler Hat.","153","945","","0","0","","0","SEO Packages – A Buyers Guide","29","","0","Leave a Reply Cancel reply","26","","0","index, follow, max-image-preview:large, max-snippet:-1, max-video-preview:-1","","","https://www.bowlerhat.co.uk/seo-packages-choose-wisely/","","","","","","143061","29854","29854","11.437","","2628","370","7.103","78.488","Fairly Easy","11.292","2","1","","707","672","0","99.700","102","50","0","23","16","0","","","","","61401bf4be08ee844366cb6fbe9671b3","0.097","","","","","en-US","1.1","","","","","","https://www.bowlerhat.co.uk/seo-packages-choose-wisely/","2026-07-30 14:25:39"
"https://www.bowlerhat.co.uk/wp-content/plugins/olark-live-chat/public/css/olark-wp-public.css?ver=1.0.0","text/css","200","OK","Indexable","","","0","0","","0","0","","0","0","","0","","0","","0","","0","","0","","","","","","","","","","0","0","0","0.000","","0","","","","","0.000","2","5","","0","0","0","0.000","0","0","0","0","0","0","","","","","","0.040","Wed, 08 Oct 2025 12:40:40 GMT","","","","","1.1","","","","","","https://www.bowlerhat.co.uk/wp-content/plugins/olark-live-chat/public/css/olark-wp-public.css?ver=1.0.0","2026-07-30 14:25:39"
"https://www.bowlerhat.co.uk/wp-content/plugins/post-views-counter/css/frontend.css?ver=1.7.13","text/css","200","OK","Indexable","","","0","0","","0","0","","0","0","","0","","0","","0","","0","","0","","","","","","","","","","0","0","0","0.000","","0","","","","","0.000","2","4","","0","0","0","0.000","0","0","0","0","0","0","","","","","","0.050","Thu, 02 Jul 2026 08:47:52 GMT","","","","","1.1","","","","","","https://www.bowlerhat.co.uk/wp-content/plugins/post-views-counter/css/frontend.css?ver=1.7.13","2026-07-30 14:25:39"
"https://www.bowlerhat.co.uk/wp-content/plugins/addon-elements-for-elementor-page-builder/assets/js/particles.min.js?ver=2.0.0","application/javascript","200","OK","Indexable","","","0","0","","0","0","","0","0","","0","","0","","0","","0","","0","","","","","","","","","","0","0","0","0.000","","0","","","","","0.000","2","5","","0","0","0","0.000","0","0","0","0","0","0","","","","","","0.018","Wed, 08 Oct 2025 12:40:32 GMT","","","","","1.1","","","","","","https://www.bowlerhat.co.uk/wp-content/plugins/addon-elements-for-elementor-page-builder/assets/js/particles.min.js?ver=2.0.0","2026-07-30 14:25:39"
"https://www.bowlerhat.co.uk/ai-search-how-will-seo-change-in-2025/","text/html; charset=UTF-8","200","OK","Indexable","","AI Search - How will SEO change in 2025? - Bowler Hat","53","481","The team at Bowler Hat have written their predictions for how AI might change SEO in 2025. If you have any questions, get in touch.","131","810","","0","0","","0","AI Search – How will SEO change in 2025?","40","","0","AI Google Search – Where we are now","35","How will AI impact SEO?","23","index, follow, max-image-preview:large, max-snippet:-1, max-video-preview:-1","","","https://www.bowlerhat.co.uk/ai-search-how-will-seo-change-in-2025/","","","","","","131632","26412","26412","10.118","","1283","167","7.683","80.215","Easy","6.513","2","1","","1368","672","0","99.700","74","38","0","10","6","0","","","","","a2e6c8e0dd734bca4568257dd8d43fc2","0.076","","","","","en-US","1.1","","","","","","https://www.bowlerhat.co.uk/ai-search-how-will-seo-change-in-2025/","2026-07-30 14:25:39"
"https://www.bowlerhat.co.uk/wp-content/plugins/elementor/assets/lib/font-awesome/css/regular.min.css?ver=5.15.3","text/css","200","OK","Indexable","","","0","0","","0","0","","0","0","","0","","0","","0","","0","","0","","","","","","","","","","0","0","0","0.000","","0","","","","","0.000","2","7","","0","0","0","0.000","0","0","0","0","0","0","","","","","","0.034","Thu, 02 Jul 2026 08:47:43 GMT","","","","","1.1","","","","","","https://www.bowlerhat.co.uk/wp-content/plugins/elementor/assets/lib/font-awesome/css/regular.min.css?ver=5.15.3","2026-07-30 14:25:39"
"https://www.bowlerhat.co.uk/wp-content/plugins/elementor-pro/assets/js/elements-handlers.min.js?ver=4.1.2","application/javascript","200","OK","Indexable","","","0","0","","0","0","","0","0","","0","","0","","0","","0","","0","","","","","","","","","","0","0","0","0.000","","0","","","","","0.000","2","5","","0","0","0","0.000","0","0","0","0","0","0","","","","","","0.035","Thu, 02 Jul 2026 08:47:44 GMT","","","","","1.1","","","","","","https://www.bowlerhat.co.uk/wp-content/plugins/elementor-pro/assets/js/elements-handlers.min.js?ver=4.1.2","2026-07-30 14:25:39"
"https://www.bowlerhat.co.uk/wp-content/uploads/2020/03/data.png","image/webp","200","OK","Indexable","","","0","0","","0","0","","0","0","","0","","0","","0","","0","","0","","","","","","","","","","7744","7744","7744","2.967","","0","","","","","0.000","2","4","","0","0","0","0.000","0","0","0","0","0","0","","","","","","0.038","Fri, 08 Jul 2022 10:48:50 GMT","","","","","1.1","","","","","","https://www.bowlerhat.co.uk/wp-content/uploads/2020/03/data.png","2026-07-30 14:25:39"
"https://www.bowlerhat.co.uk/wp-content/uploads/2020/03/writer.png","image/webp","200","OK","Indexable","","","0","0","","0","0","","0","0","","0","","0","","0","","0","","0","","","","","","","","","","3362","3362","3362","1.288","","0","","","","","0.000","2","4","","0","0","0","0.000","0","0","0","0","0","0","","","","","","0.033","Fri, 08 Jul 2022 10:50:58 GMT","","","","","1.1","","","","","","https://www.bowlerhat.co.uk/wp-content/uploads/2020/03/writer.png","2026-07-30 14:25:39"
"https://www.bowlerhat.co.uk/wp-content/plugins/widget-google-reviews/assets/6.9.7/js/public-main.js","application/javascript","200","OK","Indexable","","","0","0","","0","0","","0","0","","0","","0","","0","","0","","0","","","","","","","","","","0","0","0","0.000","","0","","","","","0.000","2","6","","0","0","0","0.000","0","0","0","0","0","0","","","","","","0.045","Thu, 02 Jul 2026 08:47:54 GMT","","","","","1.1","","","","","","https://www.bowlerhat.co.uk/wp-content/plugins/widget-google-reviews/assets/6.9.7/js/public-main.js","2026-07-30 14:25:39"
"https://www.bowlerhat.co.uk/wp-includes/js/jquery/jquery.min.js?ver=3.7.1","application/javascript","200","OK","Indexable","","","0","0","","0","0","","0","0","","0","","0","","0","","0","","0","","","","","","","","","","0","0","0","0.000","","0","","","","","0.000","2","3","","0","0","0","0.000","0","0","0","0","0","0","","","","","","0.049","Mon, 11 Dec 2023 10:56:31 GMT","","","","","1.1","","","","","","https://www.bowlerhat.co.uk/wp-includes/js/jquery/jquery.min.js?ver=3.7.1","2026-07-30 14:25:39"
"https://www.bowlerhat.co.uk/wp-content/plugins/addon-elements-for-elementor-page-builder/assets/js/animated-main.min.js?ver=1.0","application/javascript","200","OK","Indexable","","","0","0","","0","0","","0","0","","0","","0","","0","","0","","0","","","","","","","","","","0","0","0","0.000","","0","","","","","0.000","2","5","","0","0","0","0.000","0","0","0","0","0","0","","","","","","0.057","Tue, 07 Apr 2026 09:43:55 GMT","","","","","1.1","","","","","","https://www.bowlerhat.co.uk/wp-content/plugins/addon-elements-for-elementor-page-builder/assets/js/animated-main.min.js?ver=1.0","2026-07-30 14:25:39"
"https://www.bowlerhat.co.uk/wp-content/plugins/addon-elements-for-elementor-page-builder/assets/css/eae.min.css?ver=1.14.5","text/css","200","OK","Indexable","","","0","0","","0","0","","0","0","","0","","0","","0","","0","","0","","","","","","","","","","0","0","0","0.000","","0","","","","","0.000","2","5","","0","0","0","0.000","0","0","0","0","0","0","","","","","","0.044","Tue, 07 Apr 2026 09:43:55 GMT","","","","","1.1","","","","","","https://www.bowlerhat.co.uk/wp-content/plugins/addon-elements-for-elementor-page-builder/assets/css/eae.min.css?ver=1.14.5","2026-07-30 14:25:39"
"https://www.bowlerhat.co.uk/wp-content/uploads/2020/09/bbc-makeitidigital-transparent-1-300x218.png","image/webp","200","OK","Indexable","","","0","0","","0","0","","0","0","","0","","0","","0","","0","","0","","","","","","","","","","24584","24584","24584","9.418","","0","","","","","0.000","2","4","","0","0","0","0.000","0","0","0","0","0","0","","","","","","0.024","Mon, 25 Apr 2022 14:45:20 GMT","","","","","1.1","","","","","","https://www.bowlerhat.co.uk/wp-content/uploads/2020/09/bbc-makeitidigital-transparent-1-300x218.png","2026-07-30 14:25:39"
"https://www.bowlerhat.co.uk/wp-content/uploads/2020/09/bing-ads-acc.png","image/webp","200","OK","Indexable","","","0","0","","0","0","","0","0","","0","","0","","0","","0","","0","","","","","","","","","","11432","11432","11432","4.379","","0","","","","","0.000","2","4","","0","0","0","0.000","0","0","0","0","0","0","","","","","","0.034","Mon, 25 Apr 2022 14:45:20 GMT","","","","","1.1","","","","","","https://www.bowlerhat.co.uk/wp-content/uploads/2020/09/bing-ads-acc.png","2026-07-30 14:25:39"
"https://www.bowlerhat.co.uk/wp-content/plugins/elementor/assets/lib/animations/styles/fadeIn.min.css?ver=4.1.4","text/css","200","OK","Indexable","","","0","0","","0","0","","0","0","","0","","0","","0","","0","","0","","","","","","","","","","0","0","0","0.000","","0","","","","","0.000","2","7","","0","0","0","0.000","0","0","0","0","0","0","","","","","","0.002","Thu, 02 Jul 2026 08:47:43 GMT","","","","","1.1","","","","","","https://www.bowlerhat.co.uk/wp-content/plugins/elementor/assets/lib/animations/styles/fadeIn.min.css?ver=4.1.4","2026-07-30 14:25:39"
"https://www.bowlerhat.co.uk/ppc-strategy-guide/","text/html; charset=UTF-8","200","OK","Indexable","","Google Ads PPC Strategy Guide - Bowler Hat","42","397","In this guide, we outline how to create a clear Google Ads PPC strategy to maximise your results. By Marcus Miller of Bowler Hat.","129","790","Google Ads PPC is highly competitive. Storm in there with your guns blazing and your campaigns may well flounder. In this guide, we outline how to create a clear PPC strategy to guide you on the path to PPC success.","215","1332","","0","Google Ads PPC Strategy Guide","29","","0","1. Half of your marketing is working","36","2. How to Develop a Successful PPC Marketing Model","50","index, follow, max-image-preview:large, max-snippet:-1, max-video-preview:-1","","","https://www.bowlerhat.co.uk/ppc-strategy-guide/","","","","","","151843","33473","33473","12.823","","4190","581","7.212","73.564","Fairly Easy","17.142","2","1","","703","672","0","99.700","90","40","0","8","4","0","","","","","bf59c1a438adf8d129721403700518fa","0.073","","","","","en-US","1.1","","","","","","https://www.bowlerhat.co.uk/ppc-strategy-guide/","2026-07-30 14:25:39"
"https://www.bowlerhat.co.uk/services/social-media-advertising/","text/html; charset=UTF-8","200","OK","Indexable","","Social Media Marketing Agency | Birmingham, UK - Bowler Hat","59","552","Bowler Hat provide a range of strategic social media services including audits, strategy, content creation, advertising & management of the key platforms.","154","946","","0","0","","0","Social Media Advertising","24","","0","Paid Social Advertising","23","Social Help and Advice","22","index, follow, max-image-preview:large, max-snippet:-1, max-video-preview:-1","","","https://www.bowlerhat.co.uk/services/social-media-advertising/","","","","","","143136","24675","24675","9.453","","459","87","5.276","72.460","Fairly Easy","2.776","2","2","","1349","672","0","99.700","78","38","0","9","5","0","","","","","8b4f9bda826b19382438dcd6b2baa775","0.067","Thu, 30 Jul 2026 13:21:56 GMT","","","","en-US","1.1","","","","","","https://www.bowlerhat.co.uk/services/social-media-advertising/","2026-07-30 14:25:39"
"https://www.bowlerhat.co.uk/wp-content/uploads/2020/09/google-analytics-logo-300x52.png","image/webp","200","OK","Indexable","","","0","0","","0","0","","0","0","","0","","0","","0","","0","","0","","","","","","","","","","4472","4472","4472","1.713","","0","","","","","0.000","2","4","","0","0","0","0.000","0","0","0","0","0","0","","","","","","0.015","Mon, 25 Apr 2022 14:45:20 GMT","","","","","1.1","","","","","","https://www.bowlerhat.co.uk/wp-content/uploads/2020/09/google-analytics-logo-300x52.png","2026-07-30 14:25:39"
"https://www.bowlerhat.co.uk/wp-content/plugins/elementor/assets/lib/font-awesome/css/brands.min.css?ver=5.15.3","text/css","200","OK","Indexable","","","0","0","","0","0","","0","0","","0","","0","","0","","0","","0","","","","","","","","","","0","0","0","0.000","","0","","","","","0.000","2","7","","0","0","0","0.000","0","0","0","0","0","0","","","","","","0.049","Thu, 02 Jul 2026 08:47:43 GMT","","","","","1.1","","","","","","https://www.bowlerhat.co.uk/wp-content/plugins/elementor/assets/lib/font-awesome/css/brands.min.css?ver=5.15.3","2026-07-30 14:25:39"
"https://www.bowlerhat.co.uk/wp-content/plugins/essential-addons-for-elementor-lite/assets/front-end/js/view/general.min.js?ver=6.6.9","application/javascript","200","OK","Indexable","","","0","0","","0","0","","0","0","","0","","0","","0","","0","","0","","","","","","","","","","0","0","0","0.000","","0","","","","","0.000","2","7","","0","0","0","0.000","0","0","0","0","0","0","","","","","","0.035","Thu, 02 Jul 2026 08:47:47 GMT","","","","","1.1","","","","","","https://www.bowlerhat.co.uk/wp-content/plugins/essential-addons-for-elementor-lite/assets/front-end/js/view/general.min.js?ver=6.6.9","2026-07-30 14:25:39"
"https://www.bowlerhat.co.uk/wp-content/plugins/elementor/assets/lib/font-awesome/css/all.min.css?ver=1.0","text/css","200","OK","Indexable","","","0","0","","0","0","","0","0","","0","","0","","0","","0","","0","","","","","","","","","","0","0","0","0.000","","0","","","","","0.000","2","7","","0","0","0","0.000","0","0","0","0","0","0","","","","","","0.035","Thu, 02 Jul 2026 08:47:43 GMT","","","","","1.1","","","","","","https://www.bowlerhat.co.uk/wp-content/plugins/elementor/assets/lib/font-awesome/css/all.min.css?ver=1.0","2026-07-30 14:25:39"
"https://www.bowlerhat.co.uk/wp-content/uploads/2020/02/Group-15-2-768x151.png","image/webp","200","OK","Indexable","","","0","0","","0","0","","0","0","","0","","0","","0","","0","","0","","","","","","","","","","7990","7990","7990","3.061","","0","","","","","0.000","2","4","","0","0","0","0.000","0","0","0","0","0","0","","","","","","0.049","Thu, 28 Apr 2022 11:02:56 GMT","","","","","1.1","","","","","","https://www.bowlerhat.co.uk/wp-content/uploads/2020/02/Group-15-2-768x151.png","2026-07-30 14:25:39"
"https://www.bowlerhat.co.uk/marketing-audit/?utm_source=website&utm_medium=smartbar&utm_campaign=free_marketing_plan","text/html; charset=UTF-8","200","OK","Non-Indexable","Canonicalised","Free Marketing Audit | Bowler Hat","33","300","Get in touch for a free audit and video consultation to review your digital marketing strategy & platforms.","107","645","","0","0","","0","Marketing Action Plan (MAP)","27","","0","","0","","0","index, follow, max-image-preview:large, max-snippet:-1, max-video-preview:-1","","","https://www.bowlerhat.co.uk/marketing-audit/","","","","","","121965","22212","22212","8.509","","219","46","4.761","81.863","Easy","2.066","2","1","","675","672","0","99.700","66","35","0","12","4","0","","","","","6f29b2760173d44f6d09a8aaf28737e6","0.051","Thu, 30 Jul 2026 13:21:56 GMT","","","","en-US","1.1","","","","","","https://www.bowlerhat.co.uk/marketing-audit/?utm_source=website&utm_medium=smartbar&utm_campaign=free_marketing_plan","2026-07-30 14:25:39"
"https://www.bowlerhat.co.uk/wp-content/plugins/elementor/assets/lib/font-awesome/css/v4-shims.min.css?ver=1.0","text/css","200","OK","Indexable","","","0","0","","0","0","","0","0","","0","","0","","0","","0","","0","","","","","","","","","","0","0","0","0.000","","0","","","","","0.000","2","7","","0","0","0","0.000","0","0","0","0","0","0","","","","","","0.016","Thu, 02 Jul 2026 08:47:43 GMT","","","","","1.1","","","","","","https://www.bowlerhat.co.uk/wp-content/plugins/elementor/assets/lib/font-awesome/css/v4-shims.min.css?ver=1.0","2026-07-30 14:25:39"
"https://www.bowlerhat.co.uk/wp-content/plugins/elementor-pro/assets/css/conditionals/popup.min.css?ver=4.1.2","text/css","200","OK","Indexable","","","0","0","","0","0","","0","0","","0","","0","","0","","0","","0","","","","","","","","","","0","0","0","0.000","","0","","","","","0.000","2","6","","0","0","0","0.000","0","0","0","0","0","0","","","","","","0.001","Thu, 02 Jul 2026 08:47:44 GMT","","","","","1.1","","","","","","https://www.bowlerhat.co.uk/wp-content/plugins/elementor-pro/assets/css/conditionals/popup.min.css?ver=4.1.2","2026-07-30 14:25:39"
"https://www.bowlerhat.co.uk/contact-us/?utm_source=website&utm_medium=smartbar&utm_campaign=free_marketing_plan","text/html; charset=UTF-8","200","OK","Non-Indexable","Canonicalised","Contact Us | Bowler Hat","23","211","112 Zellig, The Custard Factory, Digbeth, Birmingham. B9 4AT. 0121 314 2001. Get in touch & speak to one of our digital marketing experts today!","144","896","","0","0","","0","Get In Touch","12","","0","","0","","0","index, follow, max-image-preview:large, max-snippet:-1, max-video-preview:-1","","","https://www.bowlerhat.co.uk/contact-us/","","","","","","126081","22584","22584","8.652","","211","46","4.587","83.098","Easy","1.960","2","1","","1347","672","0","99.700","68","36","0","13","5","0","","","","","34710d0f8822cff07b55102350378479","0.050","Thu, 30 Jul 2026 13:21:56 GMT","","","","en-US","1.1","","","","","","https://www.bowlerhat.co.uk/contact-us/?utm_source=website&utm_medium=smartbar&utm_campaign=free_marketing_plan","2026-07-30 14:25:39"
"https://www.bowlerhat.co.uk/wp-content/plugins/addon-elements-for-elementor-page-builder/assets/lib/peel/peel.css?ver=1.14.5","text/css","200","OK","Indexable","","","0","0","","0","0","","0","0","","0","","0","","0","","0","","0","","","","","","","","","","0","0","0","0.000","","0","","","","","0.000","2","6","","0","0","0","0.000","0","0","0","0","0","0","","","","","","0.033","Tue, 07 Apr 2026 09:43:55 GMT","","","","","1.1","","","","","","https://www.bowlerhat.co.uk/wp-content/plugins/addon-elements-for-elementor-page-builder/assets/lib/peel/peel.css?ver=1.14.5","2026-07-30 14:25:39"
"https://www.bowlerhat.co.uk/wp-content/plugins/elementor-pro/assets/js/frontend.min.js?ver=4.1.2","application/javascript","200","OK","Indexable","","","0","0","","0","0","","0","0","","0","","0","","0","","0","","0","","","","","","","","","","0","0","0","0.000","","0","","","","","0.000","2","5","","0","0","0","0.000","0","0","0","0","0","0","","","","","","0.033","Thu, 02 Jul 2026 08:47:44 GMT","","","","","1.1","","","","","","https://www.bowlerhat.co.uk/wp-content/plugins/elementor-pro/assets/js/frontend.min.js?ver=4.1.2","2026-07-30 14:25:39"
"https://www.bowlerhat.co.uk/wp-content/plugins/elementor/assets/css/widget-image-carousel.min.css?ver=4.1.4","text/css","200","OK","Indexable","","","0","0","","0","0","","0","0","","0","","0","","0","","0","","0","","","","","","","","","","0","0","0","0.000","","0","","","","","0.000","2","5","","0","0","0","0.000","0","0","0","0","0","0","","","","","","0.039","Thu, 02 Jul 2026 08:47:43 GMT","","","","","1.1","","","","","","https://www.bowlerhat.co.uk/wp-content/plugins/elementor/assets/css/widget-image-carousel.min.css?ver=4.1.4","2026-07-30 14:25:39"
"https://www.bowlerhat.co.uk/wp-content/uploads/2020/02/Group-15-1.png","image/webp","200","OK","Indexable","","","0","0","","0","0","","0","0","","0","","0","","0","","0","","0","","","","","","","","","","28870","28870","28870","11.060","","0","","","","","0.000","2","4","","0","0","0","0.000","0","0","0","0","0","0","","","","","","0.013","Thu, 28 Apr 2022 11:01:49 GMT","","","","","1.1","","","","","","https://www.bowlerhat.co.uk/wp-content/uploads/2020/02/Group-15-1.png","2026-07-30 14:25:39"
"https://www.bowlerhat.co.uk/services/seo/","text/html; charset=UTF-8","200","OK","Indexable","","Bowler Hat | SEO Agency | Birmingham","36","344","SEO consultancy led approach to help you develop a winning SEO Strategy. Get in touch for a FREE Website & SEO Audit + Personalised SEO Battle Plan.","148","936","","0","0","","0","SEO Services","12","","0","SEO Services","12","Small Business SEO Guide","24","index, follow, max-image-preview:large, max-snippet:-1, max-video-preview:-1","","","https://www.bowlerhat.co.uk/services/seo/","","","","","","154887","26594","26594","10.188","","628","102","6.157","81.095","Easy","3.144","2","2","","1429","672","0","99.700","80","35","0","9","5","0","","","","","c35faa4401d65e385792641232d29da5","0.050","Thu, 30 Jul 2026 13:21:56 GMT","","","","en-US","1.1","","","","","","https://www.bowlerhat.co.uk/services/seo/","2026-07-30 14:25:39"
"https://www.bowlerhat.co.uk/wp-content/uploads/2024/08/Louisa-Jane-Interiors-–-1.jpg","image/jpeg","200","OK","Indexable","","","0","0","","0","0","","0","0","","0","","0","","0","","0","","0","","","","","","","","","","31983","31983","31983","12.252","","0","","","","","0.000","3","4","","0","0","0","0.000","0","0","0","0","0","0","","","","","","0.047","Wed, 09 Oct 2024 13:13:11 GMT","","","","","1.1","","","","","","https://www.bowlerhat.co.uk/wp-content/uploads/2024/08/Louisa-Jane-Interiors-%E2%80%93-1.jpg","2026-07-30 14:25:39"
"https://www.bowlerhat.co.uk/wp-content/uploads/2025/09/SandWell-College-Thumbnail-1024x755.jpg","image/jpeg","200","OK","Indexable","","","0","0","","0","0","","0","0","","0","","0","","0","","0","","0","","","","","","","","","","139931","139931","139931","53.605","","0","","","","","0.000","3","4","","0","0","0","0.000","0","0","0","0","0","0","","","","","","0.041","Fri, 19 Sep 2025 12:23:22 GMT","","","","","1.1","","","","","","https://www.bowlerhat.co.uk/wp-content/uploads/2025/09/SandWell-College-Thumbnail-1024x755.jpg","2026-07-30 14:25:39"
"https://www.bowlerhat.co.uk/wp-content/uploads/2025/09/185-1024x755.jpg","image/jpeg","200","OK","Indexable","","","0","0","","0","0","","0","0","","0","","0","","0","","0","","0","","","","","","","","","","75810","75810","75810","29.041","","0","","","","","0.000","3","4","","0","0","0","0.000","0","0","0","0","0","0","","","","","","0.051","Fri, 19 Sep 2025 12:20:40 GMT","","","","","1.1","","","","","","https://www.bowlerhat.co.uk/wp-content/uploads/2025/09/185-1024x755.jpg","2026-07-30 14:25:39"
"https://www.bowlerhat.co.uk/case-studies/louisa-jane-interiors-case-study/","text/html; charset=UTF-8","200","OK","Indexable","","Enrolment Landing Pages for Colleges - Bowler Hat","49","455","Three mobile-optimised website landing pages developed for a local group of colleges to aid in enrollment.","106","649","","0","0","","0","Louisa Jane Interiors Case Study","32","","0","The Backstory","13","The Challenge","13","index, follow, max-image-preview:large, max-snippet:-1, max-video-preview:-1","","","https://www.bowlerhat.co.uk/case-studies/louisa-jane-interiors-case-study/","","","","","","134976","24457","24457","9.369","","571","83","6.880","81.027","Easy","3.368","3","2","","6","2","0","0.300","67","36","0","10","6","0","","","","","6fbbda00b6bb413a8e3c999a03e67544","0.066","Thu, 30 Jul 2026 13:21:56 GMT","","","","en-US","1.1","","","","","","https://www.bowlerhat.co.uk/case-studies/louisa-jane-interiors-case-study/","2026-07-30 14:25:39"
"https://www.bowlerhat.co.uk/case-studies/wallace-chess-case-study/","text/html; charset=UTF-8","200","OK","Indexable","","Enrolment Landing Pages for Colleges - Bowler Hat","49","455","Three mobile-optimised website landing pages developed for a local group of colleges to aid in enrollment.","106","649","","0","0","","0","Wallace Chess Case Study","24","","0","The Backstory","13","The Challenge","13","index, follow, max-image-preview:large, max-snippet:-1, max-video-preview:-1","","","https://www.bowlerhat.co.uk/case-studies/wallace-chess-case-study/","","","","","","135029","24559","24559","9.408","","584","85","6.871","81.219","Easy","3.420","3","2","","6","2","0","0.300","67","36","0","10","6","0","","","","","dd27506f0ebcfe4261a24c4adf1fe765","0.080","Thu, 30 Jul 2026 13:21:56 GMT","","","","en-US","1.1","","","","","","https://www.bowlerhat.co.uk/case-studies/wallace-chess-case-study/","2026-07-30 14:25:39"
"https://www.bowlerhat.co.uk/case-studies/alpha-development-case-study/","text/html; charset=UTF-8","200","OK","Indexable","","Alpha Development Case Study - Bowler Hat","41","394","","0","0","","0","0","","0","Alpha Development Case Study","28","","0","Restructuring a Global Website for Alpha Development","52","The Backstory","13","index, follow, max-image-preview:large, max-snippet:-1, max-video-preview:-1","","","https://www.bowlerhat.co.uk/case-studies/alpha-development-case-study/","","","","","","137190","25089","25089","9.611","","668","110","6.073","71.365","Fairly Easy","3.901","3","2","","6","2","0","0.300","67","36","0","10","6","0","","","","","f6b7e905f7a1b1c0f68216017fc001ad","0.050","Thu, 30 Jul 2026 13:21:56 GMT","","","","en-US","1.1","","","","","","https://www.bowlerhat.co.uk/case-studies/alpha-development-case-study/","2026-07-30 14:25:39"
"https://www.bowlerhat.co.uk/wp-content/uploads/2024/08/Louisa-Jane-Interiors.jpg","image/jpeg","200","OK","Indexable","","","0","0","","0","0","","0","0","","0","","0","","0","","0","","0","","","","","","","","","","38141","38141","38141","14.611","","0","","","","","0.000","3","4","","0","0","0","0.000","0","0","0","0","0","0","","","","","","0.050","Wed, 09 Oct 2024 13:13:11 GMT","","","","","1.1","","","","","","https://www.bowlerhat.co.uk/wp-content/uploads/2024/08/Louisa-Jane-Interiors.jpg","2026-07-30 14:25:39"
"https://www.bowlerhat.co.uk/case-studies/sandwell-colleges-case-study/","text/html; charset=UTF-8","200","OK","Indexable","","Sandwell Colleges Case Study - Bowler Hat","41","382","","0","0","","0","0","","0","Sandwell Colleges Case Study","28","","0","Transforming the Digital Experience for Three West Midlands Colleges","68","The Backstory","13","index, follow, max-image-preview:large, max-snippet:-1, max-video-preview:-1","","","https://www.bowlerhat.co.uk/case-studies/sandwell-colleges-case-study/","","","","","","137093","24946","24946","9.556","","582","116","5.017","68.592","Normal","3.574","3","2","","6","2","0","0.300","67","36","0","12","8","0","","","","","94ef501da6eff49b34d6ed164265cd45","0.042","Thu, 30 Jul 2026 13:21:56 GMT","","","","en-US","1.1","","","","","","https://www.bowlerhat.co.uk/case-studies/sandwell-colleges-case-study/","2026-07-30 14:25:39"
"https://www.bowlerhat.co.uk/wp-content/uploads/2026/07/ChatGPT-Image-Jul-15-2026-04_37_18-PM-1024x683.jpg","image/jpeg","200","OK","Indexable","","","0","0","","0","0","","0","0","","0","","0","","0","","0","","0","","","","","","","","","","76369","76369","76369","29.256","","0","","","","","0.000","3","4","","0","0","0","0.000","0","0","0","0","0","0","","","","","","0.017","Wed, 15 Jul 2026 15:37:32 GMT","","","","","1.1","","","","","","https://www.bowlerhat.co.uk/wp-content/uploads/2026/07/ChatGPT-Image-Jul-15-2026-04_37_18-PM-1024x683.jpg","2026-07-30 14:25:40"
"https://www.bowlerhat.co.uk/wp-content/uploads/elementor/css/post-14199.css?ver=1784129986","text/css","200","OK","Indexable","","","0","0","","0","0","","0","0","","0","","0","","0","","0","","0","","","","","","","","","","0","0","0","0.000","","0","","","","","0.000","3","4","","0","0","0","0.000","0","0","0","0","0","0","","","","","","0.029","Wed, 15 Jul 2026 15:39:46 GMT","","","","","1.1","","","","","","https://www.bowlerhat.co.uk/wp-content/uploads/elementor/css/post-14199.css?ver=1784129986","2026-07-30 14:25:40"
"https://www.bowlerhat.co.uk/case-studies/cannock-chase-case-study/","text/html; charset=UTF-8","200","OK","Indexable","","Cannock Chase Case Study - Bowler Hat","37","357","","0","0","","0","0","","0","Cannock Chase Case Study","24","","0","One Forest, One Website: How we consolidated a fractured digital landscape into the definitive online hub for Cannock Chase.","124","The Backstory","13","index, follow, max-image-preview:large, max-snippet:-1, max-video-preview:-1","","","https://www.bowlerhat.co.uk/case-studies/cannock-chase-case-study/","","","","","","135001","25046","25046","9.595","","612","107","5.720","51.459","Fairly Hard","3.955","3","2","","9","3","0","0.450","67","36","0","11","6","0","","","","","a0e80dad050b651577eb47ed59d2be77","0.049","Thu, 30 Jul 2026 13:21:56 GMT","","","","en-US","1.1","","","","","","https://www.bowlerhat.co.uk/case-studies/cannock-chase-case-study/","2026-07-30 14:25:39"
"https://www.bowlerhat.co.uk/case-studies/analytics-configuration-for-major-uk-international-airport/","text/html; charset=UTF-8","200","OK","Indexable","","Enrolment Landing Pages for Colleges - Bowler Hat","49","455","Three mobile-optimised website landing pages developed for a local group of colleges to aid in enrollment.","106","649","","0","0","","0","International Airport Case Study","32","","0","Analytics Configuration for Major UK International Airport","58","The Backstory","13","index, follow, max-image-preview:large, max-snippet:-1, max-video-preview:-1","","","https://www.bowlerhat.co.uk/case-studies/analytics-configuration-for-major-uk-international-airport/","","","","","","133334","24660","24660","9.447","","654","103","6.350","65.211","Normal","4.024","3","2","","7","3","0","0.450","67","36","0","9","5","0","","","","","dece0c052348d3926af8ee18d65459c1","0.062","Thu, 30 Jul 2026 13:21:57 GMT","","","","en-US","1.1","","","","","","https://www.bowlerhat.co.uk/case-studies/analytics-configuration-for-major-uk-international-airport/","2026-07-30 14:25:40"
"https://www.bowlerhat.co.uk/case-studies/page/3/","text/html; charset=UTF-8","200","OK","Indexable","","Case Studies Archive - Page 3 of 3 - Bowler Hat","47","420","","0","0","","0","0","","0","","0","","0","Case Studies","12","Contact Us","10","index, follow, max-image-preview:large, max-snippet:-1, max-video-preview:-1","","","https://www.bowlerhat.co.uk/case-studies/page/3/","","https://www.bowlerhat.co.uk/case-studies/page/2/","","","","136800","23887","23887","9.151","","387","69","5.609","76.975","Fairly Easy","2.607","3","3","","6","3","0","0.450","92","44","0","9","5","0","","","","","e752d47efc4358b983049335252e897","0.068","Thu, 30 Jul 2026 13:21:57 GMT","","","","en-US","1.1","","","","","","https://www.bowlerhat.co.uk/case-studies/page/3/","2026-07-30 14:25:40"
"https://www.bowlerhat.co.uk/wp-content/uploads/2024/08/Absolute-EPM.jpg","image/jpeg","200","OK","Indexable","","","0","0","","0","0","","0","0","","0","","0","","0","","0","","0","","","","","","","","","","38087","38087","38087","14.590","","0","","","","","0.000","3","4","","0","0","0","0.000","0","0","0","0","0","0","","","","","","0.018","Wed, 09 Oct 2024 13:13:10 GMT","","","","","1.1","","","","","","https://www.bowlerhat.co.uk/wp-content/uploads/2024/08/Absolute-EPM.jpg","2026-07-30 14:25:40"
"https://www.bowlerhat.co.uk/case-studies/page/2/","text/html; charset=UTF-8","200","OK","Indexable","","Case Studies Archive - Page 2 of 3 - Bowler Hat","47","420","","0","0","","0","0","","0","","0","","0","Case Studies","12","Contact Us","10","index, follow, max-image-preview:large, max-snippet:-1, max-video-preview:-1","","","https://www.bowlerhat.co.uk/case-studies/page/2/","https://www.bowlerhat.co.uk/case-studies/page/3/","https://www.bowlerhat.co.uk/case-studies/","","","","138851","24164","24164","9.257","","441","78","5.654","72.949","Fairly Easy","2.838","3","3","","7","3","0","0.450","99","46","0","9","5","0","","","","","c9d0fcf5506e21f2cdc1f4f719301186","0.068","Thu, 30 Jul 2026 13:21:57 GMT","","","","en-US","1.1","","","","","","https://www.bowlerhat.co.uk/case-studies/page/2/","2026-07-30 14:25:40"
"https://www.bowlerhat.co.uk/wp-content/uploads/2026/07/ChatGPT-Image-Jul-15-2026-04_08_52-PM-1024x754.jpg","image/jpeg","200","OK","Indexable","","","0","0","","0","0","","0","0","","0","","0","","0","","0","","0","","","","","","","","","","92060","92060","92060","35.266","","0","","","","","0.000","3","4","","0","0","0","0.000","0","0","0","0","0","0","","","","","","0.015","Wed, 15 Jul 2026 15:09:09 GMT","","","","","1.1","","","","","","https://www.bowlerhat.co.uk/wp-content/uploads/2026/07/ChatGPT-Image-Jul-15-2026-04_08_52-PM-1024x754.jpg","2026-07-30 14:25:40"
"https://www.bowlerhat.co.uk/wp-content/uploads/2024/10/airport-case-study.jpg","image/jpeg","200","OK","Indexable","","","0","0","","0","0","","0","0","","0","","0","","0","","0","","0","","","","","","","","","","35998","35998","35998","13.790","","0","","","","","0.000","3","4","","0","0","0","0.000","0","0","0","0","0","0","","","","","","0.017","Thu, 24 Oct 2024 09:42:16 GMT","","","","","1.1","","","","","","https://www.bowlerhat.co.uk/wp-content/uploads/2024/10/airport-case-study.jpg","2026-07-30 14:25:40"
"https://www.bowlerhat.co.uk/wp-content/uploads/2025/09/Alpha-Dev-Thumbnail-1024x755.jpg","image/jpeg","200","OK","Indexable","","","0","0","","0","0","","0","0","","0","","0","","0","","0","","0","","","","","","","","","","106073","106073","106073","40.635","","0","","","","","0.000","3","4","","0","0","0","0.000","0","0","0","0","0","0","","","","","","0.035","Fri, 19 Sep 2025 12:26:03 GMT","","","","","1.1","","","","","","https://www.bowlerhat.co.uk/wp-content/uploads/2025/09/Alpha-Dev-Thumbnail-1024x755.jpg","2026-07-30 14:25:40"
"https://www.bowlerhat.co.uk/case-studies/absolute-epm-case-study/","text/html; charset=UTF-8","200","OK","Indexable","","Enrolment Landing Pages for Colleges - Bowler Hat","49","455","Three mobile-optimised website landing pages developed for a local group of colleges to aid in enrollment.","106","649","","0","0","","0","Absolute EPM Case Study","23","","0","The Backstory","13","The Challenge","13","index, follow, max-image-preview:large, max-snippet:-1, max-video-preview:-1","","","https://www.bowlerhat.co.uk/case-studies/absolute-epm-case-study/","","","","","","132373","23995","23995","9.192","","467","71","6.577","74.980","Fairly Easy","3.043","3","2","","6","2","0","0.300","67","36","0","10","6","0","","","","","159588c74c4a7a1efc2c0ad9dfdd62f5","0.050","Thu, 30 Jul 2026 13:21:57 GMT","","","","en-US","1.1","","","","","","https://www.bowlerhat.co.uk/case-studies/absolute-epm-case-study/","2026-07-30 14:25:40"
"https://www.bowlerhat.co.uk/case-studies/hellodpo-case-study/","text/html; charset=UTF-8","200","OK","Indexable","","HelloDPO Case Study - Bowler Hat","32","305","","0","0","","0","0","","0","HelloDPO Case Study","19","","0","Redesigning and restructuring website to reflect values and new service offering","80","The Backstory","13","index, follow, max-image-preview:large, max-snippet:-1, max-video-preview:-1","","","https://www.bowlerhat.co.uk/case-studies/hellodpo-case-study/","","","","","","136591","24901","24901","9.539","","590","101","5.842","65.259","Normal","3.655","3","2","","9","3","0","0.450","67","36","0","10","6","0","","","","","8d28185a85ae792b0ce0d93cd7311beb","0.065","Thu, 30 Jul 2026 13:21:57 GMT","","","","en-US","1.1","","","","","","https://www.bowlerhat.co.uk/case-studies/hellodpo-case-study/","2026-07-30 14:25:40"
"https://www.bowlerhat.co.uk/case-studies/hr-structures-case-study/","text/html; charset=UTF-8","200","OK","Indexable","","HR Structures Case Study - Bowler Hat","37","343","","0","0","","0","0","","0","HR Structures Case Study","24","","0","From Zero to Hero: How a localised UK rebuild transformed an underperforming regionalised site into a UK lead-generation machine.","129","The Backstory","13","index, follow, max-image-preview:large, max-snippet:-1, max-video-preview:-1","","","https://www.bowlerhat.co.uk/case-studies/hr-structures-case-study/","","","","","","136820","25477","25477","9.760","","737","122","6.041","64.792","Normal","4.276","3","2","","9","3","0","0.450","67","36","0","10","6","0","","","","","f066d93e2c7002b0381cb280d91dfa62","0.066","Thu, 30 Jul 2026 13:21:57 GMT","","","","en-US","1.1","","","","","","https://www.bowlerhat.co.uk/case-studies/hr-structures-case-study/","2026-07-30 14:25:40"
"https://www.bowlerhat.co.uk/serp-seo-acronyms-jargon-explained/","text/html; charset=UTF-8","200","OK","Indexable","","What Is A SERP? - SEO Acronyms & Jargon Explained - Bowler Hat","62","583","SERPs are the search engine result pages and in this post we look at the various types of SERPs and how you can leverage these to improve your organic SEO.","155","972","","0","0","","0","What Is A SERP? – SEO Acronyms & Jargon Explained","49","","0","Leave a Reply Cancel reply","26","","0","index, follow, max-image-preview:large, max-snippet:-1, max-video-preview:-1","","","https://www.bowlerhat.co.uk/serp-seo-acronyms-jargon-explained/","","","","","","133943","26337","26337","10.089","","958","146","6.562","79.103","Fairly Easy","5.055","3","1","","30","17","0","2.520","82","45","0","10","6","0","","","","","8ae59e9e19e9e508a1016519ad8d818c","0.098","","","","","en-US","1.1","","","","","","https://www.bowlerhat.co.uk/serp-seo-acronyms-jargon-explained/","2026-07-30 14:25:40"
"https://www.bowlerhat.co.uk/wp-includes/js/comment-reply.min.js?ver=7.0.2","application/javascript","200","OK","Indexable","","","0","0","","0","0","","0","0","","0","","0","","0","","0","","0","","","","","","","","","","0","0","0","0.000","","0","","","","","0.000","3","2","","0","0","0","0.000","0","0","0","0","0","0","","","","","","0.017","Thu, 06 Feb 2025 17:27:26 GMT","","","","","1.1","","","","","","https://www.bowlerhat.co.uk/wp-includes/js/comment-reply.min.js?ver=7.0.2","2026-07-30 14:25:40"
"https://www.bowlerhat.co.uk/wp-content/plugins/elementor-pro/assets/css/widget-post-navigation.min.css?ver=4.1.2","text/css","200","OK","Indexable","","","0","0","","0","0","","0","0","","0","","0","","0","","0","","0","","","","","","","","","","0","0","0","0.000","","0","","","","","0.000","3","5","","0","0","0","0.000","0","0","0","0","0","0","","","","","","0.017","Thu, 02 Jul 2026 08:47:44 GMT","","","","","1.1","","","","","","https://www.bowlerhat.co.uk/wp-content/plugins/elementor-pro/assets/css/widget-post-navigation.min.css?ver=4.1.2","2026-07-30 14:25:40"
"https://www.bowlerhat.co.uk/wp-content/plugins/elementor-pro/assets/css/widget-share-buttons.min.css?ver=4.1.2","text/css","200","OK","Indexable","","","0","0","","0","0","","0","0","","0","","0","","0","","0","","0","","","","","","","","","","0","0","0","0.000","","0","","","","","0.000","3","5","","0","0","0","0.000","0","0","0","0","0","0","","","","","","0.021","Thu, 02 Jul 2026 08:47:44 GMT","","","","","1.1","","","","","","https://www.bowlerhat.co.uk/wp-content/plugins/elementor-pro/assets/css/widget-share-buttons.min.css?ver=4.1.2","2026-07-30 14:25:40"
"https://www.bowlerhat.co.uk/wp-content/plugins/elementor-pro/assets/css/widget-author-box.min.css?ver=4.1.2","text/css","200","OK","Indexable","","","0","0","","0","0","","0","0","","0","","0","","0","","0","","0","","","","","","","","","","0","0","0","0.000","","0","","","","","0.000","3","5","","0","0","0","0.000","0","0","0","0","0","0","","","","","","0.016","Thu, 02 Jul 2026 08:47:44 GMT","","","","","1.1","","","","","","https://www.bowlerhat.co.uk/wp-content/plugins/elementor-pro/assets/css/widget-author-box.min.css?ver=4.1.2","2026-07-30 14:25:40"
"https://www.bowlerhat.co.uk/wp-content/plugins/akismet/_inc/akismet-frontend.js?ver=1778660215","application/javascript","200","OK","Indexable","","","0","0","","0","0","","0","0","","0","","0","","0","","0","","0","","","","","","","","","","0","0","0","0.000","","0","","","","","0.000","3","4","","0","0","0","0.000","0","0","0","0","0","0","","","","","","0.034","Wed, 13 May 2026 08:16:55 GMT","","","","","1.1","","","","","","https://www.bowlerhat.co.uk/wp-content/plugins/akismet/_inc/akismet-frontend.js?ver=1778660215","2026-07-30 14:25:40"
"https://www.bowlerhat.co.uk/tag/seo/","text/html; charset=UTF-8","200","OK","Indexable","","SEO Archives - Bowler Hat","25","233","","0","0","","0","0","","0","","0","","0","SEO","3","","0","index, follow, max-image-preview:large, max-snippet:-1, max-video-preview:-1","","","https://www.bowlerhat.co.uk/tag/seo/","https://www.bowlerhat.co.uk/tag/seo/page/2/","","","","","127460","22529","22529","8.630","","457","74","6.176","87.643","Easy","3.004","3","2","","31","28","0","4.150","95","43","0","8","4","0","","","","","78d0dad13332d1174c47729c854283c2","0.059","Thu, 30 Jul 2026 13:21:57 GMT","","","","en-US","1.1","","","","","","https://www.bowlerhat.co.uk/tag/seo/","2026-07-30 14:25:40"
"https://www.bowlerhat.co.uk/wp-content/uploads/elementor/css/post-242.css?ver=1782982395","text/css","200","OK","Indexable","","","0","0","","0","0","","0","0","","0","","0","","0","","0","","0","","","","","","","","","","0","0","0","0.000","","0","","","","","0.000","3","4","","0","0","0","0.000","0","0","0","0","0","0","","","","","","0.074","Thu, 02 Jul 2026 08:53:15 GMT","","","","","1.1","","","","","","https://www.bowlerhat.co.uk/wp-content/uploads/elementor/css/post-242.css?ver=1782982395","2026-07-30 14:25:40"
"https://www.bowlerhat.co.uk/wp-includes/css/dist/block-library/style.min.css?ver=7.0.2","text/css","200","OK","Indexable","","","0","0","","0","0","","0","0","","0","","0","","0","","0","","0","","","","","","","","","","0","0","0","0.000","","0","","","","","0.000","3","4","","0","0","0","0.000","0","0","0","0","0","0","","","","","","0.036","Thu, 19 Mar 2026 12:40:51 GMT","","","","","1.1","","","","","","https://www.bowlerhat.co.uk/wp-includes/css/dist/block-library/style.min.css?ver=7.0.2","2026-07-30 14:25:40"
"https://www.bowlerhat.co.uk/scientific-website-design/","text/html; charset=UTF-8","200","OK","Indexable","","Scientific Approach to Web Design (Or Why Most Websites Suck) - Bowler Hat","74","690","This article looks at why most website design is done wrong, and more importantly, how to do it right and transform your marketing.","131","813","","0","0","","0","Scientific Approach to Web Design (Or Why Most Websites Suck)","61","","0","Web Design – Form vs Function","29","A Better Way to Build Websites","30","index, follow, max-image-preview:large, max-snippet:-1, max-video-preview:-1","","","https://www.bowlerhat.co.uk/scientific-website-design/","","","","","","135642","28285","28285","10.835","","2227","283","7.869","76.677","Fairly Easy","10.379","3","1","","13","6","0","0.890","78","39","0","9","5","0","","","","","c18cd0b978afcb49f370013356e644f","0.075","","","","","en-US","1.1","","","","","","https://www.bowlerhat.co.uk/scientific-website-design/","2026-07-30 14:25:40"
"https://www.bowlerhat.co.uk/datejacking/","text/html; charset=UTF-8","200","OK","Indexable","","Datejacking Guide - Bowler Hat","30","276","The new way to stay on top of your social media game! Datejacking improves on newsjacking in every way. It is predictable, scalable and most of all simple. So what are you waiting for?","184","1133","","0","0","","0","Datejacking Guide","17","","0","Introduction","12","Chapter 1: Jacking the News","27","index, follow, max-image-preview:large, max-snippet:-1, max-video-preview:-1","","","https://www.bowlerhat.co.uk/datejacking/","","","","","","139070","29411","29411","11.267","","2847","386","7.376","69.551","Normal","13.079","3","1","","18","7","0","1.040","73","39","0","8","4","0","","","","","26cb4f65ff688e71f975a75f08909cc8","0.059","","","","","en-US","1.1","","","","","","https://www.bowlerhat.co.uk/datejacking/","2026-07-30 14:25:40"
"https://www.bowlerhat.co.uk/author/marcus-miller/","text/html; charset=UTF-8","301","Moved Permanently","Non-Indexable","Redirected","","0","0","","0","0","","0","0","","0","","0","","0","","0","","0","","","","","","","","","","0","0","0","0.000","","0","","","","","0.000","3","2","","660","165","0","24.480","0","0","0","0","0","0","","","","","","0.030","","https://www.bowlerhat.co.uk/daily-insights/","HTTP Redirect","","","1.1","","","","","","https://www.bowlerhat.co.uk/author/marcus-miller/","2026-07-30 14:25:40"
"https://www.bowlerhat.co.uk/2021/09/15/","text/html; charset=UTF-8","200","OK","Non-Indexable","noindex","September 15, 2021 - Bowler Hat","31","293","","0","0","","0","0","","0","","0","","0","September 15, 2021","18","","0","noindex, follow","","","","","","","","","107451","20241","20241","7.754","","134","28","4.786","86.442","Easy","1.907","3","3","","4","2","0","0.300","68","36","0","8","4","0","","","","","8006b18c4fc65a071fd894741f57d734","0.018","Thu, 30 Jul 2026 13:21:57 GMT","","","","en-US","1.1","","","","","","https://www.bowlerhat.co.uk/2021/09/15/","2026-07-30 14:25:40"
"https://www.bowlerhat.co.uk/wp-content/plugins/elementor-pro/assets/css/widget-post-info.min.css?ver=4.1.2","text/css","200","OK","Indexable","","","0","0","","0","0","","0","0","","0","","0","","0","","0","","0","","","","","","","","","","0","0","0","0.000","","0","","","","","0.000","3","5","","0","0","0","0.000","0","0","0","0","0","0","","","","","","0.051","Thu, 02 Jul 2026 08:47:44 GMT","","","","","1.1","","","","","","https://www.bowlerhat.co.uk/wp-content/plugins/elementor-pro/assets/css/widget-post-info.min.css?ver=4.1.2","2026-07-30 14:25:40"
"https://www.bowlerhat.co.uk/wp-content/plugins/elementor/assets/css/widget-icon-box.min.css?ver=4.1.4","text/css","200","OK","Indexable","","","0","0","","0","0","","0","0","","0","","0","","0","","0","","0","","","","","","","","","","0","0","0","0.000","","0","","","","","0.000","3","5","","0","0","0","0.000","0","0","0","0","0","0","","","","","","0.049","Thu, 02 Jul 2026 08:47:43 GMT","","","","","1.1","","","","","","https://www.bowlerhat.co.uk/wp-content/plugins/elementor/assets/css/widget-icon-box.min.css?ver=4.1.4","2026-07-30 14:25:40"
"https://www.bowlerhat.co.uk/wp-content/uploads/elementor/css/post-15484.css?ver=1782993835","text/css","200","OK","Indexable","","","0","0","","0","0","","0","0","","0","","0","","0","","0","","0","","","","","","","","","","0","0","0","0.000","","0","","","","","0.000","3","4","","0","0","0","0.000","0","0","0","0","0","0","","","","","","0.017","Thu, 02 Jul 2026 12:03:55 GMT","","","","","1.1","","","","","","https://www.bowlerhat.co.uk/wp-content/uploads/elementor/css/post-15484.css?ver=1782993835","2026-07-30 14:25:40"
"https://www.bowlerhat.co.uk/wp-content/uploads/elementor/css/post-198.css?ver=1782983660","text/css","200","OK","Indexable","","","0","0","","0","0","","0","0","","0","","0","","0","","0","","0","","","","","","","","","","0","0","0","0.000","","0","","","","","0.000","3","4","","0","0","0","0.000","0","0","0","0","0","0","","","","","","0.050","Thu, 02 Jul 2026 09:14:20 GMT","","","","","1.1","","","","","","https://www.bowlerhat.co.uk/wp-content/uploads/elementor/css/post-198.css?ver=1782983660","2026-07-30 14:25:40"
"https://www.bowlerhat.co.uk/wp-content/uploads/2018/03/Web-1920-–-24.png","image/png","200","OK","Indexable","","","0","0","","0","0","","0","0","","0","","0","","0","","0","","0","","","","","","","","","","15255","15255","15255","5.844","","0","","","","","0.000","3","4","","0","0","0","0.000","0","0","0","0","0","0","","","","","","0.050","Mon, 25 Apr 2022 14:45:21 GMT","","","","","1.1","","","","","","https://www.bowlerhat.co.uk/wp-content/uploads/2018/03/Web-1920-%E2%80%93-24.png","2026-07-30 14:25:40"
"https://www.bowlerhat.co.uk/a-philosophy-for-seo/","text/html; charset=UTF-8","200","OK","Indexable","","SEO Philosophy - Develop a Winning Mindset for SEO","50","469","Learn how to improve your SEO by adopting a clear, value orientated SEO Philosophy - Give and you shall receive. By Marcus Miller, Bowler Hat.","142","879","","0","0","","0","A Philosophy for SEO","20","","0","What do I mean by SEO philosophy?","33","SEO – Give, and you shall receive","33","index, follow, max-image-preview:large, max-snippet:-1, max-video-preview:-1","","","https://www.bowlerhat.co.uk/a-philosophy-for-seo/","","","","","","133878","27678","27678","10.603","","1878","256","7.336","79.246","Fairly Easy","8.926","3","1","","17","10","0","1.480","76","42","0","13","8","0","","","","","b26207c06ee74e1f3bc3c636ce984f5d","0.082","","","","","en-US","1.1","","","","","","https://www.bowlerhat.co.uk/a-philosophy-for-seo/","2026-07-30 14:25:40"
"https://www.bowlerhat.co.uk/wp-content/uploads/2023/06/Web-1920-–-23-1024x616.png","image/png","200","OK","Indexable","","","0","0","","0","0","","0","0","","0","","0","","0","","0","","0","","","","","","","","","","85132","85132","85132","32.612","","0","","","","","0.000","3","4","","0","0","0","0.000","0","0","0","0","0","0","","","","","","0.049","Fri, 23 Jun 2023 10:05:37 GMT","","","","","1.1","","","","","","https://www.bowlerhat.co.uk/wp-content/uploads/2023/06/Web-1920-%E2%80%93-23-1024x616.png","2026-07-30 14:25:40"
"https://www.bowlerhat.co.uk/simple-content-marketing-strategy-boost-small-business/","text/html; charset=UTF-8","200","OK","Indexable","","The Simple Content Marketing Strategy That Will Boost Your Small Business | Bowler Hat","86","792","This simple 2 step content marketing strategy involves identifying audience questions and creating content that answers these questions. It’s easy to implement and doesn’t require a big budget so any small business can employ this strategy today to start getting results and reap the benefits of content marketing.","314","1932","","0","0","","0","The Simple 2 Step Content Marketing Strategy That Will Boost Your Small Business","80","","0","Step 1","6","Step 2","6","index, follow, max-image-preview:large, max-snippet:-1, max-video-preview:-1","","","https://www.bowlerhat.co.uk/simple-content-marketing-strategy-boost-small-business/","","","","","","133476","26564","26564","10.176","","1077","153","7.039","69.845","Normal","5.947","3","1","","33","14","0","2.080","99","60","0","12","6","0","","","","","ff0c656c3c4cd4eba6898ccf3ee13c3d","0.050","","","","","en-US","1.1","","","","","","https://www.bowlerhat.co.uk/simple-content-marketing-strategy-boost-small-business/","2026-07-30 14:25:40"
"https://www.bowlerhat.co.uk/wp-content/uploads/elementor/css/post-215.css?ver=1782982166","text/css","200","OK","Indexable","","","0","0","","0","0","","0","0","","0","","0","","0","","0","","0","","","","","","","","","","0","0","0","0.000","","0","","","","","0.000","3","4","","0","0","0","0.000","0","0","0","0","0","0","","","","","","0.065","Thu, 02 Jul 2026 08:49:26 GMT","","","","","1.1","","","","","","https://www.bowlerhat.co.uk/wp-content/uploads/elementor/css/post-215.css?ver=1782982166","2026-07-30 14:25:40"
"https://www.bowlerhat.co.uk/the-true-seo-opportunity-in-the-age-of-ai-content/","text/html; charset=UTF-8","200","OK","Indexable","","SEO Opportunity in the Age of AI Content - Bowler Hat","53","477","How will ChatGPT and AI content impact SEO and content marketing? This article looks at the true SEO opportunity in the age of AI content.","138","860","","0","0","","0","SEO Opportunity in the Age of AI Content","40","","0","Leave a Reply Cancel reply","26","","0","index, follow, max-image-preview:large, max-snippet:-1, max-video-preview:-1","","","https://www.bowlerhat.co.uk/the-true-seo-opportunity-in-the-age-of-ai-content/","","","","","","147934","30758","30758","11.783","","2666","338","7.888","78.720","Fairly Easy","10.993","3","1","","18","8","0","1.190","74","40","0","18","13","0","","","","","d52ecb97bb3bc0929fec6a71dc56de4a","0.082","","","","","en-US","1.1","","","","","","https://www.bowlerhat.co.uk/the-true-seo-opportunity-in-the-age-of-ai-content/","2026-07-30 14:25:40"
"https://www.bowlerhat.co.uk/wp-content/uploads/2022/10/banner-image.png","image/png","200","OK","Indexable","","","0","0","","0","0","","0","0","","0","","0","","0","","0","","0","","","","","","","","","","13701","13701","13701","5.249","","0","","","","","0.000","3","4","","0","0","0","0.000","0","0","0","0","0","0","","","","","","0.066","Mon, 17 Oct 2022 15:34:56 GMT","","","","","1.1","","","","","","https://www.bowlerhat.co.uk/wp-content/uploads/2022/10/banner-image.png","2026-07-30 14:25:40"
"https://www.bowlerhat.co.uk/the-growth-of-video-content-ranking-on-googles-search-page/","text/html; charset=UTF-8","200","OK","Indexable","","The Growth of Video Content Ranking on Google’s Search Page - Bowler Hat","72","676","This post looks at how video and video content has impacted Google's search results page layout. If you have any questions, contact us today.","141","878","","0","0","","0","The Growth of Video Content Ranking on Google’s Search Page","59","","0","Google’s Increasingly Diverse Results Page","42","How Video Can Improve Your Overall Strategy","43","index, follow, max-image-preview:large, max-snippet:-1, max-video-preview:-1","","","https://www.bowlerhat.co.uk/the-growth-of-video-content-ranking-on-googles-search-page/","","","","","","135670","27173","27173","10.409","","1547","207","7.473","74.783","Fairly Easy","7.513","3","1","","18","7","0","1.040","76","40","0","9","5","0","","","","","4586170627bf966f416cc9f060cb76f2","0.051","","","","","en-US","1.1","","","","","","https://www.bowlerhat.co.uk/the-growth-of-video-content-ranking-on-googles-search-page/","2026-07-30 14:25:40"
"https://www.bowlerhat.co.uk/wp-content/uploads/2021/10/SEO-birmingham-image2.jpg","image/jpeg","200","OK","Indexable","","","0","0","","0","0","","0","0","","0","","0","","0","","0","","0","","","","","","","","","","38739","38739","38739","14.840","","0","","","","","0.000","3","4","","0","0","0","0.000","0","0","0","0","0","0","","","","","","0.028","Mon, 25 Apr 2022 14:45:20 GMT","","","","","1.1","","","","","","https://www.bowlerhat.co.uk/wp-content/uploads/2021/10/SEO-birmingham-image2.jpg","2026-07-30 14:25:40"
"https://www.bowlerhat.co.uk/2021/10/05/","text/html; charset=UTF-8","200","OK","Non-Indexable","noindex","October 5, 2021 - Bowler Hat","28","254","","0","0","","0","0","","0","","0","","0","October 5, 2021","15","","0","noindex, follow","","","","","","","","","107553","20230","20230","7.750","","138","28","4.929","81.676","Easy","1.922","3","3","","4","2","0","0.300","68","36","0","8","4","0","","","","","21a39c19182d808d27a670eee6e59886","0.030","Thu, 30 Jul 2026 13:21:57 GMT","","","","en-US","1.1","","","","","","https://www.bowlerhat.co.uk/2021/10/05/","2026-07-30 14:25:40"
"https://www.bowlerhat.co.uk/google-display-banner-ads-a-beginners-guide/","text/html; charset=UTF-8","200","OK","Indexable","","Google Display & Banner Ads: A Beginner’s Guide - Bowler Hat","60","548","Our guide will help you maximise conversions and optimise your digital campaigns to ensure you are getting the best bang for your buck.","135","839","","0","0","","0","Google Display & Banner Ads: A Beginner’s Guide","47","","0","Contents","8","Benefits of Display Banner Ads","30","index, follow, max-image-preview:large, max-snippet:-1, max-video-preview:-1","","","https://www.bowlerhat.co.uk/google-display-banner-ads-a-beginners-guide/","","","","","","163957","33002","33002","12.642","","3132","420","7.457","77.660","Fairly Easy","11.826","3","1","","31","6","0","0.890","92","38","0","8","4","0","","","","","85eb43899f5336c7f8cb86c283f05f31","0.101","","","","","en-US","1.1","","","","","","https://www.bowlerhat.co.uk/google-display-banner-ads-a-beginners-guide/","2026-07-30 14:25:40"
"https://www.bowlerhat.co.uk/wp-content/uploads/2021/10/SEO-birmingham-image1.jpg","image/jpeg","200","OK","Indexable","","","0","0","","0","0","","0","0","","0","","0","","0","","0","","0","","","","","","","","","","41370","41370","41370","15.848","","0","","","","","0.000","3","4","","0","0","0","0.000","0","0","0","0","0","0","","","","","","0.054","Mon, 25 Apr 2022 14:45:20 GMT","","","","","1.1","","","","","","https://www.bowlerhat.co.uk/wp-content/uploads/2021/10/SEO-birmingham-image1.jpg","2026-07-30 14:25:40"
"https://www.bowlerhat.co.uk/wp-content/uploads/2021/10/SEO-birmingham-image3.jpg","image/jpeg","200","OK","Indexable","","","0","0","","0","0","","0","0","","0","","0","","0","","0","","0","","","","","","","","","","9271","9271","9271","3.552","","0","","","","","0.000","3","4","","0","0","0","0.000","0","0","0","0","0","0","","","","","","0.033","Mon, 25 Apr 2022 14:45:20 GMT","","","","","1.1","","","","","","https://www.bowlerhat.co.uk/wp-content/uploads/2021/10/SEO-birmingham-image3.jpg","2026-07-30 14:25:40"
"https://www.bowlerhat.co.uk/the-80-20-rule/","text/html; charset=UTF-8","200","OK","Indexable","","The 80-20 Rule And How It Applies To Digital Marketing - Bowler Hat","67","605","The 80/20 rule tells us that 80% of our time and effort is often wasted - what can we do about this to be better marketers?","123","748","","0","0","","0","The 80-20 Rule And How It Applies To Digital Marketing","54","","0","Leave a Reply Cancel reply","26","","0","index, follow, max-image-preview:large, max-snippet:-1, max-video-preview:-1","","","https://www.bowlerhat.co.uk/the-80-20-rule/","","","","","","127876","25470","25470","9.757","","891","126","7.071","74.514","Fairly Easy","5.047","3","1","","27","12","0","1.780","80","46","0","14","8","0","","","","","33f93bf3af31048466aa8270e59bb5ef","0.050","","","","","en-US","1.1","","","","","","https://www.bowlerhat.co.uk/the-80-20-rule/","2026-07-30 14:25:40"
"https://www.bowlerhat.co.uk/wp-content/uploads/2021/10/SEO-birmingham-image4.jpg","image/jpeg","200","OK","Indexable","","","0","0","","0","0","","0","0","","0","","0","","0","","0","","0","","","","","","","","","","31018","31018","31018","11.882","","0","","","","","0.000","3","4","","0","0","0","0.000","0","0","0","0","0","0","","","","","","0.050","Mon, 25 Apr 2022 14:45:20 GMT","","","","","1.1","","","","","","https://www.bowlerhat.co.uk/wp-content/uploads/2021/10/SEO-birmingham-image4.jpg","2026-07-30 14:25:40"
"https://www.bowlerhat.co.uk/wp-content/uploads/2024/10/Web-1920-–-44.png","image/webp","200","OK","Indexable","","","0","0","","0","0","","0","0","","0","","0","","0","","0","","0","","","","","","","","","","10732","10732","10732","4.111","","0","","","","","0.000","3","4","","0","0","0","0.000","0","0","0","0","0","0","","","","","","0.018","Mon, 14 Oct 2024 08:16:20 GMT","","","","","1.1","","","","","","https://www.bowlerhat.co.uk/wp-content/uploads/2024/10/Web-1920-%E2%80%93-44.png","2026-07-30 14:25:40"
"https://www.bowlerhat.co.uk/wp-content/uploads/2024/03/Web-1920-–-14.jpg","image/jpeg","200","OK","Indexable","","","0","0","","0","0","","0","0","","0","","0","","0","","0","","0","","","","","","","","","","41783","41783","41783","16.006","","0","","","","","0.000","3","4","","0","0","0","0.000","0","0","0","0","0","0","","","","","","0.066","Tue, 26 Mar 2024 09:21:31 GMT","","","","","1.1","","","","","","https://www.bowlerhat.co.uk/wp-content/uploads/2024/03/Web-1920-%E2%80%93-14.jpg","2026-07-30 14:25:40"
"https://www.bowlerhat.co.uk/google-ads-the-4-key-success-factors/","text/html; charset=UTF-8","200","OK","Indexable","","Google Ads - The 4 Key PPC Success Factors - Bowler Hat","55","515","Learn about the 4 key success factors you must master to create Google Ads campaigns that turn clicks into customers. By Marcus Miller.","135","851","","0","0","","0","Google Ads – The 4 Key PPC Success Factors","42","","0","Part 1 – Introduction","21","Part 2 – Google Ads – The 4 Key PPC Success Factors","51","index, follow, max-image-preview:large, max-snippet:-1, max-video-preview:-1","","","https://www.bowlerhat.co.uk/google-ads-the-4-key-success-factors/","","","","","","147814","32344","32344","12.390","","3849","510","7.547","80.704","Easy","15.661","3","1","","38","16","0","2.370","91","39","0","13","9","0","","","","","45b644f515b2d5bc82cb6ec13fa646","0.083","","","","","en-US","1.1","","","","","","https://www.bowlerhat.co.uk/google-ads-the-4-key-success-factors/","2026-07-30 14:25:40"
"https://www.bowlerhat.co.uk/blog/page/2/","text/html; charset=UTF-8","200","OK","Indexable","","Digital Marketing Blog | Bowler Hat","35","309","Cutting-edge advice and guidance from our digital marketing experts across strategy, SEO, PPC, Web Design & Development, Social Media and Content Marketing.","156","996","","0","0","","0","","0","","0","Blog","4","","0","index, follow, max-image-preview:large, max-snippet:-1, max-video-preview:-1","","","https://www.bowlerhat.co.uk/blog/page/2/","https://www.bowlerhat.co.uk/blog/page/3/","https://www.bowlerhat.co.uk/blog/","","","","126335","22605","22605","8.660","","460","79","5.823","85.611","Easy","3.110","3","3","","8","4","0","0.590","98","48","0","8","4","0","","","","","ea0801361f461d358206e89cea6716b1","0.035","Thu, 30 Jul 2026 13:21:58 GMT","","","","en-US","1.1","","","","","","https://www.bowlerhat.co.uk/blog/page/2/","2026-07-30 14:25:41"
"https://www.bowlerhat.co.uk/how-to-combat-spam-leads-from-google-ads-the-ultimate-guide/","text/html; charset=UTF-8","200","OK","Indexable","","Google Ads Spam Leads - How To Remove From Account - Guide","58","578","Learn about spam leads caused by PMAX, then learn how to prevent them to improve your conversion tracking.","106","686","","0","0","","0","How To Combat Spam Leads From Google Ads – The Ultimate Guide","61","","0","Why are there so many spam leads?","33","Identifying the characteristics of spam leads","45","index, follow, max-image-preview:large, max-snippet:-1, max-video-preview:-1","","","https://www.bowlerhat.co.uk/how-to-combat-spam-leads-from-google-ads-the-ultimate-guide/","","","","","","152709","30131","30131","11.543","","2178","391","5.570","71.446","Fairly Easy","9.534","3","1","","23","7","0","1.040","82","38","0","13","9","0","","","","","1652a2e63abd7983b7aedada1ef89dff","0.087","","","","","en-US","1.1","","","","","","https://www.bowlerhat.co.uk/how-to-combat-spam-leads-from-google-ads-the-ultimate-guide/","2026-07-30 14:25:41"
"https://www.bowlerhat.co.uk/wp-content/uploads/2024/03/Web-1920-–-25.jpg","image/jpeg","200","OK","Indexable","","","0","0","","0","0","","0","0","","0","","0","","0","","0","","0","","","","","","","","","","29960","29960","29960","11.477","","0","","","","","0.000","3","4","","0","0","0","0.000","0","0","0","0","0","0","","","","","","0.035","Tue, 26 Mar 2024 09:22:15 GMT","","","","","1.1","","","","","","https://www.bowlerhat.co.uk/wp-content/uploads/2024/03/Web-1920-%E2%80%93-25.jpg","2026-07-30 14:25:41"
"https://www.bowlerhat.co.uk/wp-content/uploads/2024/12/Web-1920-–-44-1.png","image/webp","200","OK","Indexable","","","0","0","","0","0","","0","0","","0","","0","","0","","0","","0","","","","","","","","","","10798","10798","10798","4.137","","0","","","","","0.000","3","4","","0","0","0","0.000","0","0","0","0","0","0","","","","","","0.016","Tue, 03 Dec 2024 15:56:35 GMT","","","","","1.1","","","","","","https://www.bowlerhat.co.uk/wp-content/uploads/2024/12/Web-1920-%E2%80%93-44-1.png","2026-07-30 14:25:41"
"https://www.bowlerhat.co.uk/blog/page/3/","text/html; charset=UTF-8","200","OK","Indexable","","Digital Marketing Blog | Bowler Hat","35","309","Cutting-edge advice and guidance from our digital marketing experts across strategy, SEO, PPC, Web Design & Development, Social Media and Content Marketing.","156","996","","0","0","","0","","0","","0","Blog","4","","0","index, follow, max-image-preview:large, max-snippet:-1, max-video-preview:-1","","","https://www.bowlerhat.co.uk/blog/page/3/","https://www.bowlerhat.co.uk/blog/page/4/","https://www.bowlerhat.co.uk/blog/page/2/","","","","125660","22281","22281","8.535","","469","82","5.720","87.929","Easy","3.157","3","3","","9","5","0","0.740","99","47","0","8","4","0","","","","","189481bc4eb0492be2a08739fb206383","0.033","Thu, 30 Jul 2026 13:21:58 GMT","","","","en-US","1.1","","","","","","https://www.bowlerhat.co.uk/blog/page/3/","2026-07-30 14:25:41"
"https://www.bowlerhat.co.uk/wp-content/uploads/2024/02/Web-1920-–-25-1.jpg","image/jpeg","200","OK","Indexable","","","0","0","","0","0","","0","0","","0","","0","","0","","0","","0","","","","","","","","","","31857","31857","31857","12.204","","0","","","","","0.000","3","4","","0","0","0","0.000","0","0","0","0","0","0","","","","","","0.018","Tue, 26 Mar 2024 09:20:01 GMT","","","","","1.1","","","","","","https://www.bowlerhat.co.uk/wp-content/uploads/2024/02/Web-1920-%E2%80%93-25-1.jpg","2026-07-30 14:25:41"
"https://www.bowlerhat.co.uk/seo-tools-do-you-need-them/","text/html; charset=UTF-8","200","OK","Indexable","","Do you need SEO Tools? - Bowler Hat","35","328","There are many SEO tools out there but do you need to use them? Do they help? Or do they create SEO busy work? By Marcus Miller, Bowler Hat.","140","885","","0","0","","0","Do you need SEO Tools?","22","","0","SEO tools – help or hindrance?","30","What does Google say?","21","index, follow, max-image-preview:large, max-snippet:-1, max-video-preview:-1","","","https://www.bowlerhat.co.uk/seo-tools-do-you-need-them/","","","","","","138692","29522","29522","11.309","","2694","370","7.281","84.289","Easy","11.719","3","1","","26","10","0","1.480","85","40","0","16","10","0","","","","","452e5f11324c0dbd28e2453ba5e71da7","0.071","","","","","en-US","1.1","","","","","","https://www.bowlerhat.co.uk/seo-tools-do-you-need-them/","2026-07-30 14:25:41"
"https://www.bowlerhat.co.uk/blog/page/30/","text/html; charset=UTF-8","200","OK","Indexable","","Digital Marketing Blog | Bowler Hat","35","309","Cutting-edge advice and guidance from our digital marketing experts across strategy, SEO, PPC, Web Design & Development, Social Media and Content Marketing.","156","996","","0","0","","0","","0","","0","Blog","4","","0","index, follow, max-image-preview:large, max-snippet:-1, max-video-preview:-1","","","https://www.bowlerhat.co.uk/blog/page/30/","","https://www.bowlerhat.co.uk/blog/page/29/","","","","113818","21129","21129","8.094","","218","46","4.739","77.453","Fairly Easy","2.272","3","3","","33","30","0","4.450","78","41","0","8","4","0","","","","","2fce08ff4d6a5bcfcc151e171a3ca173","0.083","Thu, 30 Jul 2026 13:21:58 GMT","","","","en-US","1.1","","","","","","https://www.bowlerhat.co.uk/blog/page/30/","2026-07-30 14:25:41"
"https://www.bowlerhat.co.uk/wp-content/uploads/elementor/css/post-239.css?ver=1782983088","text/css","200","OK","Indexable","","","0","0","","0","0","","0","0","","0","","0","","0","","0","","0","","","","","","","","","","0","0","0","0.000","","0","","","","","0.000","3","4","","0","0","0","0.000","0","0","0","0","0","0","","","","","","0.035","Thu, 02 Jul 2026 09:04:48 GMT","","","","","1.1","","","","","","https://www.bowlerhat.co.uk/wp-content/uploads/elementor/css/post-239.css?ver=1782983088","2026-07-30 14:25:41"
"https://www.bowlerhat.co.uk/strategy-vs-tactics-digital-marketings-chicken-egg-problem/","text/html; charset=UTF-8","200","OK","Indexable","","Strategy vs Tactics - Digital Marketing’s Chicken & Egg Problem - Bowler Hat","76","678","","0","0","","0","0","","0","Strategy vs Tactics – Digital Marketing’s Chicken & Egg Problem","63","","0","The Tactical Trap","17","This is not a new idea.","23","index, follow, max-image-preview:large, max-snippet:-1, max-video-preview:-1","","","https://www.bowlerhat.co.uk/strategy-vs-tactics-digital-marketings-chicken-egg-problem/","","","","","","150910","32310","32310","12.377","","3134","450","6.964","67.980","Normal","13.302","3","1","","17","6","0","0.890","77","41","0","15","11","0","","","","","bfe69b04d038cf1e787447ef73e82afc","0.083","","","","","en-US","1.1","","","","","","https://www.bowlerhat.co.uk/strategy-vs-tactics-digital-marketings-chicken-egg-problem/","2026-07-30 14:25:41"
"https://www.bowlerhat.co.uk/wp-content/uploads/2024/02/Web-1920-–-25.jpg","image/jpeg","200","OK","Indexable","","","0","0","","0","0","","0","0","","0","","0","","0","","0","","0","","","","","","","","","","32205","32205","32205","12.337","","0","","","","","0.000","3","4","","0","0","0","0.000","0","0","0","0","0","0","","","","","","0.026","Tue, 26 Mar 2024 09:19:06 GMT","","","","","1.1","","","","","","https://www.bowlerhat.co.uk/wp-content/uploads/2024/02/Web-1920-%E2%80%93-25.jpg","2026-07-30 14:25:41"
"https://www.bowlerhat.co.uk/wp-content/uploads/elementor/css/post-225.css?ver=1782984921","text/css","200","OK","Indexable","","","0","0","","0","0","","0","0","","0","","0","","0","","0","","0","","","","","","","","","","0","0","0","0.000","","0","","","","","0.000","3","4","","0","0","0","0.000","0","0","0","0","0","0","","","","","","0.050","Thu, 02 Jul 2026 09:35:21 GMT","","","","","1.1","","","","","","https://www.bowlerhat.co.uk/wp-content/uploads/elementor/css/post-225.css?ver=1782984921","2026-07-30 14:25:41"
"https://www.bowlerhat.co.uk/wp-content/plugins/elementor/assets/css/widget-google_maps.min.css?ver=4.1.4","text/css","200","OK","Indexable","","","0","0","","0","0","","0","0","","0","","0","","0","","0","","0","","","","","","","","","","0","0","0","0.000","","0","","","","","0.000","3","5","","0","0","0","0.000","0","0","0","0","0","0","","","","","","0.039","Thu, 02 Jul 2026 08:47:43 GMT","","","","","1.1","","","","","","https://www.bowlerhat.co.uk/wp-content/plugins/elementor/assets/css/widget-google_maps.min.css?ver=4.1.4","2026-07-30 14:25:41"
"https://www.bowlerhat.co.uk/enhanced-coversions/","text/html; charset=UTF-8","200","OK","Indexable","","Enhanced Conversions | Google Tag Manager | Ultimate Guide","58","552","Learn about Enhanced Conversions, then learn to set them up inside Google Tag Manager and Google Ads to improve your conversion tracking.","137","883","","0","0","","0","Google Ads Enhanced Conversions – The Ultimate Guide","52","How to Set up Enhanced Conversions using Google Tag Manager","59","What are Enhanced Conversions?","30","Who is this guide for?","22","index, follow, max-image-preview:large, max-snippet:-1, max-video-preview:-1","","","https://www.bowlerhat.co.uk/enhanced-coversions/","","","","","","173673","33303","33303","12.758","","3006","540","5.567","76.396","Fairly Easy","11.105","3","1","","33","7","0","1.040","109","55","0","12","8","0","","","","","8a6d89c92a474824801277d6a2bba57a","0.049","","","","","en-US","1.1","","","","","","https://www.bowlerhat.co.uk/enhanced-coversions/","2026-07-30 14:25:41"
"https://www.bowlerhat.co.uk/tag/google/","text/html; charset=UTF-8","200","OK","Indexable","","Google Archives - Bowler Hat","28","259","","0","0","","0","0","","0","","0","","0","Google","6","","0","index, follow, max-image-preview:large, max-snippet:-1, max-video-preview:-1","","","https://www.bowlerhat.co.uk/tag/google/","https://www.bowlerhat.co.uk/tag/google/page/2/","","","","","129587","23016","23016","8.817","","476","79","6.025","83.950","Easy","3.079","3","2","","15","12","0","1.780","94","45","0","8","4","0","","","","","791ce75cb20195fae9a04b0a6d835eb4","0.026","Thu, 30 Jul 2026 13:21:58 GMT","","","","en-US","1.1","","","","","","https://www.bowlerhat.co.uk/tag/google/","2026-07-30 14:25:41"
"https://www.bowlerhat.co.uk/wp-content/uploads/2016/08/PPC-Audit.png","image/png","200","OK","Indexable","","","0","0","","0","0","","0","0","","0","","0","","0","","0","","0","","","","","","","","","","20472","20472","20472","7.842","","0","","","","","0.000","3","4","","0","0","0","0.000","0","0","0","0","0","0","","","","","","0.035","Mon, 25 Apr 2022 14:45:21 GMT","","","","","1.1","","","","","","https://www.bowlerhat.co.uk/wp-content/uploads/2016/08/PPC-Audit.png","2026-07-30 14:25:41"
"https://www.bowlerhat.co.uk/write-high-performing-ppc-ads-convert/","text/html; charset=UTF-8","200","OK","Indexable","","How To Write High-Performing PPC Ads That Convert - Bowler Hat","62","592","This post looks at how to write a high-performing Google Adwords Extended PPC ad that increases click-through rate, quality score, and conversion rate.","151","940","","0","0","","0","How To Write High-Performing PPC Ads That Convert","49","","0","Leave a Reply Cancel reply","26","","0","index, follow, max-image-preview:large, max-snippet:-1, max-video-preview:-1","","","https://www.bowlerhat.co.uk/write-high-performing-ppc-ads-convert/","","","","","","135439","26987","26987","10.338","","1298","165","7.867","78.273","Fairly Easy","6.491","3","1","","33","14","0","2.080","82","46","0","11","7","0","","","","","5843fe48caa0d71f8ec33ec8e42c0f3a","0.050","","","","","en-US","1.1","","","","","","https://www.bowlerhat.co.uk/write-high-performing-ppc-ads-convert/","2026-07-30 14:25:41"
"https://www.bowlerhat.co.uk/search-advertising-ppc-overview/","text/html; charset=UTF-8","200","OK","Indexable","","Search Advertising with PPC - An Overview - Bowler Hat","54","497","In this article, we are going to go into more detail on advertising your business using PPC on the popular search engines Google & Bing.","136","828","","0","0","","0","Search Advertising with PPC – An Overview","41","","0","Leave a Reply Cancel reply","26","","0","index, follow, max-image-preview:large, max-snippet:-1, max-video-preview:-1","","","https://www.bowlerhat.co.uk/search-advertising-ppc-overview/","","","","","","135046","27159","27159","10.404","","1342","193","6.953","78.488","Fairly Easy","6.651","3","1","","34","18","0","2.670","81","45","0","12","5","0","","","","","2b7665e522d516d96d09212805c09afb","0.066","","","","","en-US","1.1","","","","","","https://www.bowlerhat.co.uk/search-advertising-ppc-overview/","2026-07-30 14:25:41"
"https://www.bowlerhat.co.uk/wp-content/uploads/2022/03/Bowler-Hat_directions.pdf","application/pdf","200","OK","Indexable","","","0","0","","0","0","","0","0","","0","","0","","0","","0","","0","","","","","","","","","","1985669","1985669","1985669","760.672","","0","","","","","0.000","3","4","","3","3","0","0.450","0","0","0","0","0","0","","","","","","0.050","Mon, 25 Apr 2022 14:45:20 GMT","","","","","1.1","","","","","","https://www.bowlerhat.co.uk/wp-content/uploads/2022/03/Bowler-Hat_directions.pdf","2026-07-30 14:25:41"
"https://www.bowlerhat.co.uk/wp-content/uploads/2018/03/PPC-Guide-CTA.png","image/png","200","OK","Indexable","","","0","0","","0","0","","0","0","","0","","0","","0","","0","","0","","","","","","","","","","60469","60469","60469","23.165","","0","","","","","0.000","3","4","","0","0","0","0.000","0","0","0","0","0","0","","","","","","0.033","Mon, 25 Apr 2022 14:45:21 GMT","","","","","1.1","","","","","","https://www.bowlerhat.co.uk/wp-content/uploads/2018/03/PPC-Guide-CTA.png","2026-07-30 14:25:41"
"https://www.bowlerhat.co.uk/facebook-ad-formats-business-objectives/","text/html; charset=UTF-8","200","OK","Indexable","","Facebook Ad Formats To Meet Your Business Goals | Bowler Hat","60","574","To help you get started with advertising on Facebook, we look at the best Facebook ad formats that will help you meet your business objectives.","143","884","","0","0","","0","The Best Facebook Ad Formats That Will Help You Meet Your Business Objectives","77","","0","Leave a Reply Cancel reply","26","","0","index, follow, max-image-preview:large, max-snippet:-1, max-video-preview:-1","","","https://www.bowlerhat.co.uk/facebook-ad-formats-business-objectives/","","","","","","147943","30300","30300","11.607","","2746","431","6.371","74.793","Fairly Easy","11.675","3","1","","29","13","0","1.930","85","50","0","13","7","0","","","","","e3a20c2ec7efd1703a0f1d6beedefbac","0.051","","","","","en-US","1.1","","","","","","https://www.bowlerhat.co.uk/facebook-ad-formats-business-objectives/","2026-07-30 14:25:41"
"https://www.bowlerhat.co.uk/what-is-link-building-why-is-it-important/","text/html; charset=UTF-8","200","OK","Indexable","","What Is Link Building and Why Is It Important? | Bowler Hat","59","518","Link building is not the easiest SEO tactic to understand. So, we detail the who, what, where, when, and why of link building so you know what it is and why it is so important to your SEO strategy.","197","1191","","0","0","","0","What Is Link Building and Why Is It Important?","46","","0","What Is Link Building?","22","Why Is Link Building Important For My SEO?","42","index, follow, max-image-preview:large, max-snippet:-1, max-video-preview:-1","","","https://www.bowlerhat.co.uk/what-is-link-building-why-is-it-important/","","","","","","131028","25626","25626","9.817","","814","107","7.607","80.216","Easy","4.481","3","1","","33","16","0","2.370","89","51","0","18","12","0","","","","","a952702726cf3ea3e2495b351dba1642","0.067","","","","","en-US","1.1","","","","","","https://www.bowlerhat.co.uk/what-is-link-building-why-is-it-important/","2026-07-30 14:25:41"
"https://www.bowlerhat.co.uk/keyword-research-seo-basics-1/","text/html; charset=UTF-8","200","OK","Indexable","","Understanding Keywords for SEO - SEO Basics #1 - Bowler Hat","59","552","A look at the factors you should consider before doing keyword research and handling the optimisation of your site. SEO Basics #1 by BowlerHat.co.uk","148","928","","0","0","","0","Understanding Keywords for SEO – SEO Basics #1","46","","0","Leave a Reply Cancel reply","26","","0","index, follow, max-image-preview:large, max-snippet:-1, max-video-preview:-1","","","https://www.bowlerhat.co.uk/keyword-research-seo-basics-1/","","","","","","131472","26507","26507","10.154","","1421","183","7.765","85.419","Easy","6.920","3","1","","21","11","0","1.630","75","42","0","8","4","0","","","","","86d617a946aa12c7a05b9cfb943447b4","0.067","","","","","en-US","1.1","","","","","","https://www.bowlerhat.co.uk/keyword-research-seo-basics-1/","2026-07-30 14:25:41"
"https://www.bowlerhat.co.uk/wp-content/uploads/elementor/css/post-15088.css?ver=1782982728","text/css","200","OK","Indexable","","","0","0","","0","0","","0","0","","0","","0","","0","","0","","0","","","","","","","","","","0","0","0","0.000","","0","","","","","0.000","3","4","","0","0","0","0.000","0","0","0","0","0","0","","","","","","0.030","Thu, 02 Jul 2026 08:58:48 GMT","","","","","1.1","","","","","","https://www.bowlerhat.co.uk/wp-content/uploads/elementor/css/post-15088.css?ver=1782982728","2026-07-30 14:25:41"
"https://www.bowlerhat.co.uk/author/ben-griffin/","text/html; charset=UTF-8","200","OK","Indexable","","Ben Griffin, Author at Bowler Hat","33","290","","0","0","","0","0","","0","","0","","0","Ben Griffin","11","","0","index, follow, max-image-preview:large, max-snippet:-1, max-video-preview:-1","","","https://www.bowlerhat.co.uk/author/ben-griffin/","","","","","","111562","20991","20991","8.041","","183","35","5.229","83.643","Easy","2.090","3","2","","11","3","0","0.450","71","37","0","8","4","0","","","","","75f2c59f0da2c20dbddc3fa8fe0a500d","0.034","Thu, 30 Jul 2026 13:21:58 GMT","","","","en-US","1.1","","","","","","https://www.bowlerhat.co.uk/author/ben-griffin/","2026-07-30 14:25:41"
"https://www.bowlerhat.co.uk/tag/sem/","text/html; charset=UTF-8","200","OK","Indexable","","SEM Archives - Bowler Hat","25","236","","0","0","","0","0","","0","","0","","0","SEM","3","","0","index, follow, max-image-preview:large, max-snippet:-1, max-video-preview:-1","","","https://www.bowlerhat.co.uk/tag/sem/","","","","","","115516","21335","21335","8.173","","259","48","5.396","84.747","Easy","2.399","3","2","","7","5","0","0.740","77","39","0","8","4","0","","","","","89c1254aacfd8d78e6616cf81dbef771","0.031","Thu, 30 Jul 2026 13:21:58 GMT","","","","en-US","1.1","","","","","","https://www.bowlerhat.co.uk/tag/sem/","2026-07-30 14:25:41"
"https://www.bowlerhat.co.uk/tag/digital-marketing/","text/html; charset=UTF-8","200","OK","Indexable","","digital marketing Archives - Bowler Hat","39","347","","0","0","","0","0","","0","","0","","0","digital marketing","17","","0","index, follow, max-image-preview:large, max-snippet:-1, max-video-preview:-1","","","https://www.bowlerhat.co.uk/tag/digital-marketing/","https://www.bowlerhat.co.uk/tag/digital-marketing/page/2/","","","","","127853","22626","22626","8.668","","470","76","6.184","86.798","Easy","3.057","3","2","","59","56","0","8.310","96","45","0","8","4","0","","","","","6f0b7c84bca1ba3d5683b24d753e1eae","0.031","Thu, 30 Jul 2026 13:21:58 GMT","","","","en-US","1.1","","","","","","https://www.bowlerhat.co.uk/tag/digital-marketing/","2026-07-30 14:25:41"
"https://www.bowlerhat.co.uk/design-best-banner-ads/","text/html; charset=UTF-8","200","OK","Indexable","","How To Design The Best Banner Ads - Bowler Hat","46","439","Banner ads have been around since the start of the internet and still remain an effective way to get your business in front of potential customers.","147","890","","0","0","","0","How To Design The Best Banner Ads","33","","0","Leave a Reply Cancel reply","26","","0","index, follow, max-image-preview:large, max-snippet:-1, max-video-preview:-1","","","https://www.bowlerhat.co.uk/design-best-banner-ads/","","","","","","129111","25728","25728","9.856","","1046","152","6.882","81.604","Easy","5.607","3","1","","29","14","0","2.080","77","44","0","9","5","0","","","","","43e85e0b8f017f92e6038039455cbf73","0.046","","","","","en-US","1.1","","","","","","https://www.bowlerhat.co.uk/design-best-banner-ads/","2026-07-30 14:25:41"
"https://www.bowlerhat.co.uk/online-advertising-options/","text/html; charset=UTF-8","200","OK","Indexable","","Online Advertising - What Are Your Options? - Bowler Hat","56","505","Online advertising is a good place to start a digital marketing campaign. This article looks at the options for advertising online.","131","774","","0","0","","0","Online Advertising – What Are Your Options?","43","","0","Leave a Reply Cancel reply","26","","0","index, follow, max-image-preview:large, max-snippet:-1, max-video-preview:-1","","","https://www.bowlerhat.co.uk/online-advertising-options/","","","","","","136173","27696","27696","10.610","","1612","230","7.009","67.888","Normal","7.964","3","1","","39","23","0","3.410","89","50","0","12","5","0","","","","","d316b3a9936734694b268f7dedc6e6da","0.050","","","","","en-US","1.1","","","","","","https://www.bowlerhat.co.uk/online-advertising-options/","2026-07-30 14:25:41"
"https://www.bowlerhat.co.uk/tag/ppc/","text/html; charset=UTF-8","200","OK","Indexable","","ppc Archives - Bowler Hat","25","228","","0","0","","0","0","","0","","0","","0","ppc","3","","0","index, follow, max-image-preview:large, max-snippet:-1, max-video-preview:-1","","","https://www.bowlerhat.co.uk/tag/ppc/","https://www.bowlerhat.co.uk/tag/ppc/page/2/","","","","","128802","22933","22933","8.785","","466","79","5.899","82.662","Easy","3.071","3","2","","15","12","0","1.780","94","45","0","8","4","0","","","","","6a24e0a93371c15fca1eda42f36de79","0.056","Thu, 30 Jul 2026 13:21:58 GMT","","","","en-US","1.1","","","","","","https://www.bowlerhat.co.uk/tag/ppc/","2026-07-30 14:25:41"
"https://www.bowlerhat.co.uk/optimise-site-speed-choosing-best-themes-plugins/","text/html; charset=UTF-8","200","OK","Indexable","","How To Optimise Site Speed by Choosing the Best Themes and Plugins - Bowler Hat","79","748","I have created guidelines on how to optimise the speed of your website by choosing a fast theme and avoiding installing plugins which could slow your website down.","163","1016","","0","0","","0","How To Optimise Site Speed by Choosing the Best Themes and Plugins","66","","0","Themes","6","Plugins","7","index, follow, max-image-preview:large, max-snippet:-1, max-video-preview:-1","","","https://www.bowlerhat.co.uk/optimise-site-speed-choosing-best-themes-plugins/","","","","","","133621","26672","26672","10.218","","1341","178","7.534","76.357","Fairly Easy","6.728","3","1","","26","11","0","1.630","92","54","0","14","8","0","","","","","9ece3ca5e249444cc8bc813a138ff2ad","0.054","","","","","en-US","1.1","","","","","","https://www.bowlerhat.co.uk/optimise-site-speed-choosing-best-themes-plugins/","2026-07-30 14:25:41"
"https://www.bowlerhat.co.uk/2018/03/29/","text/html; charset=UTF-8","200","OK","Non-Indexable","noindex","March 29, 2018 - Bowler Hat","27","250","","0","0","","0","0","","0","","0","","0","March 29, 2018","14","","0","noindex, follow","","","","","","","","","107456","20271","20271","7.765","","140","29","4.828","86.516","Easy","1.945","3","3","","4","2","0","0.300","68","36","0","8","4","0","","","","","23dc353b67ee3738ac6ea7e9db479025","0.032","Thu, 30 Jul 2026 13:21:58 GMT","","","","en-US","1.1","","","","","","https://www.bowlerhat.co.uk/2018/03/29/","2026-07-30 14:25:42"
"https://www.bowlerhat.co.uk/targeting-going-after-everyone-is-going-for-no-one/","text/html; charset=UTF-8","200","OK","Indexable","","Targeting - Going after everyone is going for no one | Bowler Hat","65","570","Most businesses have more than one kind of customer but only one kind of marketing. Segmentation and targeting can take your results to the next level.","151","943","","0","0","","0","Targeting – Going After Everyone Is Going For No One","52","","0","Leave a Reply Cancel reply","26","","0","index, follow, max-image-preview:large, max-snippet:-1, max-video-preview:-1","","","https://www.bowlerhat.co.uk/targeting-going-after-everyone-is-going-for-no-one/","","","","","","127738","25252","25252","9.674","","815","139","5.863","78.188","Fairly Easy","4.612","3","1","","29","16","0","2.370","77","44","0","8","4","0","","","","","31d802a5c38a0ca178200640f2cc2555","0.054","","","","","en-US","1.1","","","","","","https://www.bowlerhat.co.uk/targeting-going-after-everyone-is-going-for-no-one/","2026-07-30 14:25:41"
"https://www.bowlerhat.co.uk/wp-content/plugins/elementor-pro/assets/css/widget-form.min.css?ver=4.1.2","text/css","200","OK","Indexable","","","0","0","","0","0","","0","0","","0","","0","","0","","0","","0","","","","","","","","","","0","0","0","0.000","","0","","","","","0.000","3","5","","0","0","0","0.000","0","0","0","0","0","0","","","","","","0.020","Thu, 02 Jul 2026 08:47:44 GMT","","","","","1.1","","","","","","https://www.bowlerhat.co.uk/wp-content/plugins/elementor-pro/assets/css/widget-form.min.css?ver=4.1.2","2026-07-30 14:25:42"
"https://www.bowlerhat.co.uk/contact","text/html; charset=UTF-8","301","Moved Permanently","Non-Indexable","Redirected","","0","0","","0","0","","0","0","","0","","0","","0","","0","","0","","","","","","","","","","0","0","0","0.000","","0","","","","","0.000","3","0","","2","1","0","0.150","0","0","0","0","0","0","","","","","","0.023","","https://www.bowlerhat.co.uk/contact-us/","HTTP Redirect","","","1.1","","","","","","https://www.bowlerhat.co.uk/contact","2026-07-30 14:25:42"
"https://www.bowlerhat.co.uk/keyword-research/","text/html; charset=UTF-8","200","OK","Indexable","","A Fresh Look at Keyword Research | BowlerHat.co.uk","50","469","A fresh look at keyword research for 2012 in an effort to squeeze every last bit of value from one of the SEO easy wins.","120","727","","0","0","","0","A Fresh Look at Keyword Research – SEO Basics #2","48","","0","","0","Leave a Reply Cancel reply","26","index, follow, max-image-preview:large, max-snippet:-1, max-video-preview:-1","","","https://www.bowlerhat.co.uk/keyword-research/","","","","","","138909","28948","28948","11.089","","2439","311","7.842","85.624","Easy","10.584","3","1","","19","9","0","1.340","77","41","0","17","12","0","","","","","78248e7374713441fa5818eaa88cbcfd","0.051","","","","","en-US","1.1","","","","","","https://www.bowlerhat.co.uk/keyword-research/","2026-07-30 14:25:42"
"https://www.bowlerhat.co.uk/wp-content/uploads/elementor/css/post-14771.css?ver=1782982244","text/css","200","OK","Indexable","","","0","0","","0","0","","0","0","","0","","0","","0","","0","","0","","","","","","","","","","0","0","0","0.000","","0","","","","","0.000","3","4","","0","0","0","0.000","0","0","0","0","0","0","","","","","","0.053","Thu, 02 Jul 2026 08:50:44 GMT","","","","","1.1","","","","","","https://www.bowlerhat.co.uk/wp-content/uploads/elementor/css/post-14771.css?ver=1782982244","2026-07-30 14:25:42"
"https://www.bowlerhat.co.uk/wp-content/uploads/2022/04/Brand-Book-scaled.jpg","image/jpeg","200","OK","Indexable","","","0","0","","0","0","","0","0","","0","","0","","0","","0","","0","","","","","","","","","","93307","93307","93307","35.744","","0","","","","","0.000","3","4","","0","0","0","0.000","0","0","0","0","0","0","","","","","","0.023","Tue, 26 Apr 2022 09:10:13 GMT","","","","","1.1","","","","","","https://www.bowlerhat.co.uk/wp-content/uploads/2022/04/Brand-Book-scaled.jpg","2026-07-30 14:25:42"
"https://www.bowlerhat.co.uk/wp-content/uploads/2022/04/BowlerHat-Business-Cards-1.png","image/png","200","OK","Indexable","","","0","0","","0","0","","0","0","","0","","0","","0","","0","","0","","","","","","","","","","7724470","7724470","7724470","2959.098","","0","","","","","0.000","3","4","","0","0","0","0.000","0","0","0","0","0","0","","","","","","0.045","Tue, 26 Apr 2022 09:39:15 GMT","","","","","1.1","","","","","","https://www.bowlerhat.co.uk/wp-content/uploads/2022/04/BowlerHat-Business-Cards-1.png","2026-07-30 14:25:42"
"https://www.bowlerhat.co.uk/reasons-not-yell-web-design/","text/html; charset=UTF-8","200","OK","Indexable","","Yell Websites - 9 Reasons Not To Use Yell For Web Design | Bowler Hat","69","629","As a small business, your website is crucially important. In this article, we look at the problems with Yell websites so you can make an informed decision who to use when building your next business website. By Marcus Miller of Bowler Hat.","239","1459","","0","0","","0","Yell Websites – 9 Reasons Not To Use Yell For Your Web Design","61","","0","Yell.com – A Brief History Lesson","33","Yell Website Design – The Problems","34","index, follow, max-image-preview:large, max-snippet:-1, max-video-preview:-1","","","https://www.bowlerhat.co.uk/reasons-not-yell-web-design/","","","","","","166307","35295","35295","13.521","","3819","580","6.584","85.314","Easy","13.774","3","1","","66","15","0","2.230","135","59","0","20","15","0","","","","","de76ae50c4c58aa8cf165d0de08250a1","0.081","","","","","en-US","1.1","","","","","","https://www.bowlerhat.co.uk/reasons-not-yell-web-design/","2026-07-30 14:25:42"
"https://www.bowlerhat.co.uk/wp-content/uploads/2018/08/Web-1920-–-17.png","image/png","200","OK","Indexable","","","0","0","","0","0","","0","0","","0","","0","","0","","0","","0","","","","","","","","","","28867","28867","28867","11.058","","0","","","","","0.000","3","4","","0","0","0","0.000","0","0","0","0","0","0","","","","","","0.043","Mon, 25 Apr 2022 14:45:20 GMT","","","","","1.1","","","","","","https://www.bowlerhat.co.uk/wp-content/uploads/2018/08/Web-1920-%E2%80%93-17.png","2026-07-30 14:25:42"
"https://www.bowlerhat.co.uk/services/web-design/website-questionnaire/","text/html; charset=UTF-8","200","OK","Indexable","","New Website Questionnaire - Bowler Hat","38","362","","0","0","","0","0","","0","New Website Questionnaire","25","","0","","0","","0","index, follow, max-image-preview:large, max-snippet:-1, max-video-preview:-1","","","https://www.bowlerhat.co.uk/services/web-design/website-questionnaire/","","","","","","128998","24297","24297","9.308","","350","63","5.556","77.197","Fairly Easy","2.572","3","3","","11","4","0","0.590","66","36","0","8","4","0","","","","","ed21ee50febf94da428f19e2254d53c9","0.068","Thu, 30 Jul 2026 13:22:00 GMT","","","","en-US","1.1","","","","","","https://www.bowlerhat.co.uk/services/web-design/website-questionnaire/","2026-07-30 14:25:42"
"https://www.bowlerhat.co.uk/how-important-is-web-hosting-for-seo/","text/html; charset=UTF-8","200","OK","Indexable","","How Important Is Web Hosting For SEO? - Bowler Hat","50","471","Web hosting comes in many shapes and sizes. But how important is the quality of your website hosting for your SEO? In this article we look at just important hosting quality is for SEO and how to grade your current hosting and identify the best hosting provider. By Marcus Miller - Bowler Hat.","292","1786","","0","0","","0","How Important Is Web Hosting For SEO?","37","","0","Hosting Is Your Website’s Home On The Web","41","1. Speed","8","index, follow, max-image-preview:large, max-snippet:-1, max-video-preview:-1","","","https://www.bowlerhat.co.uk/how-important-is-web-hosting-for-seo/","","","","","","135489","27676","27676","10.602","","1731","256","6.762","74.856","Fairly Easy","8.309","3","1","","36","14","0","2.080","89","46","0","11","7","0","","","","","386b3cb564f9849e64d4bbec01ac9fd2","0.051","","","","","en-US","1.1","","","","","","https://www.bowlerhat.co.uk/how-important-is-web-hosting-for-seo/","2026-07-30 14:25:42"
"https://www.bowlerhat.co.uk/wp-content/uploads/2021/01/Web-1920-–-20.png","image/png","200","OK","Indexable","","","0","0","","0","0","","0","0","","0","","0","","0","","0","","0","","","","","","","","","","15261","15261","15261","5.846","","0","","","","","0.000","3","4","","0","0","0","0.000","0","0","0","0","0","0","","","","","","0.052","Mon, 25 Apr 2022 14:45:20 GMT","","","","","1.1","","","","","","https://www.bowlerhat.co.uk/wp-content/uploads/2021/01/Web-1920-%E2%80%93-20.png","2026-07-30 14:25:42"
"https://www.bowlerhat.co.uk/wp-content/uploads/2022/01/Web-1920-–-16.png","image/png","200","OK","Indexable","","","0","0","","0","0","","0","0","","0","","0","","0","","0","","0","","","","","","","","","","15969","15969","15969","6.117","","0","","","","","0.000","3","4","","0","0","0","0.000","0","0","0","0","0","0","","","","","","0.016","Mon, 25 Apr 2022 14:45:20 GMT","","","","","1.1","","","","","","https://www.bowlerhat.co.uk/wp-content/uploads/2022/01/Web-1920-%E2%80%93-16.png","2026-07-30 14:25:42"
"https://www.bowlerhat.co.uk/how-good-hosting-speeds-up-wordpress-by-over-200/","text/html; charset=UTF-8","200","OK","Indexable","","How Good Hosting Speeds Up WordPress by Over 200% - Bowler Hat","62","608","In this article we show how simply moving to a truly optimised hosting environment can triple site performance without tons of technical overhead.","146","902","","0","0","","0","How Good Hosting Speeds Up WordPress by Over 200%","49","","0","Hosting with WP Engine","22","The Experiment","14","index, follow, max-image-preview:large, max-snippet:-1, max-video-preview:-1","","","https://www.bowlerhat.co.uk/how-good-hosting-speeds-up-wordpress-by-over-200/","","","","","","135277","26422","26422","10.122","","1026","162","6.333","79.526","Fairly Easy","5.348","3","1","","35","14","0","2.080","85","49","0","9","5","0","","","","","369edbd4f14cd7fbdc7937c7afaa82b3","0.060","","","","","en-US","1.1","","","","","","https://www.bowlerhat.co.uk/how-good-hosting-speeds-up-wordpress-by-over-200/","2026-07-30 14:25:42"
"https://www.bowlerhat.co.uk/wp-content/uploads/2022/08/sam-01-optimised-1.png","image/png","200","OK","Indexable","","","0","0","","0","0","","0","0","","0","","0","","0","","0","","0","","","","","","","","","","316695","316695","316695","121.320","","0","","","","","0.000","3","4","","0","0","0","0.000","0","0","0","0","0","0","","","","","","0.030","Tue, 09 Aug 2022 08:02:50 GMT","","","","","1.1","","","","","","https://www.bowlerhat.co.uk/wp-content/uploads/2022/08/sam-01-optimised-1.png","2026-07-30 14:25:42"
"https://www.bowlerhat.co.uk/wp-content/uploads/2022/03/beth-01-optimised.jpg","image/jpeg","200","OK","Indexable","","","0","0","","0","0","","0","0","","0","","0","","0","","0","","0","","","","","","","","","","38134","38134","38134","14.608","","0","","","","","0.000","3","4","","0","0","0","0.000","0","0","0","0","0","0","","","","","","0.065","Mon, 25 Apr 2022 14:45:20 GMT","","","","","1.1","","","","","","https://www.bowlerhat.co.uk/wp-content/uploads/2022/03/beth-01-optimised.jpg","2026-07-30 14:25:42"
"https://www.bowlerhat.co.uk/wp-content/uploads/2022/03/andrew-02-optimised.jpg","image/jpeg","200","OK","Indexable","","","0","0","","0","0","","0","0","","0","","0","","0","","0","","0","","","","","","","","","","28437","28437","28437","10.894","","0","","","","","0.000","3","4","","0","0","0","0.000","0","0","0","0","0","0","","","","","","0.011","Mon, 25 Apr 2022 14:45:20 GMT","","","","","1.1","","","","","","https://www.bowlerhat.co.uk/wp-content/uploads/2022/03/andrew-02-optimised.jpg","2026-07-30 14:25:42"
"https://www.bowlerhat.co.uk/wp-content/uploads/elementor/css/post-189.css?ver=1782983660","text/css","200","OK","Indexable","","","0","0","","0","0","","0","0","","0","","0","","0","","0","","0","","","","","","","","","","0","0","0","0.000","","0","","","","","0.000","3","4","","0","0","0","0.000","0","0","0","0","0","0","","","","","","0.044","Thu, 02 Jul 2026 09:14:20 GMT","","","","","1.1","","","","","","https://www.bowlerhat.co.uk/wp-content/uploads/elementor/css/post-189.css?ver=1782983660","2026-07-30 14:25:42"
"https://www.bowlerhat.co.uk/wp-content/uploads/2022/03/jon-01-optimised.jpg","image/jpeg","200","OK","Indexable","","","0","0","","0","0","","0","0","","0","","0","","0","","0","","0","","","","","","","","","","34942","34942","34942","13.386","","0","","","","","0.000","3","4","","0","0","0","0.000","0","0","0","0","0","0","","","","","","0.050","Mon, 25 Apr 2022 14:45:20 GMT","","","","","1.1","","","","","","https://www.bowlerhat.co.uk/wp-content/uploads/2022/03/jon-01-optimised.jpg","2026-07-30 14:25:42"
"https://www.bowlerhat.co.uk/wp-content/uploads/2022/03/sam-01-optimised.jpg","image/jpeg","200","OK","Indexable","","","0","0","","0","0","","0","0","","0","","0","","0","","0","","0","","","","","","","","","","36002","36002","36002","13.792","","0","","","","","0.000","3","4","","0","0","0","0.000","0","0","0","0","0","0","","","","","","0.052","Mon, 25 Apr 2022 14:45:20 GMT","","","","","1.1","","","","","","https://www.bowlerhat.co.uk/wp-content/uploads/2022/03/sam-01-optimised.jpg","2026-07-30 14:25:42"
"https://www.bowlerhat.co.uk/wp-content/uploads/2022/04/b0d7c9f5-fb53-4b2e-8bdd-a03fb85c5d95.png","image/png","200","OK","Indexable","","","0","0","","0","0","","0","0","","0","","0","","0","","0","","0","","","","","","","","","","881146","881146","881146","337.550","","0","","","","","0.000","3","4","","0","0","0","0.000","0","0","0","0","0","0","","","","","","0.041","Mon, 25 Apr 2022 14:45:20 GMT","","","","","1.1","","","","","","https://www.bowlerhat.co.uk/wp-content/uploads/2022/04/b0d7c9f5-fb53-4b2e-8bdd-a03fb85c5d95.png","2026-07-30 14:25:43"
"https://www.bowlerhat.co.uk/wp-content/uploads/2022/03/marcus-03-optimised-1.jpg","image/jpeg","200","OK","Indexable","","","0","0","","0","0","","0","0","","0","","0","","0","","0","","0","","","","","","","","","","34435","34435","34435","13.191","","0","","","","","0.000","3","4","","0","0","0","0.000","0","0","0","0","0","0","","","","","","0.033","Mon, 25 Apr 2022 14:45:20 GMT","","","","","1.1","","","","","","https://www.bowlerhat.co.uk/wp-content/uploads/2022/03/marcus-03-optimised-1.jpg","2026-07-30 14:25:43"
"https://www.bowlerhat.co.uk/wp-content/uploads/elementor/css/post-202.css?ver=1782982484","text/css","200","OK","Indexable","","","0","0","","0","0","","0","0","","0","","0","","0","","0","","0","","","","","","","","","","0","0","0","0.000","","0","","","","","0.000","3","4","","0","0","0","0.000","0","0","0","0","0","0","","","","","","0.050","Thu, 02 Jul 2026 08:54:44 GMT","","","","","1.1","","","","","","https://www.bowlerhat.co.uk/wp-content/uploads/elementor/css/post-202.css?ver=1782982484","2026-07-30 14:25:43"
"https://www.bowlerhat.co.uk/wp-content/uploads/2022/04/Shipping-Containers-for-Sale-Rent-London-Felixstowe-Boxtor.jpg","image/jpeg","200","OK","Indexable","","","0","0","","0","0","","0","0","","0","","0","","0","","0","","0","","","","","","","","","","220795","220795","220795","84.582","","0","","","","","0.000","3","4","","0","0","0","0.000","0","0","0","0","0","0","","","","","","0.067","Thu, 28 Apr 2022 13:10:53 GMT","","","","","1.1","","","","","","https://www.bowlerhat.co.uk/wp-content/uploads/2022/04/Shipping-Containers-for-Sale-Rent-London-Felixstowe-Boxtor.jpg","2026-07-30 14:25:43"
"https://www.bowlerhat.co.uk/wp-content/uploads/2022/04/b.solutions-Cloud-based-System-Integrations-for-Retail-Businesses.jpg","image/jpeg","200","OK","Indexable","","","0","0","","0","0","","0","0","","0","","0","","0","","0","","0","","","","","","","","","","84237","84237","84237","32.270","","0","","","","","0.000","3","4","","0","0","0","0.000","0","0","0","0","0","0","","","","","","0.034","Thu, 28 Apr 2022 13:08:02 GMT","","","","","1.1","","","","","","https://www.bowlerhat.co.uk/wp-content/uploads/2022/04/b.solutions-Cloud-based-System-Integrations-for-Retail-Businesses.jpg","2026-07-30 14:25:43"
"https://www.bowlerhat.co.uk/wp-content/uploads/2021/06/wpengine-logo-transparent.png","image/png","200","OK","Indexable","","","0","0","","0","0","","0","0","","0","","0","","0","","0","","0","","","","","","","","","","3616","3616","3616","1.385","","0","","","","","0.000","3","4","","0","0","0","0.000","0","0","0","0","0","0","","","","","","0.051","Mon, 25 Apr 2022 14:45:20 GMT","","","","","1.1","","","","","","https://www.bowlerhat.co.uk/wp-content/uploads/2021/06/wpengine-logo-transparent.png","2026-07-30 14:25:43"
"https://www.bowlerhat.co.uk/website-planning-guide-for-start-ups-and-small-businesses/","text/html; charset=UTF-8","200","OK","Indexable","","Website Planning Guide - Bowler Hat","35","327","This guide sets out everything you need to consider when planning a website for a startup or small business.","108","666","","0","0","","0","Website Planning Guide","22","Introduction","12","Domain Names","12","Website Hosting","15","index, follow, max-image-preview:large, max-snippet:-1, max-video-preview:-1","","","https://www.bowlerhat.co.uk/website-planning-guide-for-start-ups-and-small-businesses/","","","","","","141603","30312","30312","11.612","","3023","423","7.147","71.128","Fairly Easy","13.434","3","1","","17","8","0","1.190","83","46","0","13","9","0","","","","","c10da9f36f459e9fe485a0ce0081cd90","0.084","","","","","en-US","1.1","","","","","","https://www.bowlerhat.co.uk/website-planning-guide-for-start-ups-and-small-businesses/","2026-07-30 14:25:43"
"https://www.bowlerhat.co.uk/wp-content/plugins/elementor-pro/assets/css/widget-price-table.min.css?ver=4.1.2","text/css","200","OK","Indexable","","","0","0","","0","0","","0","0","","0","","0","","0","","0","","0","","","","","","","","","","0","0","0","0.000","","0","","","","","0.000","3","5","","0","0","0","0.000","0","0","0","0","0","0","","","","","","0.028","Thu, 02 Jul 2026 08:47:44 GMT","","","","","1.1","","","","","","https://www.bowlerhat.co.uk/wp-content/plugins/elementor-pro/assets/css/widget-price-table.min.css?ver=4.1.2","2026-07-30 14:25:43"
"https://www.bowlerhat.co.uk/wp-content/plugins/elementor-pro/assets/css/conditionals/ribbon.min.css?ver=4.1.2","text/css","200","OK","Indexable","","","0","0","","0","0","","0","0","","0","","0","","0","","0","","0","","","","","","","","","","0","0","0","0.000","","0","","","","","0.000","3","6","","0","0","0","0.000","0","0","0","0","0","0","","","","","","0.051","Thu, 02 Jul 2026 08:47:44 GMT","","","","","1.1","","","","","","https://www.bowlerhat.co.uk/wp-content/plugins/elementor-pro/assets/css/conditionals/ribbon.min.css?ver=4.1.2","2026-07-30 14:25:43"
"https://www.bowlerhat.co.uk/wp-content/uploads/elementor/css/post-14142.css?ver=1782985862","text/css","200","OK","Indexable","","","0","0","","0","0","","0","0","","0","","0","","0","","0","","0","","","","","","","","","","0","0","0","0.000","","0","","","","","0.000","3","4","","0","0","0","0.000","0","0","0","0","0","0","","","","","","0.107","Thu, 02 Jul 2026 09:51:02 GMT","","","","","1.1","","","","","","https://www.bowlerhat.co.uk/wp-content/uploads/elementor/css/post-14142.css?ver=1782985862","2026-07-30 14:25:43"
"https://www.bowlerhat.co.uk/wp-content/uploads/2024/10/airport-case-study.png","image/png","200","OK","Indexable","","","0","0","","0","0","","0","0","","0","","0","","0","","0","","0","","","","","","","","","","443166","443166","443166","169.768","","0","","","","","0.000","3","4","","0","0","0","0.000","0","0","0","0","0","0","","","","","","0.063","Thu, 24 Oct 2024 09:42:01 GMT","","","","","1.1","","","","","","https://www.bowlerhat.co.uk/wp-content/uploads/2024/10/airport-case-study.png","2026-07-30 14:25:43"
"https://www.bowlerhat.co.uk/wp-content/uploads/elementor/css/post-15310.css?ver=1782988683","text/css","200","OK","Indexable","","","0","0","","0","0","","0","0","","0","","0","","0","","0","","0","","","","","","","","","","0","0","0","0.000","","0","","","","","0.000","3","4","","0","0","0","0.000","0","0","0","0","0","0","","","","","","0.038","Thu, 02 Jul 2026 10:38:03 GMT","","","","","1.1","","","","","","https://www.bowlerhat.co.uk/wp-content/uploads/elementor/css/post-15310.css?ver=1782988683","2026-07-30 14:25:43"
"https://www.bowlerhat.co.uk/wp-content/uploads/elementor/css/post-15277.css?ver=1782988683","text/css","200","OK","Indexable","","","0","0","","0","0","","0","0","","0","","0","","0","","0","","0","","","","","","","","","","0","0","0","0.000","","0","","","","","0.000","3","4","","0","0","0","0.000","0","0","0","0","0","0","","","","","","0.059","Thu, 02 Jul 2026 10:38:03 GMT","","","","","1.1","","","","","","https://www.bowlerhat.co.uk/wp-content/uploads/elementor/css/post-15277.css?ver=1782988683","2026-07-30 14:25:43"
"https://www.bowlerhat.co.uk/wp-content/uploads/2017/06/site-bowlerhat.co_.uk_.png","image/png","200","OK","Indexable","","","0","0","","0","0","","0","0","","0","","0","","0","","0","","0","","","","","","","","","","61769","61769","61769","23.663","","0","","","","","0.000","3","4","","0","0","0","0.000","0","0","0","0","0","0","","","","","","0.038","Mon, 25 Apr 2022 14:45:21 GMT","","","","","1.1","","","","","","https://www.bowlerhat.co.uk/wp-content/uploads/2017/06/site-bowlerhat.co_.uk_.png","2026-07-30 14:25:43"
"https://www.bowlerhat.co.uk/services/seo/small-business-local/","text/html; charset=UTF-8","301","Moved Permanently","Non-Indexable","Redirected","","0","0","","0","0","","0","0","","0","","0","","0","","0","","0","","","","","","","","","","0","0","0","0.000","","0","","","","","0.000","3","3","","15","11","0","1.630","0","0","0","0","0","0","","","","","","0.050","","https://www.bowlerhat.co.uk/services/seo/","HTTP Redirect","","","1.1","","","","","","https://www.bowlerhat.co.uk/services/seo/small-business-local/","2026-07-30 14:25:43"
"https://www.bowlerhat.co.uk/services/content/","text/html; charset=UTF-8","301","Moved Permanently","Non-Indexable","Redirected","","0","0","","0","0","","0","0","","0","","0","","0","","0","","0","","","","","","","","","","0","0","0","0.000","","0","","","","","0.000","3","2","","19","18","0","2.670","0","0","0","0","0","0","","","","","","0.050","","https://www.bowlerhat.co.uk/content-and-the-customer-buying-cycle/","HTTP Redirect","","","1.1","","","","","","https://www.bowlerhat.co.uk/services/content/","2026-07-30 14:25:43"
"https://www.bowlerhat.co.uk/noise-trust-nap-consistency/","text/html; charset=UTF-8","200","OK","Indexable","","NAP Consistency - A structured approach for local businesses","60","549","A structured approach to ensuring the consistency of your citations across the world wide web to help boost your local ranking.","127","785","","0","0","","0","Noise, Trust & The Importance of NAP Consistency","48","","0","","0","Leave a Reply Cancel reply","26","index, follow, max-image-preview:large, max-snippet:-1, max-video-preview:-1","","","https://www.bowlerhat.co.uk/noise-trust-nap-consistency/","","","","","","143820","30985","30985","11.870","","3199","457","7.000","82.337","Easy","13.302","3","1","","22","12","0","1.780","80","44","0","11","7","0","","","","","8b920d81bbf1224241890e1cde351608","0.083","","","","","en-US","1.1","","","","","","https://www.bowlerhat.co.uk/noise-trust-nap-consistency/","2026-07-30 14:25:43"
"https://www.bowlerhat.co.uk/2024/02/10/","text/html; charset=UTF-8","200","OK","Non-Indexable","noindex","February 10, 2024 - Bowler Hat","30","272","","0","0","","0","0","","0","","0","","0","February 10, 2024","17","","0","noindex, follow","","","","","","","","","107158","20172","20172","7.728","","135","26","5.192","89.391","Easy","1.901","3","3","","4","2","0","0.300","68","36","0","8","4","0","","","","","72c8c5c7f5ff484d00b77075364ab410","0.032","Thu, 30 Jul 2026 13:22:01 GMT","","","","en-US","1.1","","","","","","https://www.bowlerhat.co.uk/2024/02/10/","2026-07-30 14:25:43"
"https://www.bowlerhat.co.uk/wp-content/uploads/2017/06/seo-birmingham.png","image/png","200","OK","Indexable","","","0","0","","0","0","","0","0","","0","","0","","0","","0","","0","","","","","","","","","","12554","12554","12554","4.809","","0","","","","","0.000","3","4","","0","0","0","0.000","0","0","0","0","0","0","","","","","","0.054","Mon, 25 Apr 2022 14:45:21 GMT","","","","","1.1","","","","","","https://www.bowlerhat.co.uk/wp-content/uploads/2017/06/seo-birmingham.png","2026-07-30 14:25:43"
"https://www.bowlerhat.co.uk/wp-content/uploads/2017/11/SEO-SWOT-Analysis-BowlerHat.pdf","application/pdf","200","OK","Indexable","","","0","0","","0","0","","0","0","","0","","0","","0","","0","","0","","","","","","","","","","148405","148405","148405","56.851","","0","","","","","0.000","3","4","","1","1","0","0.150","0","0","0","0","0","0","","","","","","0.022","Mon, 25 Apr 2022 14:45:21 GMT","","","","","1.1","","","","","","https://www.bowlerhat.co.uk/wp-content/uploads/2017/11/SEO-SWOT-Analysis-BowlerHat.pdf","2026-07-30 14:25:43"
"https://www.bowlerhat.co.uk/tag/small-business-seo/","text/html; charset=UTF-8","200","OK","Indexable","","Small Business SEO Archives - Bowler Hat","40","374","","0","0","","0","0","","0","","0","","0","Small Business SEO","18","","0","index, follow, max-image-preview:large, max-snippet:-1, max-video-preview:-1","","","https://www.bowlerhat.co.uk/tag/small-business-seo/","https://www.bowlerhat.co.uk/tag/small-business-seo/page/2/","","","","","127959","22652","22652","8.678","","466","75","6.213","91.601","Very Easy","2.983","3","2","","19","16","0","2.370","94","43","0","8","4","0","","","","","6be9fbd2f76298ac99c2a13f08adef51","0.050","Thu, 30 Jul 2026 13:22:01 GMT","","","","en-US","1.1","","","","","","https://www.bowlerhat.co.uk/tag/small-business-seo/","2026-07-30 14:25:43"
"https://www.bowlerhat.co.uk/the-magical-marketing-bullet/","text/html; charset=UTF-8","200","OK","Indexable","","The Magical Marketing Bullet - Bowler Hat","41","374","","0","0","","0","0","","0","The Magical Marketing Bullet","28","","0","The reptile brain vs complexity","31","Why do we look for magic bullets?","33","index, follow, max-image-preview:large, max-snippet:-1, max-video-preview:-1","","","https://www.bowlerhat.co.uk/the-magical-marketing-bullet/","","","","","","131523","26560","26560","10.175","","1332","182","7.319","75.555","Fairly Easy","6.864","3","1","","16","7","0","1.040","75","39","0","11","7","0","","","","","68d1c7e3266edb311adc5437f752a727","0.050","","","","","en-US","1.1","","","","","","https://www.bowlerhat.co.uk/the-magical-marketing-bullet/","2026-07-30 14:25:43"
"https://www.bowlerhat.co.uk/wp-content/uploads/elementor/css/post-14338.css?ver=1782985846","text/css","200","OK","Indexable","","","0","0","","0","0","","0","0","","0","","0","","0","","0","","0","","","","","","","","","","0","0","0","0.000","","0","","","","","0.000","3","4","","0","0","0","0.000","0","0","0","0","0","0","","","","","","0.016","Thu, 02 Jul 2026 09:50:46 GMT","","","","","1.1","","","","","","https://www.bowlerhat.co.uk/wp-content/uploads/elementor/css/post-14338.css?ver=1782985846","2026-07-30 14:25:44"
"https://www.bowlerhat.co.uk/alchemy/yield/","text/html; charset=UTF-8","200","OK","Non-Indexable","noindex","7. Yield - Bowler Hat","21","179","","0","0","","0","0","","0","7. Yield","8","","0","The magic you are looking for is in the work you are avoiding.","62","ALCHEMY - Website Plan","22","noindex, follow","","","","","","","","","143912","25204","25204","9.655","","519","93","5.581","84.459","Easy","2.934","3","2","","5","2","0","0.300","69","36","0","10","6","0","","","","","ae97c291287fb85c20d75bb139348936","0.049","Thu, 30 Jul 2026 13:22:00 GMT","","","","en-US","1.1","","","","","","https://www.bowlerhat.co.uk/alchemy/yield/","2026-07-30 14:25:44"
"https://www.bowlerhat.co.uk/alchemy/audience/","text/html; charset=UTF-8","200","OK","Non-Indexable","noindex","1. Audience - Bowler Hat","24","218","","0","0","","0","0","","0","Step 1 - Audience Research","26","","0","Define customer segments and develop personas","45","It is not all about you","23","noindex, follow","","","","","","","","","138097","25106","25106","9.618","","677","113","5.991","84.663","Easy","3.689","3","2","","5","2","0","0.300","68","36","0","10","6","0","","","","","8bf52593fe7abbf463222d497e214e06","0.029","Thu, 30 Jul 2026 13:22:00 GMT","","","","en-US","1.1","","","","","","https://www.bowlerhat.co.uk/alchemy/audience/","2026-07-30 14:25:44"
"https://www.bowlerhat.co.uk/wp-content/plugins/elementor-pro/assets/css/widget-nested-carousel.min.css?ver=4.1.2","text/css","200","OK","Indexable","","","0","0","","0","0","","0","0","","0","","0","","0","","0","","0","","","","","","","","","","0","0","0","0.000","","0","","","","","0.000","3","5","","0","0","0","0.000","0","0","0","0","0","0","","","","","","0.024","Thu, 02 Jul 2026 08:47:44 GMT","","","","","1.1","","","","","","https://www.bowlerhat.co.uk/wp-content/plugins/elementor-pro/assets/css/widget-nested-carousel.min.css?ver=4.1.2","2026-07-30 14:25:44"
"https://www.bowlerhat.co.uk/alchemy/clarify-aim/","text/html; charset=UTF-8","200","OK","Non-Indexable","noindex","3. Clarify Your Aim - Bowler Hat","32","279","","0","0","","0","0","","0","Step 3. Clarify Your Aim","24","","0","Goals & Objectives","18","Why Goals Matter","16","noindex, follow","","","","","","","","","133722","25020","25020","9.585","","706","129","5.473","78.215","Fairly Easy","4.111","3","2","","5","2","0","0.300","68","36","0","10","6","0","","","","","3899feb24210019c08e7cacf59abf263","0.069","Thu, 30 Jul 2026 13:22:00 GMT","","","","en-US","1.1","","","","","","https://www.bowlerhat.co.uk/alchemy/clarify-aim/","2026-07-30 14:25:44"
"https://www.bowlerhat.co.uk/alchemy/essential-features/","text/html; charset=UTF-8","200","OK","Non-Indexable","noindex","5. Essential Features - Bowler Hat","34","300","","0","0","","0","0","","0","5. Essential Features","21","","0","What Are The Absolute Essentials For Your Website?","50","Planning your website features","30","noindex, follow","","","","","","","","","139817","26185","26185","10.031","","1116","150","7.440","82.466","Easy","5.424","3","2","","5","2","0","0.300","68","36","0","10","6","0","","","","","9ef047accbf5006b47c24c58329bb020","0.083","Thu, 30 Jul 2026 13:22:00 GMT","","","","en-US","1.1","","","","","","https://www.bowlerhat.co.uk/alchemy/essential-features/","2026-07-30 14:25:44"
"https://www.bowlerhat.co.uk/wp-content/uploads/elementor/css/post-15369.css?ver=1782986422","text/css","200","OK","Indexable","","","0","0","","0","0","","0","0","","0","","0","","0","","0","","0","","","","","","","","","","0","0","0","0.000","","0","","","","","0.000","3","4","","0","0","0","0.000","0","0","0","0","0","0","","","","","","0.022","Thu, 02 Jul 2026 10:00:22 GMT","","","","","1.1","","","","","","https://www.bowlerhat.co.uk/wp-content/uploads/elementor/css/post-15369.css?ver=1782986422","2026-07-30 14:25:44"
"https://www.bowlerhat.co.uk/wp-content/uploads/essential-addons-elementor/eael-15369.js?ver=1762955436","application/javascript","200","OK","Indexable","","","0","0","","0","0","","0","0","","0","","0","","0","","0","","0","","","","","","","","","","0","0","0","0.000","","0","","","","","0.000","3","3","","0","0","0","0.000","0","0","0","0","0","0","","","","","","0.044","Thu, 02 Jul 2026 10:00:20 GMT","","","","","1.1","","","","","","https://www.bowlerhat.co.uk/wp-content/uploads/essential-addons-elementor/eael-15369.js?ver=1762955436","2026-07-30 14:25:44"
"https://www.bowlerhat.co.uk/wp-content/uploads/essential-addons-elementor/eael-15369.css?ver=1762955436","text/css","200","OK","Indexable","","","0","0","","0","0","","0","0","","0","","0","","0","","0","","0","","","","","","","","","","0","0","0","0.000","","0","","","","","0.000","3","3","","0","0","0","0.000","0","0","0","0","0","0","","","","","","0.039","Thu, 02 Jul 2026 10:00:20 GMT","","","","","1.1","","","","","","https://www.bowlerhat.co.uk/wp-content/uploads/essential-addons-elementor/eael-15369.css?ver=1762955436","2026-07-30 14:25:44"
"https://www.bowlerhat.co.uk/alchemy/learning/","text/html; charset=UTF-8","200","OK","Non-Indexable","noindex","2. Learning - Bowler Hat","24","213","","0","0","","0","0","","0","Step 2. Learning","16","","0","Research & Discovery","20","There are three key areas to look at","36","noindex, follow","","","","","","","","","141379","26954","26954","10.326","","1572","239","6.577","74.820","Fairly Easy","7.487","3","2","","5","2","0","0.300","68","36","0","10","6","0","","","","","990b74be4d75dc416503688d45b2ccec","0.041","Thu, 30 Jul 2026 13:22:00 GMT","","","","en-US","1.1","","","","","","https://www.bowlerhat.co.uk/alchemy/learning/","2026-07-30 14:25:44"
"https://www.bowlerhat.co.uk/alchemy/hierarchy/","text/html; charset=UTF-8","200","OK","Non-Indexable","noindex","4. Hierarchy - Bowler Hat","25","220","","0","0","","0","0","","0","4. Hierarchy","12","","0","Website Structure & Sitemap","27","Book a Strategy Call","20","noindex, follow","","","","","","","","","143299","28546","28546","10.935","","2032","325","6.252","72.423","Fairly Easy","9.266","3","2","","5","2","0","0.300","68","36","0","10","6","0","","","","","e10760092b8ed0cee64be9926a7f56ff","0.036","Thu, 30 Jul 2026 13:22:00 GMT","","","","en-US","1.1","","","","","","https://www.bowlerhat.co.uk/alchemy/hierarchy/","2026-07-30 14:25:44"
"https://www.bowlerhat.co.uk/alchemy/mapping/","text/html; charset=UTF-8","200","OK","Non-Indexable","noindex","6. Mapping - Bowler Hat","23","212","","0","0","","0","0","","0","6. Mapping","10","","0","Page Goals, Structure & Content","31","Summary","7","noindex, follow","","","","","","","","","152416","28513","28513","10.923","","1984","334","5.940","88.148","Easy","7.841","3","2","","5","2","0","0.300","68","36","0","10","6","0","","","","","dcc03d6cfdd7bdb26ff80729d7ef390","0.062","Thu, 30 Jul 2026 13:22:00 GMT","","","","en-US","1.1","","","","","","https://www.bowlerhat.co.uk/alchemy/mapping/","2026-07-30 14:25:44"
"https://www.bowlerhat.co.uk/seo-good-fast-or-cheap/","text/html; charset=UTF-8","200","OK","Indexable","","Can SEO be Good, Fast & Cheap? | Bowler Hat","43","405","Is this asking for trouble? In an age of punitive ranking factors we look at the traps that businesses can fall into looking for good, fast & cheap SEO.","152","904","","0","0","","0","SEO – Good, Fast or Cheap","25","","0","Leave a Reply Cancel reply","26","","0","index, follow, max-image-preview:large, max-snippet:-1, max-video-preview:-1","","","https://www.bowlerhat.co.uk/seo-good-fast-or-cheap/","","","","","","127765","25705","25705","9.847","","1003","134","7.485","83.261","Easy","5.342","3","1","","16","9","0","1.340","77","42","0","10","6","0","","","","","7ae25ad9e34167b46c7351e48c2fa8f5","0.060","","","","","en-US","1.1","","","","","","https://www.bowlerhat.co.uk/seo-good-fast-or-cheap/","2026-07-30 14:25:44"
"https://www.bowlerhat.co.uk/affordable-seo-rank-without-breaking-the-bank/","text/html; charset=UTF-8","200","OK","Indexable","","Affordable SEO - Rank Without Breaking the Bank! - Bowler Hat","61","556","Affordable SEO is a minefield. Most services will range from ineffective to potentially damaging. In this article, we detail how to find a safe and effective SEO package at a realistic price.","191","1126","","0","0","","0","Affordable SEO – Rank Without Breaking the Bank!","48","","0","Warning: there is a lot of cheap and nasty SEO out there","56","What Counts as Affordable?","26","index, follow, max-image-preview:large, max-snippet:-1, max-video-preview:-1","","","https://www.bowlerhat.co.uk/affordable-seo-rank-without-breaking-the-bank/","","","","","","134923","27823","27823","10.658","","1711","241","7.100","77.006","Fairly Easy","8.202","3","1","","28","15","0","2.230","96","57","0","9","5","0","","","","","539d711bd9bd3055dd72e2ad7773f214","0.050","","","","","en-US","1.1","","","","","","https://www.bowlerhat.co.uk/affordable-seo-rank-without-breaking-the-bank/","2026-07-30 14:25:44"
"https://www.bowlerhat.co.uk/how-long-does-seo-take/","text/html; charset=UTF-8","200","OK","Indexable","","How Long Does SEO Take? | Bowler Hat","36","352","One of the first questions we get asked is how long does SEO take? In this post, I am going to help you determine how long SEO would take for you.","146","902","","0","0","","0","How Long Does SEO Take?","23","","0","How Long Will SEO Take For You?","31","There are no easy answers here","30","index, follow, max-image-preview:large, max-snippet:-1, max-video-preview:-1","","","https://www.bowlerhat.co.uk/how-long-does-seo-take/","","","","","","134252","27243","27243","10.436","","1402","201","6.975","82.269","Easy","6.733","3","1","","31","10","0","1.480","90","45","0","11","6","0","","","","","b0061bd2da41663d2896841c494f8f0d","0.088","","","","","en-US","1.1","","","","","","https://www.bowlerhat.co.uk/how-long-does-seo-take/","2026-07-30 14:25:44"
"https://www.bowlerhat.co.uk/beginners-guide-to-conversion-rate-optimisation/","text/html; charset=UTF-8","200","OK","Indexable","","Beginner's Guide to Conversion Rate Optimisation - Bowler Hat","61","557","In our guide to conversion rate optimisation (CRO), learn how to improve conversion rates on your website to generate more leads and sales.","139","864","","0","0","","0","Beginner’s Guide to Conversion Rate Optimisation","48","","0","Introduction","12","1 – What is Conversion Rate Optimisation (CRO)?","47","index, follow, max-image-preview:large, max-snippet:-1, max-video-preview:-1","","","https://www.bowlerhat.co.uk/beginners-guide-to-conversion-rate-optimisation/","","","","","","139948","29435","29435","11.276","","2884","358","8.056","77.537","Fairly Easy","12.707","3","1","","19","8","0","1.190","79","42","0","9","5","0","","","","","bea1d5276a732b1c1e6afe01f8eb44cf","0.040","","","","","en-US","1.1","","","","","","https://www.bowlerhat.co.uk/beginners-guide-to-conversion-rate-optimisation/","2026-07-30 14:25:44"
"https://www.bowlerhat.co.uk/2022/01/05/","text/html; charset=UTF-8","200","OK","Non-Indexable","noindex","January 5, 2022 - Bowler Hat","28","254","","0","0","","0","0","","0","","0","","0","January 5, 2022","15","","0","noindex, follow","","","","","","","","","107391","20239","20239","7.753","","141","28","5.036","88.924","Easy","1.921","3","3","","4","2","0","0.300","68","36","0","8","4","0","","","","","66d4b74360d95f0b24943b620a0b7cc4","0.050","Thu, 30 Jul 2026 13:22:02 GMT","","","","en-US","1.1","","","","","","https://www.bowlerhat.co.uk/2022/01/05/","2026-07-30 14:25:45"
"https://www.bowlerhat.co.uk/wp-content/uploads/2025/03/ad-results.png","image/png","200","OK","Indexable","","","0","0","","0","0","","0","0","","0","","0","","0","","0","","0","","","","","","","","","","76538","76538","76538","29.320","","0","","","","","0.000","3","4","","0","0","0","0.000","0","0","0","0","0","0","","","","","","0.033","Fri, 28 Mar 2025 12:20:54 GMT","","","","","1.1","","","","","","https://www.bowlerhat.co.uk/wp-content/uploads/2025/03/ad-results.png","2026-07-30 14:25:45"
"https://www.bowlerhat.co.uk/wp-content/uploads/2025/03/local-results.png","image/png","200","OK","Indexable","","","0","0","","0","0","","0","0","","0","","0","","0","","0","","0","","","","","","","","","","104381","104381","104381","39.986","","0","","","","","0.000","3","4","","0","0","0","0.000","0","0","0","0","0","0","","","","","","0.038","Fri, 28 Mar 2025 12:04:51 GMT","","","","","1.1","","","","","","https://www.bowlerhat.co.uk/wp-content/uploads/2025/03/local-results.png","2026-07-30 14:25:45"
"https://www.bowlerhat.co.uk/wp-content/uploads/2025/03/map-results.png","image/png","200","OK","Indexable","","","0","0","","0","0","","0","0","","0","","0","","0","","0","","0","","","","","","","","","","124534","124534","124534","47.707","","0","","","","","0.000","3","4","","0","0","0","0.000","0","0","0","0","0","0","","","","","","0.051","Fri, 28 Mar 2025 12:19:49 GMT","","","","","1.1","","","","","","https://www.bowlerhat.co.uk/wp-content/uploads/2025/03/map-results.png","2026-07-30 14:25:45"
"https://www.bowlerhat.co.uk/is-your-seo-helping-or-hurting/","text/html; charset=UTF-8","200","OK","Indexable","","Is your SEO Company Helping or Hurting? - Bowler Hat","52","479","Find out the best SEO tips and tricks to optimise your website in Bowler Hats blog. Read on to see if your SEO marketing agency is helping or hurting.","150","912","","0","0","","0","Is your SEO Company Helping or Hurting?","39","","0","","0","Leave a Reply Cancel reply","26","index, follow, max-image-preview:large, max-snippet:-1, max-video-preview:-1","","","https://www.bowlerhat.co.uk/is-your-seo-helping-or-hurting/","","","","","","153882","35381","35381","13.554","","5134","657","7.814","79.765","Fairly Easy","19.466","3","1","","15","7","0","1.040","77","40","0","21","15","0","","","","","d3c95ca21bbe8b6494b92afc7472cf86","0.066","","","","","en-US","1.1","","","","","","https://www.bowlerhat.co.uk/is-your-seo-helping-or-hurting/","2026-07-30 14:25:45"
"https://www.bowlerhat.co.uk/wp-content/uploads/2025/03/organic-clicks.png","image/png","200","OK","Indexable","","","0","0","","0","0","","0","0","","0","","0","","0","","0","","0","","","","","","","","","","22200","22200","22200","8.504","","0","","","","","0.000","3","4","","0","0","0","0.000","0","0","0","0","0","0","","","","","","0.058","Fri, 28 Mar 2025 12:17:18 GMT","","","","","1.1","","","","","","https://www.bowlerhat.co.uk/wp-content/uploads/2025/03/organic-clicks.png","2026-07-30 14:25:45"
"https://www.bowlerhat.co.uk/wp-content/uploads/2025/03/local-results-full-size.png","image/png","200","OK","Indexable","","","0","0","","0","0","","0","0","","0","","0","","0","","0","","0","","","","","","","","","","128600","128600","128600","49.264","","0","","","","","0.000","3","4","","0","0","0","0.000","0","0","0","0","0","0","","","","","","0.022","Fri, 28 Mar 2025 12:04:52 GMT","","","","","1.1","","","","","","https://www.bowlerhat.co.uk/wp-content/uploads/2025/03/local-results-full-size.png","2026-07-30 14:25:45"
"https://www.bowlerhat.co.uk/wp-content/uploads/2025/02/Web-1920-–-49-1024x616.png","image/png","200","OK","Indexable","","","0","0","","0","0","","0","0","","0","","0","","0","","0","","0","","","","","","","","","","80601","80601","80601","30.877","","0","","","","","0.000","3","4","","0","0","0","0.000","0","0","0","0","0","0","","","","","","0.066","Tue, 19 May 2026 13:40:36 GMT","","","","","1.1","","","","","","https://www.bowlerhat.co.uk/wp-content/uploads/2025/02/Web-1920-%E2%80%93-49-1024x616.png","2026-07-30 14:25:45"
"https://www.bowlerhat.co.uk/wp-content/uploads/2024/01/Web-1920-–-48.jpg","image/jpeg","200","OK","Indexable","","","0","0","","0","0","","0","0","","0","","0","","0","","0","","0","","","","","","","","","","92610","92610","92610","35.477","","0","","","","","0.000","3","4","","0","0","0","0.000","0","0","0","0","0","0","","","","","","0.055","Tue, 23 Jan 2024 15:22:50 GMT","","","","","1.1","","","","","","https://www.bowlerhat.co.uk/wp-content/uploads/2024/01/Web-1920-%E2%80%93-48.jpg","2026-07-30 14:25:45"
"https://www.bowlerhat.co.uk/2025/03/28/","text/html; charset=UTF-8","200","OK","Non-Indexable","noindex","March 28, 2025 - Bowler Hat","27","250","","0","0","","0","0","","0","","0","","0","March 28, 2025","14","","0","noindex, follow","","","","","","","","","107375","20143","20143","7.716","","137","26","5.269","92.186","Very Easy","1.913","3","3","","4","2","0","0.300","68","36","0","8","4","0","","","","","8f7ec99a65408027508d698efad70dd6","0.050","Thu, 30 Jul 2026 13:22:02 GMT","","","","en-US","1.1","","","","","","https://www.bowlerhat.co.uk/2025/03/28/","2026-07-30 14:25:45"
"https://www.bowlerhat.co.uk/wp-content/uploads/elementor/css/post-264.css?ver=1782985847","text/css","200","OK","Indexable","","","0","0","","0","0","","0","0","","0","","0","","0","","0","","0","","","","","","","","","","0","0","0","0.000","","0","","","","","0.000","3","4","","0","0","0","0.000","0","0","0","0","0","0","","","","","","0.018","Thu, 02 Jul 2026 09:50:47 GMT","","","","","1.1","","","","","","https://www.bowlerhat.co.uk/wp-content/uploads/elementor/css/post-264.css?ver=1782985847","2026-07-30 14:25:45"
"https://www.bowlerhat.co.uk/wp-content/uploads/2022/03/blog-header-marketing-team-2.jpg","image/jpeg","200","OK","Indexable","","","0","0","","0","0","","0","0","","0","","0","","0","","0","","0","","","","","","","","","","1137662","1137662","1137662","435.817","","0","","","","","0.000","3","4","","0","0","0","0.000","0","0","0","0","0","0","","","","","","0.045","Mon, 25 Apr 2022 14:45:20 GMT","","","","","1.1","","","","","","https://www.bowlerhat.co.uk/wp-content/uploads/2022/03/blog-header-marketing-team-2.jpg","2026-07-30 14:25:45"
"https://www.bowlerhat.co.uk/wp-content/uploads/2022/08/Web-1920-–-45.png","image/png","200","OK","Indexable","","","0","0","","0","0","","0","0","","0","","0","","0","","0","","0","","","","","","","","","","29319","29319","29319","11.232","","0","","","","","0.000","3","4","","0","0","0","0.000","0","0","0","0","0","0","","","","","","0.033","Tue, 30 Aug 2022 09:04:38 GMT","","","","","1.1","","","","","","https://www.bowlerhat.co.uk/wp-content/uploads/2022/08/Web-1920-%E2%80%93-45.png","2026-07-30 14:25:45"
"https://www.bowlerhat.co.uk/wp-content/uploads/elementor/css/post-210.css?ver=1782983641","text/css","200","OK","Indexable","","","0","0","","0","0","","0","0","","0","","0","","0","","0","","0","","","","","","","","","","0","0","0","0.000","","0","","","","","0.000","3","4","","0","0","0","0.000","0","0","0","0","0","0","","","","","","0.051","Thu, 02 Jul 2026 09:14:01 GMT","","","","","1.1","","","","","","https://www.bowlerhat.co.uk/wp-content/uploads/elementor/css/post-210.css?ver=1782983641","2026-07-30 14:25:45"
"https://www.bowlerhat.co.uk/5-google-ads-ppc-management-tips-2022-bowler-hat/","text/html; charset=UTF-8","200","OK","Indexable","","5 Google Ads PPC Management Tips (2022) | Bowler Hat","52","505","In this post we look at 5 ways to optimise your Google Ads PPC to save money and improve results simultaneously - win-win.","122","766","In this post we look at 5 ways to optimise your Google Ads PPC to save money and improve results simultaneously - win-win.","122","766","","0","5 Google Ads PPC Management Tips (2022) | Bowler Hat","52","5 Google Ads Management Tips","28","1. Write High-Performing Ads","28","2. Use Single Keyword Ad Groups (SKAGs)","39","index, follow, max-image-preview:large, max-snippet:-1, max-video-preview:-1","","","https://www.bowlerhat.co.uk/5-google-ads-ppc-management-tips-2022-bowler-hat/","","","","","","150020","31086","31086","11.908","","3220","451","7.140","81.411","Easy","12.882","3","1","","15","6","0","0.890","81","41","0","10","6","0","","","","","1afc805715d2a0cc0f45724ea7c1795b","0.066","","","","","en-US","1.1","","","","","","https://www.bowlerhat.co.uk/5-google-ads-ppc-management-tips-2022-bowler-hat/","2026-07-30 14:25:45"
"https://www.bowlerhat.co.uk/wp-content/uploads/elementor/css/post-14249.css?ver=1782985860","text/css","200","OK","Indexable","","","0","0","","0","0","","0","0","","0","","0","","0","","0","","0","","","","","","","","","","0","0","0","0.000","","0","","","","","0.000","3","4","","0","0","0","0.000","0","0","0","0","0","0","","","","","","0.028","Thu, 02 Jul 2026 09:51:00 GMT","","","","","1.1","","","","","","https://www.bowlerhat.co.uk/wp-content/uploads/elementor/css/post-14249.css?ver=1782985860","2026-07-30 14:25:45"
"https://www.bowlerhat.co.uk/tag/seo-basics/","text/html; charset=UTF-8","200","OK","Indexable","","seo basics Archives - Bowler Hat","32","290","","0","0","","0","0","","0","","0","","0","seo basics","10","","0","index, follow, max-image-preview:large, max-snippet:-1, max-video-preview:-1","","","https://www.bowlerhat.co.uk/tag/seo-basics/","https://www.bowlerhat.co.uk/tag/seo-basics/page/2/","","","","","128965","22783","22783","8.728","","479","70","6.843","91.623","Very Easy","3.031","3","2","","17","13","0","1.930","94","45","0","8","4","0","","","","","158b47899a5b30795cb99aa3070280ef","0.049","Thu, 30 Jul 2026 13:22:02 GMT","","","","en-US","1.1","","","","","","https://www.bowlerhat.co.uk/tag/seo-basics/","2026-07-30 14:25:45"
"https://www.bowlerhat.co.uk/social-media-marketing-small-businesses/","text/html; charset=UTF-8","200","OK","Indexable","","Social Media Marketing for Small Businesses - Pocket Guide - Bowler Hat","71","650","Find out why social media is important for your business, the top social media platforms, and how to tap into this stream of potential customers.","145","889","","0","0","","0","Social Media Marketing for Small Businesses – Pocket Guide","58","","0","Why is Social Media Marketing Important?","40","Top Social Media Platforms for Small Businesses","47","index, follow, max-image-preview:large, max-snippet:-1, max-video-preview:-1","","","https://www.bowlerhat.co.uk/social-media-marketing-small-businesses/","","","","","","133642","27145","27145","10.399","","1586","222","7.144","70.550","Fairly Easy","7.878","3","1","","47","31","0","4.600","89","53","0","10","6","0","","","","","a4af6181712eb731e360c812b5a520ef","0.050","","","","","en-US","1.1","","","","","","https://www.bowlerhat.co.uk/social-media-marketing-small-businesses/","2026-07-30 14:25:45"
"https://www.bowlerhat.co.uk/2022/01/23/","text/html; charset=UTF-8","200","OK","Non-Indexable","noindex","January 23, 2022 - Bowler Hat","29","265","","0","0","","0","0","","0","","0","","0","January 23, 2022","16","","0","noindex, follow","","","","","","","","","107765","20320","20320","7.784","","141","26","5.423","84.931","Easy","1.936","3","3","","4","2","0","0.300","68","36","0","8","4","0","","","","","29735cc8272090e01ac140524500c4f5","0.078","Thu, 30 Jul 2026 13:22:02 GMT","","","","en-US","1.1","","","","","","https://www.bowlerhat.co.uk/2022/01/23/","2026-07-30 14:25:45"
"https://www.bowlerhat.co.uk/optimise-website-search-engines/","text/html; charset=UTF-8","200","OK","Indexable","","How to Optimise Your New Website to Be Found on Search Engines - Bowler Hat","75","712","Without SEO you won't be found on search engines and bring visitors to your website. Optimise your site for search engines with these few SEO essentials.","153","948","","0","0","","0","How to Optimise Your New Website to Be Found on Search Engines","62","","0","Leave a Reply Cancel reply","26","","0","index, follow, max-image-preview:large, max-snippet:-1, max-video-preview:-1","","","https://www.bowlerhat.co.uk/optimise-website-search-engines/","","","","","","132334","26535","26535","10.165","","1364","169","8.071","82.659","Easy","6.596","3","1","","42","23","0","3.410","83","47","0","10","6","0","","","","","b0b3470590c8f37e0dc29dda2e7bf01c","0.067","","","","","en-US","1.1","","","","","","https://www.bowlerhat.co.uk/optimise-website-search-engines/","2026-07-30 14:25:45"
"https://www.bowlerhat.co.uk/simple-effective-ways-optimise-content/","text/html; charset=UTF-8","200","OK","Indexable","","Content Optimisation: 10 Step Guide for an SEO Novice - Bowler Hat","66","605","See our ultimate content optimisation guide here. Use these 10 simple yet effective ways to optimise your content even if you don't know anything about SEO!","156","967","","0","0","","0","Content Optimisation Guide: 10 Simple Yet Effective Ways to Optimise Your Content","81","","0","One Response","12","Leave a Reply Cancel reply","26","index, follow, max-image-preview:large, max-snippet:-1, max-video-preview:-1","","","https://www.bowlerhat.co.uk/simple-effective-ways-optimise-content/","","","","","","138676","28542","28542","10.934","","1913","259","7.386","75.335","Fairly Easy","8.921","3","1","","37","19","0","2.820","94","55","0","18","12","0","","","","","4926322835cc9c6eb1385535059312b6","0.033","","","","","en-US","1.1","","","","","","https://www.bowlerhat.co.uk/simple-effective-ways-optimise-content/","2026-07-30 14:25:45"
"https://www.bowlerhat.co.uk/the-best-uk-citation-sites-for-local-seo/","text/html; charset=UTF-8","200","OK","Indexable","","The Best UK Citation Sites for Local SEO - Bowler Hat","53","474","Twenty of the best UK citation sites for helping raise your sites profile in the local search results and locally driven organic search.","136","793","","0","0","","0","The Best UK Citation Sites for Local SEO","40","","0","Which Citations are Best?","25","Probably… The Best UK Citation Sites","36","index, follow, max-image-preview:large, max-snippet:-1, max-video-preview:-1","","","https://www.bowlerhat.co.uk/the-best-uk-citation-sites-for-local-seo/","","","","","","142168","27901","27901","10.688","","1234","256","4.820","73.123","Fairly Easy","6.313","3","1","","36","14","0","2.080","97","48","0","34","29","0","","","","","5ce2aae85e4a59d75887de4c2e0633ef","0.086","","","","","en-US","1.1","","","","","","https://www.bowlerhat.co.uk/the-best-uk-citation-sites-for-local-seo/","2026-07-30 14:25:45"
"https://www.bowlerhat.co.uk/nap-local-business-listings/","text/html; charset=UTF-8","200","OK","Indexable","","The Importance of NAP Consistency in Local Business Listings - Bowler Hat","73","670","Want to find out how to improve your ranking in local search? Read our blog on the importance of NAP consistency in Local Business listings.","140","868","","0","0","","0","The Importance of NAP Consistency in Local Business Listings","60","","0","Leave a Reply Cancel reply","26","","0","index, follow, max-image-preview:large, max-snippet:-1, max-video-preview:-1","","","https://www.bowlerhat.co.uk/nap-local-business-listings/","","","","","","124881","24265","24265","9.295","","709","94","7.543","81.050","Easy","4.221","3","1","","17","10","0","1.480","77","41","0","8","4","0","","","","","6a1d7deeff1b2ab68e4eb7473dd3d3d2","0.059","","","","","en-US","1.1","","","","","","https://www.bowlerhat.co.uk/nap-local-business-listings/","2026-07-30 14:25:45"
"https://www.bowlerhat.co.uk/optimise-page-titles/","text/html; charset=UTF-8","200","OK","Indexable","","How to Optimise Your Page Title Tags for Google - Bowler Hat","60","552","The number one on-page ranking factor is the page title. Optimising page title tags can make all the difference in getting your pages to rank on google","151","918","","0","0","","0","How To Optimise Your Page Title Tags For Google and Boost Traffic","65","","0","Leave a Reply Cancel reply","26","","0","index, follow, max-image-preview:large, max-snippet:-1, max-video-preview:-1","","","https://www.bowlerhat.co.uk/optimise-page-titles/","","","","","","132406","26721","26721","10.236","","1419","193","7.352","76.020","Fairly Easy","7.231","3","1","","36","21","0","3.120","80","44","0","8","4","0","","","","","a8ded203b5808781e13f07755d9a838c","0.046","","","","","en-US","1.1","","","","","","https://www.bowlerhat.co.uk/optimise-page-titles/","2026-07-30 14:25:45"
"https://www.bowlerhat.co.uk/wp-content/uploads/elementor/css/post-15282.css?ver=1782993834","text/css","200","OK","Indexable","","","0","0","","0","0","","0","0","","0","","0","","0","","0","","0","","","","","","","","","","0","0","0","0.000","","0","","","","","0.000","3","4","","0","0","0","0.000","0","0","0","0","0","0","","","","","","0.026","Thu, 02 Jul 2026 12:03:54 GMT","","","","","1.1","","","","","","https://www.bowlerhat.co.uk/wp-content/uploads/elementor/css/post-15282.css?ver=1782993834","2026-07-30 14:25:46"
"https://www.bowlerhat.co.uk/do-google-ads-work-for-small-businesses/","text/html; charset=UTF-8","200","OK","Indexable","","Do Google Ads Work For Small Businesses? - Bowler Hat","53","501","Learn whether Google Ads are a good fit for your small business and whether you should run them yourself or use a PPC consultant.","129","815","","0","0","","0","Do Google Ads Work For Small Businesses?","40","","0","Google Ads Work","15","But they did not work for me…","29","index, follow, max-image-preview:large, max-snippet:-1, max-video-preview:-1","","","https://www.bowlerhat.co.uk/do-google-ads-work-for-small-businesses/","","","","","","133667","27455","27455","10.517","","1791","238","7.525","81.248","Easy","8.354","3","1","","14","6","0","0.890","78","40","0","10","6","0","","","","","2b0318772ecdeddc4575ca143211badf","0.064","","","","","en-US","1.1","","","","","","https://www.bowlerhat.co.uk/do-google-ads-work-for-small-businesses/","2026-07-30 14:25:45"
"https://www.bowlerhat.co.uk/wp-content/uploads/2026/05/ai-overview.jpg","image/jpeg","200","OK","Indexable","","","0","0","","0","0","","0","0","","0","","0","","0","","0","","0","","","","","","","","","","119111","119111","119111","45.629","","0","","","","","0.000","3","4","","0","0","0","0.000","0","0","0","0","0","0","","","","","","0.037","Mon, 18 May 2026 15:19:29 GMT","","","","","1.1","","","","","","https://www.bowlerhat.co.uk/wp-content/uploads/2026/05/ai-overview.jpg","2026-07-30 14:25:46"
"https://www.bowlerhat.co.uk/check-website-rankings-google/","text/html; charset=UTF-8","200","OK","Indexable","","Checking Your Website Rankings on Google | Bowler Hat","53","500","Find out the various ways you can check where your website is ranking in Google and how to use that data to improve your SEO campaigns.","135","861","","0","0","","0","How to Check Your Website Rankings on Google","44","","0","2. Checking Where Your Website is Ranking in Google with Search Console","71","3. Checking local rankings","26","index, follow, max-image-preview:large, max-snippet:-1, max-video-preview:-1","","","https://www.bowlerhat.co.uk/check-website-rankings-google/","","","","","","158722","33382","33382","12.788","","3929","507","7.750","80.456","Easy","14.772","3","1","","51","16","0","2.370","109","47","0","17","10","0","","","","","ed3b164d11553b6d38f5855b4f980605","0.050","","","","","en-US","1.1","","","","","","https://www.bowlerhat.co.uk/check-website-rankings-google/","2026-07-30 14:25:46"
"https://www.bowlerhat.co.uk/wp-content/uploads/2026/05/ask-anything.jpg","image/jpeg","200","OK","Indexable","","","0","0","","0","0","","0","0","","0","","0","","0","","0","","0","","","","","","","","","","7760","7760","7760","2.973","","0","","","","","0.000","3","4","","0","0","0","0.000","0","0","0","0","0","0","","","","","","0.028","Mon, 18 May 2026 15:22:38 GMT","","","","","1.1","","","","","","https://www.bowlerhat.co.uk/wp-content/uploads/2026/05/ask-anything.jpg","2026-07-30 14:25:46"
"https://www.bowlerhat.co.uk/wp-content/uploads/elementor/css/post-15278.css?ver=1782985454","text/css","200","OK","Indexable","","","0","0","","0","0","","0","0","","0","","0","","0","","0","","0","","","","","","","","","","0","0","0","0.000","","0","","","","","0.000","3","4","","0","0","0","0.000","0","0","0","0","0","0","","","","","","0.044","Thu, 02 Jul 2026 09:44:14 GMT","","","","","1.1","","","","","","https://www.bowlerhat.co.uk/wp-content/uploads/elementor/css/post-15278.css?ver=1782985454","2026-07-30 14:25:46"
"https://www.bowlerhat.co.uk/2026/05/18/","text/html; charset=UTF-8","200","OK","Non-Indexable","noindex","May 18, 2026 - Bowler Hat","25","231","","0","0","","0","0","","0","","0","","0","May 18, 2026","12","","0","noindex, follow","","","","","","","","","107601","20173","20173","7.728","","143","26","5.500","87.072","Easy","1.939","3","3","","4","2","0","0.300","68","36","0","8","4","0","","","","","2f660e1b9b174a163dc95dcf432f887d","0.062","Thu, 30 Jul 2026 13:22:03 GMT","","","","en-US","1.1","","","","","","https://www.bowlerhat.co.uk/2026/05/18/","2026-07-30 14:25:46"
"https://www.bowlerhat.co.uk/services/social/","text/html; charset=UTF-8","301","Moved Permanently","Non-Indexable","Redirected","","0","0","","0","0","","0","0","","0","","0","","0","","0","","0","","","","","","","","","","0","0","0","0.000","","0","","","","","0.000","3","2","","14","14","0","2.080","0","0","0","0","0","0","","","","","","0.034","","https://www.bowlerhat.co.uk/services/social-media-advertising/","HTTP Redirect","","","1.1","","","","","","https://www.bowlerhat.co.uk/services/social/","2026-07-30 14:25:46"
"https://www.bowlerhat.co.uk/2022/02/27/","text/html; charset=UTF-8","200","OK","Non-Indexable","noindex","February 27, 2022 - Bowler Hat","30","272","","0","0","","0","0","","0","","0","","0","February 27, 2022","17","","0","noindex, follow","","","","","","","","","107222","20198","20198","7.737","","137","28","4.893","84.540","Easy","1.926","3","3","","4","2","0","0.300","68","36","0","8","4","0","","","","","90f019112151cc02b6b38a3f36e73265","0.038","Thu, 30 Jul 2026 13:22:03 GMT","","","","en-US","1.1","","","","","","https://www.bowlerhat.co.uk/2022/02/27/","2026-07-30 14:25:46"
"https://www.bowlerhat.co.uk/services/seo/audits/","text/html; charset=UTF-8","301","Moved Permanently","Non-Indexable","Redirected","","0","0","","0","0","","0","0","","0","","0","","0","","0","","0","","","","","","","","","","0","0","0","0.000","","0","","","","","0.000","3","3","","2","2","0","0.300","0","0","0","0","0","0","","","","","","0.031","","https://www.bowlerhat.co.uk/services/seo/","HTTP Redirect","","","1.1","","","","","","https://www.bowlerhat.co.uk/services/seo/audits/","2026-07-30 14:25:46"
"https://www.bowlerhat.co.uk/wp-content/uploads/2017/07/screenshot.jpg","image/jpeg","200","OK","Indexable","","","0","0","","0","0","","0","0","","0","","0","","0","","0","","0","","","","","","","","","","151678","151678","151678","58.105","","0","","","","","0.000","3","4","","0","0","0","0.000","0","0","0","0","0","0","","","","","","0.033","Mon, 25 Apr 2022 14:45:21 GMT","","","","","1.1","","","","","","https://www.bowlerhat.co.uk/wp-content/uploads/2017/07/screenshot.jpg","2026-07-30 14:25:46"
"https://www.bowlerhat.co.uk/wp-content/uploads/2025/02/unnamed-1.png","image/png","200","OK","Indexable","","","0","0","","0","0","","0","0","","0","","0","","0","","0","","0","","","","","","","","","","91979","91979","91979","35.235","","0","","","","","0.000","3","4","","0","0","0","0.000","0","0","0","0","0","0","","","","","","0.050","Wed, 05 Feb 2025 14:15:11 GMT","","","","","1.1","","","","","","https://www.bowlerhat.co.uk/wp-content/uploads/2025/02/unnamed-1.png","2026-07-30 14:25:46"
"https://www.bowlerhat.co.uk/ass-backwards-link-building/","text/html; charset=UTF-8","200","OK","Indexable","","Link Building - why most efforts fail and a strategy to do better! | Bowler Hat","79","672","Most link building efforts are back to front! Learn how to develop a winning mindset & build links that boost your SEO. By Marcus Miller of Bowler Hat.","151","920","","0","0","","0","Why Link Building for SEO Fails","31","","0","The SEO Industry is bonkers","27","Most SEO companies have a different mission to Google","53","index, follow, max-image-preview:large, max-snippet:-1, max-video-preview:-1","","","https://www.bowlerhat.co.uk/ass-backwards-link-building/","","","","","","151066","32281","32281","12.366","","3175","451","7.040","79.784","Fairly Easy","12.925","3","1","","37","15","0","2.230","90","41","0","16","11","0","","","","","8096b179273e2554ff4038051946437c","0.071","","","","","en-US","1.1","","","","","","https://www.bowlerhat.co.uk/ass-backwards-link-building/","2026-07-30 14:25:46"
"https://www.bowlerhat.co.uk/author/sambh/","text/html; charset=UTF-8","200","OK","Indexable","","Sam Etheridge, Author at Bowler Hat","35","326","","0","0","","0","0","","0","","0","","0","Sam Etheridge","13","","0","index, follow, max-image-preview:large, max-snippet:-1, max-video-preview:-1","","","https://www.bowlerhat.co.uk/author/sambh/","","","","","","113917","21436","21436","8.212","","224","41","5.463","83.454","Easy","2.295","3","2","","15","4","0","0.590","74","38","0","8","4","0","","","","","c7e9858834e76b4c184dcac38e4f07ee","0.034","Thu, 30 Jul 2026 13:22:03 GMT","","","","en-US","1.1","","","","","","https://www.bowlerhat.co.uk/author/sambh/","2026-07-30 14:25:46"
"https://www.bowlerhat.co.uk/wp-content/uploads/2025/02/unnamed.png","image/png","200","OK","Indexable","","","0","0","","0","0","","0","0","","0","","0","","0","","0","","0","","","","","","","","","","28463","28463","28463","10.904","","0","","","","","0.000","3","4","","0","0","0","0.000","0","0","0","0","0","0","","","","","","0.033","Wed, 05 Feb 2025 14:12:58 GMT","","","","","1.1","","","","","","https://www.bowlerhat.co.uk/wp-content/uploads/2025/02/unnamed.png","2026-07-30 14:25:46"
"https://www.bowlerhat.co.uk/2025/02/05/","text/html; charset=UTF-8","200","OK","Non-Indexable","noindex","February 5, 2025 - Bowler Hat","29","261","","0","0","","0","0","","0","","0","","0","February 5, 2025","16","","0","noindex, follow","","","","","","","","","107540","20208","20208","7.741","","140","28","5.000","88.154","Easy","1.945","3","3","","4","2","0","0.300","68","36","0","8","4","0","","","","","584ee710b5ca461fd97e7fc479be1c04","0.067","Thu, 30 Jul 2026 13:22:03 GMT","","","","en-US","1.1","","","","","","https://www.bowlerhat.co.uk/2025/02/05/","2026-07-30 14:25:46"
"https://www.bowlerhat.co.uk/wp-content/uploads/2025/02/unnamed-2.png","image/png","200","OK","Indexable","","","0","0","","0","0","","0","0","","0","","0","","0","","0","","0","","","","","","","","","","27334","27334","27334","10.471","","0","","","","","0.000","3","4","","0","0","0","0.000","0","0","0","0","0","0","","","","","","0.017","Wed, 05 Feb 2025 14:17:13 GMT","","","","","1.1","","","","","","https://www.bowlerhat.co.uk/wp-content/uploads/2025/02/unnamed-2.png","2026-07-30 14:25:46"
"https://www.bowlerhat.co.uk/2022/02/11/","text/html; charset=UTF-8","200","OK","Non-Indexable","noindex","February 11, 2022 - Bowler Hat","30","272","","0","0","","0","0","","0","","0","","0","February 11, 2022","17","","0","noindex, follow","","","","","","","","","107213","20212","20212","7.743","","151","29","5.207","88.376","Easy","1.997","3","3","","4","2","0","0.300","68","36","0","8","4","0","","","","","afa16cd27ea274ccb0cf92563a330cfb","0.082","Thu, 30 Jul 2026 13:22:04 GMT","","","","en-US","1.1","","","","","","https://www.bowlerhat.co.uk/2022/02/11/","2026-07-30 14:25:46"
"https://www.bowlerhat.co.uk/wp-content/uploads/2017/04/Asset-1-1.png","image/png","200","OK","Indexable","","","0","0","","0","0","","0","0","","0","","0","","0","","0","","0","","","","","","","","","","13837","13837","13837","5.301","","0","","","","","0.000","3","4","","0","0","0","0.000","0","0","0","0","0","0","","","","","","0.061","Mon, 25 Apr 2022 14:45:21 GMT","","","","","1.1","","","","","","https://www.bowlerhat.co.uk/wp-content/uploads/2017/04/Asset-1-1.png","2026-07-30 14:25:46"
"https://www.bowlerhat.co.uk/wp-content/uploads/2017/05/PPC-Strategy-Template.pdf","application/pdf","200","OK","Indexable","","","0","0","","0","0","","0","0","","0","","0","","0","","0","","0","","","","","","","","","","870947","870947","870947","333.643","","0","","","","","0.000","3","4","","3","1","0","0.150","0","0","0","0","0","0","","","","","","0.032","Mon, 25 Apr 2022 14:45:21 GMT","","","","","1.1","","","","","","https://www.bowlerhat.co.uk/wp-content/uploads/2017/05/PPC-Strategy-Template.pdf","2026-07-30 14:25:46"
"https://www.bowlerhat.co.uk/wp-content/uploads/elementor/css/post-211.css?ver=1782985845","text/css","200","OK","Indexable","","","0","0","","0","0","","0","0","","0","","0","","0","","0","","0","","","","","","","","","","0","0","0","0.000","","0","","","","","0.000","3","4","","0","0","0","0.000","0","0","0","0","0","0","","","","","","0.058","Thu, 02 Jul 2026 09:50:45 GMT","","","","","1.1","","","","","","https://www.bowlerhat.co.uk/wp-content/uploads/elementor/css/post-211.css?ver=1782985845","2026-07-30 14:25:46"
"https://www.bowlerhat.co.uk/wp-content/uploads/2018/06/Web-1920-–-28.png","image/png","200","OK","Indexable","","","0","0","","0","0","","0","0","","0","","0","","0","","0","","0","","","","","","","","","","16299","16299","16299","6.244","","0","","","","","0.000","3","4","","0","0","0","0.000","0","0","0","0","0","0","","","","","","0.030","Mon, 25 Apr 2022 14:45:20 GMT","","","","","1.1","","","","","","https://www.bowlerhat.co.uk/wp-content/uploads/2018/06/Web-1920-%E2%80%93-28.png","2026-07-30 14:25:46"
"https://www.bowlerhat.co.uk/wp-content/uploads/2018/02/Web-1920-–-27.png","image/png","200","OK","Indexable","","","0","0","","0","0","","0","0","","0","","0","","0","","0","","0","","","","","","","","","","16650","16650","16650","6.378","","0","","","","","0.000","3","4","","0","0","0","0.000","0","0","0","0","0","0","","","","","","0.051","Mon, 25 Apr 2022 14:45:21 GMT","","","","","1.1","","","","","","https://www.bowlerhat.co.uk/wp-content/uploads/2018/02/Web-1920-%E2%80%93-27.png","2026-07-30 14:25:47"
"https://www.bowlerhat.co.uk/wp-content/uploads/2021/06/Web-1920-–-28.png","image/png","200","OK","Indexable","","","0","0","","0","0","","0","0","","0","","0","","0","","0","","0","","","","","","","","","","14357","14357","14357","5.500","","0","","","","","0.000","3","4","","0","0","0","0.000","0","0","0","0","0","0","","","","","","0.049","Mon, 25 Apr 2022 14:45:20 GMT","","","","","1.1","","","","","","https://www.bowlerhat.co.uk/wp-content/uploads/2021/06/Web-1920-%E2%80%93-28.png","2026-07-30 14:25:47"
"https://www.bowlerhat.co.uk/wp-content/uploads/2026/05/Web-1920-–-27-1024x616.png","image/png","200","OK","Indexable","","","0","0","","0","0","","0","0","","0","","0","","0","","0","","0","","","","","","","","","","127428","127428","127428","48.815","","0","","","","","0.000","3","4","","0","0","0","0.000","0","0","0","0","0","0","","","","","","0.019","Tue, 19 May 2026 13:41:44 GMT","","","","","1.1","","","","","","https://www.bowlerhat.co.uk/wp-content/uploads/2026/05/Web-1920-%E2%80%93-27-1024x616.png","2026-07-30 14:25:47"
"https://www.bowlerhat.co.uk/understanding-keyword-match-types-for-google-ads/","text/html; charset=UTF-8","200","OK","Indexable","","Understanding Keyword Match Types in Google Ads - Bowler Hat","60","573","Understanding keyword match types is key to running successful Google Ads campaigns. Learn how to use match types to cut costs and boost results.","145","932","","0","0","","0","Understanding Keyword Match Types in Google Ads","47","","0","i. Keyword Match Types – some background","40","1. Keywords","11","index, follow, max-image-preview:large, max-snippet:-1, max-video-preview:-1","","","https://www.bowlerhat.co.uk/understanding-keyword-match-types-for-google-ads/","","","","","","146884","31024","31024","11.885","","3232","426","7.587","82.914","Easy","13.269","3","1","","36","12","0","1.780","91","40","0","10","6","0","","","","","faec93eaf0efca8a3e1ac3a3eb37d516","0.100","","","","","en-US","1.1","","","","","","https://www.bowlerhat.co.uk/understanding-keyword-match-types-for-google-ads/","2026-07-30 14:25:46"
"https://www.bowlerhat.co.uk/facebook-news-feed-changes-affect-small-businesses/","text/html; charset=UTF-8","200","OK","Indexable","","How Will The Facebook News Feed Changes Affect Small Businesses? | Bowler Hat","77","739","The Facebook news feed is changing. One thing’s for sure is that the change will apply to all, whether it's a personal profile or a business page, and the recent changes will have the biggest impact on professional pages. But how will these recent changes to the Facebook news feed affect small businesses?","306","1874","","0","0","","0","Facebook News Feed Changes Are Coming – How Will The Changes Affect Small Businesses?","85","","0","What’s Changing?","16","How Will The Changes Affect Small Businesses?","45","index, follow, max-image-preview:large, max-snippet:-1, max-video-preview:-1","","","https://www.bowlerhat.co.uk/facebook-news-feed-changes-affect-small-businesses/","","","","","","129079","25313","25313","9.697","","754","114","6.614","77.598","Fairly Easy","4.410","3","1","","27","11","0","1.630","79","43","0","21","15","0","","","","","a82bf435ad9fa7c211b300909e47be67","0.064","","","","","en-US","1.1","","","","","","https://www.bowlerhat.co.uk/facebook-news-feed-changes-affect-small-businesses/","2026-07-30 14:25:47"
"https://www.bowlerhat.co.uk/wp-content/uploads/elementor/css/post-205.css?ver=1782983824","text/css","200","OK","Indexable","","","0","0","","0","0","","0","0","","0","","0","","0","","0","","0","","","","","","","","","","0","0","0","0.000","","0","","","","","0.000","3","4","","0","0","0","0.000","0","0","0","0","0","0","","","","","","0.031","Thu, 02 Jul 2026 09:17:04 GMT","","","","","1.1","","","","","","https://www.bowlerhat.co.uk/wp-content/uploads/elementor/css/post-205.css?ver=1782983824","2026-07-30 14:25:47"
"https://www.bowlerhat.co.uk/penguin-cometh/","text/html; charset=UTF-8","200","OK","Indexable","","Penguin Cometh - SEO Crackdown in 2013 & Beyond | BowlerHat.co.uk","65","623","Google continues the drive to squash manipulative SEO practices and reward high quality internet marketing - what side of the fence do you sit on?","146","902","","0","0","","0","Penguin Cometh – SEO Crackdown in 2013 & Beyond","47","","0","Leave a Reply Cancel reply","26","","0","index, follow, max-image-preview:large, max-snippet:-1, max-video-preview:-1","","","https://www.bowlerhat.co.uk/penguin-cometh/","","","","","","124931","24652","24652","9.444","","638","89","7.169","81.941","Easy","3.844","4","1","","12","5","0","0.740","75","40","0","10","6","0","","","","","1f084c57b8ab7af2a170da7fdef7d56a","0.048","","","","","en-US","1.1","","","","","","https://www.bowlerhat.co.uk/penguin-cometh/","2026-07-30 14:25:47"
"https://www.bowlerhat.co.uk/author/jess-warby/","text/html; charset=UTF-8","200","OK","Indexable","","Jess Warby, Author at Bowler Hat","32","298","","0","0","","0","0","","0","","0","","0","Jess Warby","10","","0","index, follow, max-image-preview:large, max-snippet:-1, max-video-preview:-1","","","https://www.bowlerhat.co.uk/author/jess-warby/","","","","","","108935","20624","20624","7.901","","138","28","4.929","83.515","Easy","1.901","4","2","","7","2","0","0.300","68","37","0","8","4","0","","","","","b63eaab09643353b6a697db78d49a1c7","0.014","Thu, 30 Jul 2026 13:22:04 GMT","","","","en-US","1.1","","","","","","https://www.bowlerhat.co.uk/author/jess-warby/","2026-07-30 14:25:47"
"https://www.bowlerhat.co.uk/type-seo-actually-need-part-1/","text/html; charset=UTF-8","301","Moved Permanently","Non-Indexable","Redirected","","0","0","","0","0","","0","0","","0","","0","","0","","0","","0","","","","","","","","","","0","0","0","0.000","","0","","","","","0.000","4","1","","2","2","0","0.300","0","0","0","0","0","0","","","","","","0.026","","https://www.bowlerhat.co.uk/type-seo-actually-need/","HTTP Redirect","","","1.1","","","","","","https://www.bowlerhat.co.uk/type-seo-actually-need-part-1/","2026-07-30 14:25:47"
"https://www.bowlerhat.co.uk/2013/05/21/","text/html; charset=UTF-8","200","OK","Non-Indexable","noindex","May 21, 2013 - Bowler Hat","25","231","","0","0","","0","0","","0","","0","","0","May 21, 2013","12","","0","noindex, follow","","","","","","","","","107472","20276","20276","7.767","","139","28","4.964","85.547","Easy","1.928","4","3","","4","2","0","0.300","68","37","0","8","4","0","","","","","284ff398f1b3c38ca55d2e22a3deea42","0.056","Thu, 30 Jul 2026 13:22:04 GMT","","","","en-US","1.1","","","","","","https://www.bowlerhat.co.uk/2013/05/21/","2026-07-30 14:25:47"
"https://www.bowlerhat.co.uk/wp-content/uploads/2017/06/SEO-Guide-CTA.png","image/png","200","OK","Indexable","","","0","0","","0","0","","0","0","","0","","0","","0","","0","","0","","","","","","","","","","57659","57659","57659","22.088","","0","","","","","0.000","4","4","","0","0","0","0.000","0","0","0","0","0","0","","","","","","0.016","Mon, 25 Apr 2022 14:45:21 GMT","","","","","1.1","","","","","","https://www.bowlerhat.co.uk/wp-content/uploads/2017/06/SEO-Guide-CTA.png","2026-07-30 14:25:47"
"https://www.bowlerhat.co.uk/types-of-citations-for-seo/","text/html; charset=UTF-8","200","OK","Indexable","","Types of Citations for SEO - Bowler Hat","39","347","There is more than one way to build citations to help with your local & organic SEO. Citations, structured citations and the elusive unstructured citation","154","925","","0","0","","0","Types of Citations for SEO","26","","0","2 Responses","11","Leave a Reply Cancel reply","26","index, follow, max-image-preview:large, max-snippet:-1, max-video-preview:-1","","","https://www.bowlerhat.co.uk/types-of-citations-for-seo/","","","","","","130674","26257","26257","10.059","","1123","154","7.292","77.995","Fairly Easy","5.884","4","1","","19","8","0","1.190","79","41","0","12","7","0","","","","","ee2119512ea45437e0a471072faeefab","0.117","","","","","en-US","1.1","","","","","","https://www.bowlerhat.co.uk/types-of-citations-for-seo/","2026-07-30 14:25:47"
"https://www.bowlerhat.co.uk/link-building-should-be-your-last-seo-task/","text/html; charset=UTF-8","200","OK","Indexable","","Link Building Should Be Your Last SEO Task - Bowler Hat","55","501","SEO is not all about link building and whilst you want links there are good, bad and ugly ways to go about getting them.","120","731","","0","0","","0","Link Building Should Be Your Last SEO Task","42","","0","Leave a Reply Cancel reply","26","","0","index, follow, max-image-preview:large, max-snippet:-1, max-video-preview:-1","","","https://www.bowlerhat.co.uk/link-building-should-be-your-last-seo-task/","","","","","","127602","25531","25531","9.780","","1046","135","7.748","84.607","Easy","5.494","4","1","","15","8","0","1.190","77","43","0","8","4","0","","","","","db90227f1661d6f13c20f06cce75e776","0.068","","","","","en-US","1.1","","","","","","https://www.bowlerhat.co.uk/link-building-should-be-your-last-seo-task/","2026-07-30 14:25:47"
"https://www.bowlerhat.co.uk/wp-content/uploads/2017/06/SEO-Audit-CTA.png","image/png","200","OK","Indexable","","","0","0","","0","0","","0","0","","0","","0","","0","","0","","0","","","","","","","","","","25482","25482","25482","9.762","","0","","","","","0.000","4","4","","0","0","0","0.000","0","0","0","0","0","0","","","","","","0.030","Mon, 25 Apr 2022 14:45:21 GMT","","","","","1.1","","","","","","https://www.bowlerhat.co.uk/wp-content/uploads/2017/06/SEO-Audit-CTA.png","2026-07-30 14:25:48"
"https://www.bowlerhat.co.uk/find-your-competitors-best-citations/","text/html; charset=UTF-8","200","OK","Indexable","","Find Your Competitors Best Citations - Bowler Hat","49","444","A simple strategy for using some advanced Google search queries to identify your competitors best citations .","109","674","","0","0","","0","Find Your Competitors Best Citations","36","","0","","0","Leave a Reply Cancel reply","26","index, follow, max-image-preview:large, max-snippet:-1, max-video-preview:-1","","","https://www.bowlerhat.co.uk/find-your-competitors-best-citations/","","","","","","126384","24755","24755","9.483","","704","123","5.724","77.370","Fairly Easy","4.264","4","1","","12","5","0","0.740","76","42","0","11","6","0","","","","","6b802783f6efb800004e47bbe6125c43","0.066","","","","","en-US","1.1","","","","","","https://www.bowlerhat.co.uk/find-your-competitors-best-citations/","2026-07-30 14:25:48"
"https://www.bowlerhat.co.uk/quality-not-quantity-citations-for-seo/","text/html; charset=UTF-8","200","OK","Indexable","","Quality not Quantity - Small Business SEO Citations - Bowler Hat","64","569","How to bring quality into your citation building efforts for local SEO to improve the quality of your results and stop chasing endless citations.","145","862","","0","0","","0","Quality not Quantity – Small Business SEO Citations","51","","0","Leave a Reply Cancel reply","26","","0","index, follow, max-image-preview:large, max-snippet:-1, max-video-preview:-1","","","https://www.bowlerhat.co.uk/quality-not-quantity-citations-for-seo/","","","","","","126241","24796","24796","9.499","","738","101","7.307","78.365","Fairly Easy","4.308","4","1","","17","10","0","1.480","77","42","0","10","5","0","","","","","c90e9240e892849d5228d9387780f58d","0.049","","","","","en-US","1.1","","","","","","https://www.bowlerhat.co.uk/quality-not-quantity-citations-for-seo/","2026-07-30 14:25:48"
"https://www.bowlerhat.co.uk/2016/11/04/","text/html; charset=UTF-8","200","OK","Non-Indexable","noindex","November 4, 2016 - Bowler Hat","29","276","","0","0","","0","0","","0","","0","","0","November 4, 2016","16","","0","noindex, follow","","","","","","","","","110056","20684","20684","7.924","","181","31","5.839","84.525","Easy","2.097","4","3","","5","3","0","0.450","71","38","0","8","4","0","","","","","2839f39f60388a6c65ac21beb8fd9199","0.018","Thu, 30 Jul 2026 13:22:06 GMT","","","","en-US","1.1","","","","","","https://www.bowlerhat.co.uk/2016/11/04/","2026-07-30 14:25:48"
"https://www.bowlerhat.co.uk/author/ryan-scollon/","text/html; charset=UTF-8","301","Moved Permanently","Non-Indexable","Redirected","","0","0","","0","0","","0","0","","0","","0","","0","","0","","0","","","","","","","","","","0","0","0","0.000","","0","","","","","0.000","4","2","","100","25","0","3.710","0","0","0","0","0","0","","","","","","0.045","","https://www.bowlerhat.co.uk/about-our-company/ryan/","HTTP Redirect","","","1.1","","","","","","https://www.bowlerhat.co.uk/author/ryan-scollon/","2026-07-30 14:25:48"
"https://www.bowlerhat.co.uk/http-https-duplication-issues-with-wordpress/","text/html; charset=UTF-8","200","OK","Indexable","","HTTP & HTTPS Duplication Issues with WordPress - Bowler Hat","59","563","Did you face a redirection issue when converting from HTTP to HTTPS? Find out how you can solves these duplication issues here.","127","800","","0","0","","0","HTTP & HTTPS Duplication Issues with WordPress","46","","0","12 Responses","12","Leave a Reply Cancel reply","26","index, follow, max-image-preview:large, max-snippet:-1, max-video-preview:-1","","","https://www.bowlerhat.co.uk/http-https-duplication-issues-with-wordpress/","","","","","","150022","29172","29172","11.175","","1682","296","5.682","85.987","Easy","7.643","4","1","","36","5","0","0.740","101","41","0","17","12","0","","","","","c71763c32089c7ff51be551915dcf77a","0.051","","","","","en-US","1.1","","","","","","https://www.bowlerhat.co.uk/http-https-duplication-issues-with-wordpress/","2026-07-30 14:25:48"
"https://www.bowlerhat.co.uk/2016/10/21/","text/html; charset=UTF-8","200","OK","Non-Indexable","noindex","October 21, 2016 - Bowler Hat","29","265","","0","0","","0","0","","0","","0","","0","October 21, 2016","16","","0","noindex, follow","","","","","","","","","107663","20306","20306","7.779","","143","26","5.500","87.664","Easy","1.931","4","3","","4","2","0","0.300","68","37","0","8","4","0","","","","","741f258d73d8b9f679f71495c7e3a2fe","0.064","Thu, 30 Jul 2026 13:22:06 GMT","","","","en-US","1.1","","","","","","https://www.bowlerhat.co.uk/2016/10/21/","2026-07-30 14:25:48"
"https://www.bowlerhat.co.uk/tag/local-seo/","text/html; charset=UTF-8","200","OK","Indexable","","Local SEO Archives - Bowler Hat","31","286","","0","0","","0","0","","0","","0","","0","Local SEO","9","","0","index, follow, max-image-preview:large, max-snippet:-1, max-video-preview:-1","","","https://www.bowlerhat.co.uk/tag/local-seo/","https://www.bowlerhat.co.uk/tag/local-seo/page/2/","","","","","129452","23057","23057","8.833","","479","75","6.387","87.670","Easy","3.035","4","2","","15","12","0","1.780","94","46","0","8","4","0","","","","","372ce9cc1c8fb22bd90888536f02ac02","0.050","Thu, 30 Jul 2026 13:22:06 GMT","","","","en-US","1.1","","","","","","https://www.bowlerhat.co.uk/tag/local-seo/","2026-07-30 14:25:48"
"https://www.bowlerhat.co.uk/2022/01/17/","text/html; charset=UTF-8","200","OK","Non-Indexable","noindex","January 17, 2022 - Bowler Hat","29","265","","0","0","","0","0","","0","","0","","0","January 17, 2022","16","","0","noindex, follow","","","","","","","","","107223","20211","20211","7.742","","138","27","5.111","80.878","Easy","1.938","4","3","","4","2","0","0.300","68","37","0","8","4","0","","","","","ac057e3da233de42a51c12a82118520b","0.049","Thu, 30 Jul 2026 13:22:06 GMT","","","","en-US","1.1","","","","","","https://www.bowlerhat.co.uk/2022/01/17/","2026-07-30 14:25:48"
"https://www.bowlerhat.co.uk/wp-content/uploads/2017/09/seo-birmingham-local.png","image/png","200","OK","Indexable","","","0","0","","0","0","","0","0","","0","","0","","0","","0","","0","","","","","","","","","","134834","134834","134834","51.652","","0","","","","","0.000","4","4","","0","0","0","0.000","0","0","0","0","0","0","","","","","","0.027","Mon, 25 Apr 2022 14:45:21 GMT","","","","","1.1","","","","","","https://www.bowlerhat.co.uk/wp-content/uploads/2017/09/seo-birmingham-local.png","2026-07-30 14:25:48"
"https://www.bowlerhat.co.uk/2022/01/24/","text/html; charset=UTF-8","200","OK","Non-Indexable","noindex","January 24, 2022 - Bowler Hat","29","265","","0","0","","0","0","","0","","0","","0","January 24, 2022","16","","0","noindex, follow","","","","","","","","","107900","20335","20335","7.790","","139","27","5.148","82.926","Easy","1.935","4","3","","4","2","0","0.300","68","37","0","8","4","0","","","","","9e05ff1c851f161318fcf506d55c3a83","0.022","Thu, 30 Jul 2026 13:22:06 GMT","","","","en-US","1.1","","","","","","https://www.bowlerhat.co.uk/2022/01/24/","2026-07-30 14:25:49"
"https://www.bowlerhat.co.uk/wp-content/uploads/2017/09/seo-consultant-birmingham.png","image/png","200","OK","Indexable","","","0","0","","0","0","","0","0","","0","","0","","0","","0","","0","","","","","","","","","","133821","133821","133821","51.264","","0","","","","","0.000","4","4","","0","0","0","0.000","0","0","0","0","0","0","","","","","","0.015","Mon, 25 Apr 2022 14:45:21 GMT","","","","","1.1","","","","","","https://www.bowlerhat.co.uk/wp-content/uploads/2017/09/seo-consultant-birmingham.png","2026-07-30 14:25:49"
"https://www.bowlerhat.co.uk/get-google-reviews/","text/html; charset=UTF-8","200","OK","Indexable","","How To Get More Google Reviews in 3 Steps | Bowler Hat","54","509","Learn how to get more google reviews for your Google my business page with our 3 easy steps. Click to read more.","112","704","","0","0","","0","How To Get More Google Reviews in 3 Easy Steps","46","","0","Leave a Reply Cancel reply","26","","0","index, follow, max-image-preview:large, max-snippet:-1, max-video-preview:-1","","","https://www.bowlerhat.co.uk/get-google-reviews/","","","","","","128126","25138","25138","9.630","","967","124","7.798","82.912","Easy","5.132","4","1","","33","18","0","2.670","82","46","0","10","6","0","","","","","6784c223673435dbf669d5659cc650c3","0.049","","","","","en-US","1.1","","","","","","https://www.bowlerhat.co.uk/get-google-reviews/","2026-07-30 14:25:49"
"https://www.bowlerhat.co.uk/wp-content/uploads/2022/01/search-console-filters.png","image/png","200","OK","Indexable","","","0","0","","0","0","","0","0","","0","","0","","0","","0","","0","","","","","","","","","","10676","10676","10676","4.090","","0","","","","","0.000","4","4","","0","0","0","0.000","0","0","0","0","0","0","","","","","","0.027","Mon, 25 Apr 2022 14:45:20 GMT","","","","","1.1","","","","","","https://www.bowlerhat.co.uk/wp-content/uploads/2022/01/search-console-filters.png","2026-07-30 14:25:49"
"https://www.bowlerhat.co.uk/wp-content/uploads/2022/01/search-grid.gif","image/gif","200","OK","Indexable","","","0","0","","0","0","","0","0","","0","","0","","0","","0","","0","","","","","","","","","","61395","61395","61395","23.519","","0","","","","","0.000","4","4","","0","0","0","0.000","0","0","0","0","0","0","","","","","","0.033","Mon, 25 Apr 2022 14:45:20 GMT","","","","","1.1","","","","","","https://www.bowlerhat.co.uk/wp-content/uploads/2022/01/search-grid.gif","2026-07-30 14:25:49"
"https://www.bowlerhat.co.uk/wp-content/uploads/2017/09/seo-birmingham-local-sutton-coldfield-1.png","image/png","200","OK","Indexable","","","0","0","","0","0","","0","0","","0","","0","","0","","0","","0","","","","","","","","","","157875","157875","157875","60.479","","0","","","","","0.000","4","4","","0","0","0","0.000","0","0","0","0","0","0","","","","","","0.050","Mon, 25 Apr 2022 14:45:21 GMT","","","","","1.1","","","","","","https://www.bowlerhat.co.uk/wp-content/uploads/2017/09/seo-birmingham-local-sutton-coldfield-1.png","2026-07-30 14:25:49"
"https://www.bowlerhat.co.uk/tag/link-building/","text/html; charset=UTF-8","200","OK","Indexable","","link building Archives - Bowler Hat","35","302","","0","0","","0","0","","0","","0","","0","link building","13","","0","index, follow, max-image-preview:large, max-snippet:-1, max-video-preview:-1","","","https://www.bowlerhat.co.uk/tag/link-building/","","","","","","110105","20674","20674","7.920","","180","36","5.000","91.310","Very Easy","2.078","4","2","","5","3","0","0.450","71","38","0","8","4","0","","","","","536fa317cb280213f231e926a59ea93b","0.051","Thu, 30 Jul 2026 13:22:06 GMT","","","","en-US","1.1","","","","","","https://www.bowlerhat.co.uk/tag/link-building/","2026-07-30 14:25:49"
"https://www.bowlerhat.co.uk/wp-content/uploads/Ass-Backwards-link-buildingArtboard-1.jpg","image/jpeg","200","OK","Indexable","","","0","0","","0","0","","0","0","","0","","0","","0","","0","","0","","","","","","","","","","185555","185555","185555","71.083","","0","","","","","0.000","4","2","","0","0","0","0.000","0","0","0","0","0","0","","","","","","0.037","Mon, 25 Apr 2022 14:45:20 GMT","","","","","1.1","","","","","","https://www.bowlerhat.co.uk/wp-content/uploads/Ass-Backwards-link-buildingArtboard-1.jpg","2026-07-30 14:25:49"
"https://www.bowlerhat.co.uk/2022/03/01/","text/html; charset=UTF-8","200","OK","Non-Indexable","noindex","March 1, 2022 - Bowler Hat","26","239","","0","0","","0","0","","0","","0","","0","March 1, 2022","13","","0","noindex, follow","","","","","","","","","109165","20413","20413","7.820","","178","34","5.235","94.583","Very Easy","2.062","4","3","","5","3","0","0.450","71","38","0","8","4","0","","","","","167bf0277ace502e854d689c9a030100","0.082","Thu, 30 Jul 2026 13:22:06 GMT","","","","en-US","1.1","","","","","","https://www.bowlerhat.co.uk/2022/03/01/","2026-07-30 14:25:49"
"https://www.bowlerhat.co.uk/wp-content/uploads/Capture.png","image/png","200","OK","Indexable","","","0","0","","0","0","","0","0","","0","","0","","0","","0","","0","","","","","","","","","","18285","18285","18285","7.005","","0","","","","","0.000","4","2","","0","0","0","0.000","0","0","0","0","0","0","","","","","","0.020","Mon, 25 Apr 2022 14:45:20 GMT","","","","","1.1","","","","","","https://www.bowlerhat.co.uk/wp-content/uploads/Capture.png","2026-07-30 14:25:49"
"https://www.bowlerhat.co.uk/wp-content/uploads/2021/11/match-types.jpg","image/jpeg","200","OK","Indexable","","","0","0","","0","0","","0","0","","0","","0","","0","","0","","0","","","","","","","","","","26929","26929","26929","10.316","","0","","","","","0.000","4","4","","0","0","0","0.000","0","0","0","0","0","0","","","","","","0.035","Mon, 25 Apr 2022 14:45:20 GMT","","","","","1.1","","","","","","https://www.bowlerhat.co.uk/wp-content/uploads/2021/11/match-types.jpg","2026-07-30 14:25:49"
"https://www.bowlerhat.co.uk/2021/11/16/","text/html; charset=UTF-8","200","OK","Non-Indexable","noindex","November 16, 2021 - Bowler Hat","30","287","","0","0","","0","0","","0","","0","","0","November 16, 2021","17","","0","noindex, follow","","","","","","","","","107486","20234","20234","7.751","","138","27","5.111","80.265","Easy","1.945","4","3","","4","2","0","0.300","68","37","0","8","4","0","","","","","99ca1e1c2ab29bf976d009fa88b372d9","0.048","Thu, 30 Jul 2026 13:22:06 GMT","","","","en-US","1.1","","","","","","https://www.bowlerhat.co.uk/2021/11/16/","2026-07-30 14:25:49"
"https://www.bowlerhat.co.uk/2018/02/09/","text/html; charset=UTF-8","200","OK","Non-Indexable","noindex","February 9, 2018 - Bowler Hat","29","261","","0","0","","0","0","","0","","0","","0","February 9, 2018","16","","0","noindex, follow","","","","","","","","","107404","20268","20268","7.764","","145","29","5.000","87.404","Easy","1.974","4","3","","4","2","0","0.300","68","37","0","8","4","0","","","","","169d17252ba56716610064479f39b9bd","0.031","Thu, 30 Jul 2026 13:22:06 GMT","","","","en-US","1.1","","","","","","https://www.bowlerhat.co.uk/2018/02/09/","2026-07-30 14:25:49"
"https://www.bowlerhat.co.uk/tag/social/","text/html; charset=UTF-8","200","OK","Indexable","","social Archives - Bowler Hat","28","248","","0","0","","0","0","","0","","0","","0","social","6","","0","index, follow, max-image-preview:large, max-snippet:-1, max-video-preview:-1","","","https://www.bowlerhat.co.uk/tag/social/","","","","","","117980","21649","21649","8.293","","312","51","6.118","83.487","Easy","2.603","4","2","","8","6","0","0.890","80","41","0","8","4","0","","","","","3440acc323e8a2f4739f59633f83f684","0.034","Thu, 30 Jul 2026 13:22:07 GMT","","","","en-US","1.1","","","","","","https://www.bowlerhat.co.uk/tag/social/","2026-07-30 14:25:49"
"https://www.bowlerhat.co.uk/datejacking-guide/","text/html; charset=UTF-8","301","Moved Permanently","Non-Indexable","Redirected","","0","0","","0","0","","0","0","","0","","0","","0","","0","","0","","","","","","","","","","0","0","0","0.000","","0","","","","","0.000","4","1","","3","3","0","0.450","0","0","0","0","0","0","","","","","","0.017","","https://www.bowlerhat.co.uk/datejacking/","HTTP Redirect","","","1.1","","","","","","https://www.bowlerhat.co.uk/datejacking-guide/","2026-07-30 14:25:50"
"https://www.bowlerhat.co.uk/make-restaurants-website-best/","text/html; charset=UTF-8","200","OK","Indexable","","How To Make Your Restaurant's Website The Best in 2018 | Bowler Hat","67","629","The way people purchase their food has changed a lot over the past few years. In this article, we explore the ways in which you can make your restaurant's website the best in 2018 and how you can connect with thousands of hungry customers...","241","1508","","0","0","","0","How to Make Your Restaurant’s Website The Best in 2018","54","","0","Understand Your Target Audience","31","Create Convincing Content","25","index, follow, max-image-preview:large, max-snippet:-1, max-video-preview:-1","","","https://www.bowlerhat.co.uk/make-restaurants-website-best/","","","","","","147762","31527","31527","12.077","","2993","340","8.803","77.374","Fairly Easy","12.288","4","1","","24","9","0","1.340","92","54","0","22","15","0","","","","","4719962742e040a10cf49b349c9b74bd","0.087","","","","","en-US","1.1","","","","","","https://www.bowlerhat.co.uk/make-restaurants-website-best/","2026-07-30 14:25:50"
"https://www.bowlerhat.co.uk/wp-content/uploads/2024/08/4926289-2.jpg","image/jpeg","200","OK","Indexable","","","0","0","","0","0","","0","0","","0","","0","","0","","0","","0","","","","","","","","","","81689","81689","81689","31.294","","0","","","","","0.000","4","4","","0","0","0","0.000","0","0","0","0","0","0","","","","","","0.026","Tue, 20 Aug 2024 11:22:57 GMT","","","","","1.1","","","","","","https://www.bowlerhat.co.uk/wp-content/uploads/2024/08/4926289-2.jpg","2026-07-30 14:25:51"
"https://www.bowlerhat.co.uk/wp-content/uploads/elementor/css/post-15196.css?ver=1783094329","text/css","200","OK","Indexable","","","0","0","","0","0","","0","0","","0","","0","","0","","0","","0","","","","","","","","","","0","0","0","0.000","","0","","","","","0.000","4","4","","0","0","0","0.000","0","0","0","0","0","0","","","","","","0.042","Fri, 03 Jul 2026 15:58:49 GMT","","","","","1.1","","","","","","https://www.bowlerhat.co.uk/wp-content/uploads/elementor/css/post-15196.css?ver=1783094329","2026-07-30 14:25:51"
"https://www.bowlerhat.co.uk/wp-content/plugins/elementor/assets/css/widget-spacer.min.css?ver=4.1.4","text/css","200","OK","Indexable","","","0","0","","0","0","","0","0","","0","","0","","0","","0","","0","","","","","","","","","","0","0","0","0.000","","0","","","","","0.000","4","5","","0","0","0","0.000","0","0","0","0","0","0","","","","","","0.059","Thu, 02 Jul 2026 08:47:43 GMT","","","","","1.1","","","","","","https://www.bowlerhat.co.uk/wp-content/plugins/elementor/assets/css/widget-spacer.min.css?ver=4.1.4","2026-07-30 14:25:51"
"https://www.bowlerhat.co.uk/wp-content/uploads/elementor/css/post-15200.css?ver=1783151187","text/css","200","OK","Indexable","","","0","0","","0","0","","0","0","","0","","0","","0","","0","","0","","","","","","","","","","0","0","0","0.000","","0","","","","","0.000","4","4","","0","0","0","0.000","0","0","0","0","0","0","","","","","","0.069","Sat, 04 Jul 2026 07:46:27 GMT","","","","","1.1","","","","","","https://www.bowlerhat.co.uk/wp-content/uploads/elementor/css/post-15200.css?ver=1783151187","2026-07-30 14:25:51"
"https://www.bowlerhat.co.uk/wp-content/uploads/2024/08/Wallace-3-scaled.jpg","image/jpeg","200","OK","Indexable","","","0","0","","0","0","","0","0","","0","","0","","0","","0","","0","","","","","","","","","","197158","197158","197158","75.527","","0","","","","","0.000","4","4","","0","0","0","0.000","0","0","0","0","0","0","","","","","","0.063","Tue, 20 Aug 2024 13:15:26 GMT","","","","","1.1","","","","","","https://www.bowlerhat.co.uk/wp-content/uploads/2024/08/Wallace-3-scaled.jpg","2026-07-30 14:25:51"
"https://www.bowlerhat.co.uk/wp-content/uploads/elementor/css/post-15398.css?ver=1783005080","text/css","200","OK","Indexable","","","0","0","","0","0","","0","0","","0","","0","","0","","0","","0","","","","","","","","","","0","0","0","0.000","","0","","","","","0.000","4","4","","0","0","0","0.000","0","0","0","0","0","0","","","","","","0.055","Thu, 02 Jul 2026 15:11:20 GMT","","","","","1.1","","","","","","https://www.bowlerhat.co.uk/wp-content/uploads/elementor/css/post-15398.css?ver=1783005080","2026-07-30 14:25:52"
"https://www.bowlerhat.co.uk/wp-content/uploads/elementor/css/post-15397.css?ver=1783014036","text/css","200","OK","Indexable","","","0","0","","0","0","","0","0","","0","","0","","0","","0","","0","","","","","","","","","","0","0","0","0.000","","0","","","","","0.000","4","4","","0","0","0","0.000","0","0","0","0","0","0","","","","","","0.053","Thu, 02 Jul 2026 17:40:36 GMT","","","","","1.1","","","","","","https://www.bowlerhat.co.uk/wp-content/uploads/elementor/css/post-15397.css?ver=1783014036","2026-07-30 14:25:52"
"https://www.bowlerhat.co.uk/wp-content/uploads/elementor/css/post-15514.css?ver=1784129857","text/css","200","OK","Indexable","","","0","0","","0","0","","0","0","","0","","0","","0","","0","","0","","","","","","","","","","0","0","0","0.000","","0","","","","","0.000","4","4","","0","0","0","0.000","0","0","0","0","0","0","","","","","","0.045","Wed, 15 Jul 2026 15:37:37 GMT","","","","","1.1","","","","","","https://www.bowlerhat.co.uk/wp-content/uploads/elementor/css/post-15514.css?ver=1784129857","2026-07-30 14:25:52"
"https://www.bowlerhat.co.uk/wp-content/uploads/elementor/css/post-15288.css?ver=1783029309","text/css","200","OK","Indexable","","","0","0","","0","0","","0","0","","0","","0","","0","","0","","0","","","","","","","","","","0","0","0","0.000","","0","","","","","0.000","4","4","","0","0","0","0.000","0","0","0","0","0","0","","","","","","0.044","Thu, 02 Jul 2026 21:55:09 GMT","","","","","1.1","","","","","","https://www.bowlerhat.co.uk/wp-content/uploads/elementor/css/post-15288.css?ver=1783029309","2026-07-30 14:25:52"
"https://www.bowlerhat.co.uk/wp-content/uploads/2016/08/Web-1920-–-37-1-1024x616.jpg","image/jpeg","200","OK","Indexable","","","0","0","","0","0","","0","0","","0","","0","","0","","0","","0","","","","","","","","","","50136","50136","50136","19.206","","0","","","","","0.000","4","4","","0","0","0","0.000","0","0","0","0","0","0","","","","","","0.038","Mon, 25 Apr 2022 14:45:21 GMT","","","","","1.1","","","","","","https://www.bowlerhat.co.uk/wp-content/uploads/2016/08/Web-1920-%E2%80%93-37-1-1024x616.jpg","2026-07-30 14:25:52"
"https://www.bowlerhat.co.uk/wp-content/uploads/2016/07/Web-1920-–-40-1024x616.jpg","image/jpeg","200","OK","Indexable","","","0","0","","0","0","","0","0","","0","","0","","0","","0","","0","","","","","","","","","","81086","81086","81086","31.063","","0","","","","","0.000","4","4","","0","0","0","0.000","0","0","0","0","0","0","","","","","","0.046","Mon, 25 Apr 2022 14:45:21 GMT","","","","","1.1","","","","","","https://www.bowlerhat.co.uk/wp-content/uploads/2016/07/Web-1920-%E2%80%93-40-1024x616.jpg","2026-07-30 14:25:52"
"https://www.bowlerhat.co.uk/case-studies/willmott-dixon-case-study/","text/html; charset=UTF-8","200","OK","Indexable","","Willmott Dixon Case Study - Bowler Hat","38","350","","0","0","","0","0","","0","Willmott Dixon Case Study","25","","0","The Backstory","13","We Delivered","12","index, follow, max-image-preview:large, max-snippet:-1, max-video-preview:-1","","","https://www.bowlerhat.co.uk/case-studies/willmott-dixon-case-study/","","","","","","128575","23942","23942","9.172","","415","68","6.103","75.269","Fairly Easy","2.898","4","2","","6","2","0","0.300","67","36","0","9","5","0","","","","","9f914fd519842746cfddb91955852def","0.067","Thu, 30 Jul 2026 13:22:10 GMT","","","","en-US","1.1","","","","","","https://www.bowlerhat.co.uk/case-studies/willmott-dixon-case-study/","2026-07-30 14:25:52"
"https://www.bowlerhat.co.uk/case-studies/seven-capital-case-study/","text/html; charset=UTF-8","200","OK","Indexable","","PPC Campaign for Property Development Company Case Study - Bowler Hat","69","678","Bowler Hat helped Seven Capital launch the business with a global Google Ads PPC digital marketing campaign selling several hundred properties.","143","898","","0","0","","0","Seven Capital Case Study","24","","0","The Situation","13","The Challenge","13","index, follow, max-image-preview:large, max-snippet:-1, max-video-preview:-1","","","https://www.bowlerhat.co.uk/case-studies/seven-capital-case-study/","","","","","","133311","24346","24346","9.326","","456","76","6.000","69.207","Normal","3.046","4","2","","6","2","0","0.300","67","36","0","9","5","0","","","","","d15719a48e596002cc767d9fd6c9373e","0.069","Thu, 30 Jul 2026 13:22:10 GMT","","","","en-US","1.1","","","","","","https://www.bowlerhat.co.uk/case-studies/seven-capital-case-study/","2026-07-30 14:25:52"
"https://www.bowlerhat.co.uk/wp-content/uploads/2016/11/Web-1920-–-37-1024x616.jpg","image/jpeg","200","OK","Indexable","","","0","0","","0","0","","0","0","","0","","0","","0","","0","","0","","","","","","","","","","38013","38013","38013","14.562","","0","","","","","0.000","4","4","","0","0","0","0.000","0","0","0","0","0","0","","","","","","0.055","Mon, 25 Apr 2022 14:45:21 GMT","","","","","1.1","","","","","","https://www.bowlerhat.co.uk/wp-content/uploads/2016/11/Web-1920-%E2%80%93-37-1024x616.jpg","2026-07-30 14:25:52"
"https://www.bowlerhat.co.uk/case-studies/luvdup-case-study/","text/html; charset=UTF-8","200","OK","Indexable","","Luvdup Case Study - Bowler Hat","30","284","","0","0","","0","0","","0","Luvdup Case Study","17","","0","The Backstory","13","Challenges","10","index, follow, max-image-preview:large, max-snippet:-1, max-video-preview:-1","","","https://www.bowlerhat.co.uk/case-studies/luvdup-case-study/","","","","","","137705","25018","25018","9.584","","686","95","7.221","77.662","Fairly Easy","3.776","4","2","","6","2","0","0.300","67","36","0","9","5","0","","","","","6e7027f80e5f09686c2f487365fa88e9","0.019","Thu, 30 Jul 2026 13:22:10 GMT","","","","en-US","1.1","","","","","","https://www.bowlerhat.co.uk/case-studies/luvdup-case-study/","2026-07-30 14:25:52"
"https://www.bowlerhat.co.uk/case-studies/jrm-plastering-case-study/","text/html; charset=UTF-8","200","OK","Indexable","","Website Design & SEO Case Study for Local Plasterer - Bowler Hat","64","587","Bowler Hat built a new website and implemented SEO for a local plasterer - the business now relies solely on organic search for all leads.","138","834","","0","0","","0","JRM Plastering Case Study","25","","0","The Backstory","13","We Delivered","12","index, follow, max-image-preview:large, max-snippet:-1, max-video-preview:-1","","","https://www.bowlerhat.co.uk/case-studies/jrm-plastering-case-study/","","","","","","133833","24188","24188","9.266","","543","78","6.962","79.646","Fairly Easy","3.237","4","2","","6","2","0","0.300","68","36","0","9","5","0","","","","","ea78b92a2b6cd872292811f7e3ab4d8f","0.032","Thu, 30 Jul 2026 13:22:10 GMT","","","","en-US","1.1","","","","","","https://www.bowlerhat.co.uk/case-studies/jrm-plastering-case-study/","2026-07-30 14:25:52"
"https://www.bowlerhat.co.uk/wp-content/uploads/2016/11/Web-1920-–-36-1024x616.jpg","image/jpeg","200","OK","Indexable","","","0","0","","0","0","","0","0","","0","","0","","0","","0","","0","","","","","","","","","","55464","55464","55464","21.247","","0","","","","","0.000","4","4","","0","0","0","0.000","0","0","0","0","0","0","","","","","","0.019","Mon, 25 Apr 2022 14:45:21 GMT","","","","","1.1","","","","","","https://www.bowlerhat.co.uk/wp-content/uploads/2016/11/Web-1920-%E2%80%93-36-1024x616.jpg","2026-07-30 14:25:52"
"https://www.bowlerhat.co.uk/case-studies/payara-case-study/","text/html; charset=UTF-8","200","OK","Indexable","","Payara Case Study - Bowler Hat","30","281","","0","0","","0","0","","0","Payara Case Study","17","","0","The Backstory","13","Challenges","10","index, follow, max-image-preview:large, max-snippet:-1, max-video-preview:-1","","","https://www.bowlerhat.co.uk/case-studies/payara-case-study/","","","","","","136472","24705","24705","9.464","","456","71","6.423","73.973","Fairly Easy","2.914","4","2","","6","2","0","0.300","67","36","0","9","5","0","","","","","d9dad1ba7d128b372888af63087dd994","0.062","Thu, 30 Jul 2026 13:22:10 GMT","","","","en-US","1.1","","","","","","https://www.bowlerhat.co.uk/case-studies/payara-case-study/","2026-07-30 14:25:52"
"https://www.bowlerhat.co.uk/wp-content/uploads/2016/08/Web-1920-–-38-1024x616.jpg","image/jpeg","200","OK","Indexable","","","0","0","","0","0","","0","0","","0","","0","","0","","0","","0","","","","","","","","","","21975","21975","21975","8.418","","0","","","","","0.000","4","4","","0","0","0","0.000","0","0","0","0","0","0","","","","","","0.033","Mon, 25 Apr 2022 14:45:21 GMT","","","","","1.1","","","","","","https://www.bowlerhat.co.uk/wp-content/uploads/2016/08/Web-1920-%E2%80%93-38-1024x616.jpg","2026-07-30 14:25:52"
"https://www.bowlerhat.co.uk/wp-content/uploads/2016/07/Web-1920-–-39-1024x616.jpg","image/jpeg","200","OK","Indexable","","","0","0","","0","0","","0","0","","0","","0","","0","","0","","0","","","","","","","","","","104195","104195","104195","39.915","","0","","","","","0.000","4","4","","0","0","0","0.000","0","0","0","0","0","0","","","","","","0.032","Mon, 25 Apr 2022 14:45:21 GMT","","","","","1.1","","","","","","https://www.bowlerhat.co.uk/wp-content/uploads/2016/07/Web-1920-%E2%80%93-39-1024x616.jpg","2026-07-30 14:25:52"
"https://www.bowlerhat.co.uk/wp-content/uploads/2017/06/Web-1920-–-35-1-1-1024x616.jpg","image/jpeg","200","OK","Indexable","","","0","0","","0","0","","0","0","","0","","0","","0","","0","","0","","","","","","","","","","60691","60691","60691","23.250","","0","","","","","0.000","4","4","","0","0","0","0.000","0","0","0","0","0","0","","","","","","0.051","Mon, 25 Apr 2022 14:45:21 GMT","","","","","1.1","","","","","","https://www.bowlerhat.co.uk/wp-content/uploads/2017/06/Web-1920-%E2%80%93-35-1-1-1024x616.jpg","2026-07-30 14:25:52"
"https://www.bowlerhat.co.uk/case-studies/overcoming-multiple-sclerosis-case-study/","text/html; charset=UTF-8","200","OK","Indexable","","SEO Traffic Recovery after Website Redesign Case Study - Bowler Hat","67","619","The charity OMS lost over 90% of their organic traffic after a website redesign. Learn how we identified the problem and restored the traffic.","142","857","","0","0","","0","OMS Case Study","14","","0","The Backstory","13","Challenges","10","index, follow, max-image-preview:large, max-snippet:-1, max-video-preview:-1","","","https://www.bowlerhat.co.uk/case-studies/overcoming-multiple-sclerosis-case-study/","","","","","","137652","25482","25482","9.762","","812","107","7.589","71.191","Fairly Easy","4.379","4","2","","6","2","0","0.300","67","36","0","9","5","0","","","","","635074f5ffe92d61c636a0f347a8c665","0.067","Thu, 30 Jul 2026 13:22:11 GMT","","","","en-US","1.1","","","","","","https://www.bowlerhat.co.uk/case-studies/overcoming-multiple-sclerosis-case-study/","2026-07-30 14:25:52"
"https://www.bowlerhat.co.uk/wp-content/uploads/2018/02/Web-1920-–-33-1024x616.jpg","image/jpeg","200","OK","Indexable","","","0","0","","0","0","","0","0","","0","","0","","0","","0","","0","","","","","","","","","","85394","85394","85394","32.713","","0","","","","","0.000","4","4","","0","0","0","0.000","0","0","0","0","0","0","","","","","","0.028","Mon, 25 Apr 2022 14:45:21 GMT","","","","","1.1","","","","","","https://www.bowlerhat.co.uk/wp-content/uploads/2018/02/Web-1920-%E2%80%93-33-1024x616.jpg","2026-07-30 14:25:52"
"https://www.bowlerhat.co.uk/wp-content/uploads/2022/04/Web-1920-–-42.png","image/png","200","OK","Indexable","","","0","0","","0","0","","0","0","","0","","0","","0","","0","","0","","","","","","","","","","108048","108048","108048","41.391","","0","","","","","0.000","4","4","","0","0","0","0.000","0","0","0","0","0","0","","","","","","0.020","Mon, 25 Apr 2022 14:45:20 GMT","","","","","1.1","","","","","","https://www.bowlerhat.co.uk/wp-content/uploads/2022/04/Web-1920-%E2%80%93-42.png","2026-07-30 14:25:52"
"https://www.bowlerhat.co.uk/case-studies/studio-131-case-study/","text/html; charset=UTF-8","200","OK","Indexable","","Studio 131 Case Study - Bowler Hat","34","314","","0","0","","0","0","","0","Studio 131 Case Study","21","","0","The Backstory","13","The Background","14","index, follow, max-image-preview:large, max-snippet:-1, max-video-preview:-1","","","https://www.bowlerhat.co.uk/case-studies/studio-131-case-study/","","","","","","133244","24344","24344","9.326","","524","77","6.805","77.225","Fairly Easy","3.200","4","2","","6","2","0","0.300","68","36","0","9","5","0","","","","","b5e0e6ea8c03436a785f0576bde1a925","0.075","Thu, 30 Jul 2026 13:22:11 GMT","","","","en-US","1.1","","","","","","https://www.bowlerhat.co.uk/case-studies/studio-131-case-study/","2026-07-30 14:25:52"
"https://www.bowlerhat.co.uk/case-studies/cluego-case-study/","text/html; charset=UTF-8","200","OK","Indexable","","SEO, PPC & Lead Generation Case Study for Team Building Company - Bowler Hat","76","726","Bowler Hat have delivered SEO, PPC & Digital Marketing for Cluego over several years and through the COVID-19 Pandemic.","119","759","","0","0","","0","Cluego Case Study","17","","0","The Backstory","13","The Problem","11","index, follow, max-image-preview:large, max-snippet:-1, max-video-preview:-1","","","https://www.bowlerhat.co.uk/case-studies/cluego-case-study/","","","","","","140085","25470","25470","9.757","","811","108","7.509","75.912","Fairly Easy","4.301","4","2","","6","2","0","0.300","67","36","0","9","5","0","","","","","6feba5fc6277a81306a58dca306f1bdf","0.034","Thu, 30 Jul 2026 13:22:11 GMT","","","","en-US","1.1","","","","","","https://www.bowlerhat.co.uk/case-studies/cluego-case-study/","2026-07-30 14:25:52"
"https://www.bowlerhat.co.uk/case-studies/rofuto-case-study/","text/html; charset=UTF-8","200","OK","Indexable","","Rofuto Case Study - Bowler Hat","30","278","","0","0","","0","0","","0","Rofuto Case Study","17","","0","The Backstory","13","We Delivered","12","index, follow, max-image-preview:large, max-snippet:-1, max-video-preview:-1","","","https://www.bowlerhat.co.uk/case-studies/rofuto-case-study/","","","","","","131408","24074","24074","9.222","","453","70","6.471","80.557","Easy","2.901","4","2","","6","2","0","0.300","68","36","0","9","5","0","","","","","d4c6613f2db96edcbab92386b1bf4723","0.056","Thu, 30 Jul 2026 13:22:11 GMT","","","","en-US","1.1","","","","","","https://www.bowlerhat.co.uk/case-studies/rofuto-case-study/","2026-07-30 14:25:52"
"https://www.bowlerhat.co.uk/case-studies/little-bears-case-study/","text/html; charset=UTF-8","200","OK","Indexable","","Enrolment Landing Pages for Colleges - Bowler Hat","49","455","Three mobile-optimised website landing pages developed for a local group of colleges to aid in enrollment.","106","649","","0","0","","0","Little Bears Case Study","23","","0","The Backstory","13","The Challenge","13","index, follow, max-image-preview:large, max-snippet:-1, max-video-preview:-1","","","https://www.bowlerhat.co.uk/case-studies/little-bears-case-study/","","","","","","136463","24742","24742","9.478","","705","99","7.121","76.847","Fairly Easy","3.957","4","2","","6","2","0","0.300","67","36","0","10","6","0","","","","","cac1bdc9fa5e6393a0019c7931cfb7c3","0.033","Thu, 30 Jul 2026 13:22:11 GMT","","","","en-US","1.1","","","","","","https://www.bowlerhat.co.uk/case-studies/little-bears-case-study/","2026-07-30 14:25:52"
"https://www.bowlerhat.co.uk/case-studies/elonex-case-study/","text/html; charset=UTF-8","200","OK","Indexable","","Enrolment Landing Pages for Colleges - Bowler Hat","49","455","Three mobile-optimised website landing pages developed for a local group of colleges to aid in enrollment.","106","649","","0","0","","0","Elonex Case Study","17","","0","The Backstory","13","The Challenge","13","index, follow, max-image-preview:large, max-snippet:-1, max-video-preview:-1","","","https://www.bowlerhat.co.uk/case-studies/elonex-case-study/","","","","","","132220","23897","23897","9.154","","452","70","6.457","77.499","Fairly Easy","2.962","4","2","","6","2","0","0.300","67","36","0","10","6","0","","","","","11d41777badf316c2a584bc3ac4a8362","0.064","Thu, 30 Jul 2026 13:22:11 GMT","","","","en-US","1.1","","","","","","https://www.bowlerhat.co.uk/case-studies/elonex-case-study/","2026-07-30 14:25:52"
"https://www.bowlerhat.co.uk/wp-content/uploads/2020/11/Web-1920-–-30.png","image/png","200","OK","Indexable","","","0","0","","0","0","","0","0","","0","","0","","0","","0","","0","","","","","","","","","","182751","182751","182751","70.008","","0","","","","","0.000","4","4","","0","0","0","0.000","0","0","0","0","0","0","","","","","","0.023","Mon, 25 Apr 2022 14:45:20 GMT","","","","","1.1","","","","","","https://www.bowlerhat.co.uk/wp-content/uploads/2020/11/Web-1920-%E2%80%93-30.png","2026-07-30 14:25:53"
"https://www.bowlerhat.co.uk/wp-content/uploads/2024/08/ELONEX.jpg","image/jpeg","200","OK","Indexable","","","0","0","","0","0","","0","0","","0","","0","","0","","0","","0","","","","","","","","","","67225","67225","67225","25.753","","0","","","","","0.000","4","4","","0","0","0","0.000","0","0","0","0","0","0","","","","","","0.031","Wed, 09 Oct 2024 13:13:10 GMT","","","","","1.1","","","","","","https://www.bowlerhat.co.uk/wp-content/uploads/2024/08/ELONEX.jpg","2026-07-30 14:25:53"
"https://www.bowlerhat.co.uk/wp-content/uploads/2022/04/Web-1920-–-41.png","image/png","200","OK","Indexable","","","0","0","","0","0","","0","0","","0","","0","","0","","0","","0","","","","","","","","","","150345","150345","150345","57.594","","0","","","","","0.000","4","4","","0","0","0","0.000","0","0","0","0","0","0","","","","","","0.032","Mon, 25 Apr 2022 14:45:20 GMT","","","","","1.1","","","","","","https://www.bowlerhat.co.uk/wp-content/uploads/2022/04/Web-1920-%E2%80%93-41.png","2026-07-30 14:25:53"
"https://www.bowlerhat.co.uk/case-studies/zest-education-case-study/","text/html; charset=UTF-8","200","OK","Indexable","","Recruitment Agency Website Design & Development Case Study - Bowler Hat","71","684","Bowler Hat worked with Zest Education to design a new website for their recruitment agency that was optimised for SEO & Digital Marketing.","138","866","","0","0","","0","Zest Education Case Study","25","","0","The Backstory","13","The Challenge","13","index, follow, max-image-preview:large, max-snippet:-1, max-video-preview:-1","","","https://www.bowlerhat.co.uk/case-studies/zest-education-case-study/","","","","","","135506","25013","25013","9.582","","754","107","7.047","75.924","Fairly Easy","4.201","4","2","","6","2","0","0.300","67","36","0","10","6","0","","","","","ea2c8ee3f0c2c6d032c048ce26efa838","0.027","Thu, 30 Jul 2026 13:22:11 GMT","","","","en-US","1.1","","","","","","https://www.bowlerhat.co.uk/case-studies/zest-education-case-study/","2026-07-30 14:25:53"
"https://www.bowlerhat.co.uk/case-studies/writing-west-midlands-case-study/","text/html; charset=UTF-8","200","OK","Indexable","","Events Website Design Case Study - Bowler Hat","45","423","","0","0","","0","0","","0","Writing West Midlands Case Study","32","","0","The Backstory","13","The Challenge","13","index, follow, max-image-preview:large, max-snippet:-1, max-video-preview:-1","","","https://www.bowlerhat.co.uk/case-studies/writing-west-midlands-case-study/","","","","","","142216","26346","26346","10.093","","1075","145","7.414","78.981","Fairly Easy","5.372","4","2","","6","2","0","0.300","67","36","0","12","8","0","","","","","224dfa30383844117845c7bdf433bfc0","0.050","Thu, 30 Jul 2026 13:22:11 GMT","","","","en-US","1.1","","","","","","https://www.bowlerhat.co.uk/case-studies/writing-west-midlands-case-study/","2026-07-30 14:25:53"
"https://www.bowlerhat.co.uk/case-studies/bright-white-case-study/","text/html; charset=UTF-8","200","OK","Indexable","","Bright & White Case Study - Bowler Hat","38","346","","0","0","","0","0","","0","Bright & White Case Study","25","","0","The Backstory","13","We Delivered","12","index, follow, max-image-preview:large, max-snippet:-1, max-video-preview:-1","","","https://www.bowlerhat.co.uk/case-studies/bright-white-case-study/","","","","","","131379","23939","23939","9.171","","429","64","6.703","85.062","Easy","2.815","4","2","","6","2","0","0.300","68","36","0","9","5","0","","","","","28b2471e867a5c4b27bbb8f8c58e396d","0.034","Thu, 30 Jul 2026 13:22:11 GMT","","","","en-US","1.1","","","","","","https://www.bowlerhat.co.uk/case-studies/bright-white-case-study/","2026-07-30 14:25:53"
"https://www.bowlerhat.co.uk/wp-content/uploads/2018/02/Web-1920-–-34-1-1024x616.jpg","image/jpeg","200","OK","Indexable","","","0","0","","0","0","","0","0","","0","","0","","0","","0","","0","","","","","","","","","","83261","83261","83261","31.896","","0","","","","","0.000","4","4","","0","0","0","0.000","0","0","0","0","0","0","","","","","","0.050","Mon, 25 Apr 2022 14:45:21 GMT","","","","","1.1","","","","","","https://www.bowlerhat.co.uk/wp-content/uploads/2018/02/Web-1920-%E2%80%93-34-1-1024x616.jpg","2026-07-30 14:25:53"
"https://www.bowlerhat.co.uk/wp-content/uploads/2024/08/Little-Bears.jpg","image/jpeg","200","OK","Indexable","","","0","0","","0","0","","0","0","","0","","0","","0","","0","","0","","","","","","","","","","51138","51138","51138","19.590","","0","","","","","0.000","4","4","","0","0","0","0.000","0","0","0","0","0","0","","","","","","0.022","Wed, 09 Oct 2024 13:06:24 GMT","","","","","1.1","","","","","","https://www.bowlerhat.co.uk/wp-content/uploads/2024/08/Little-Bears.jpg","2026-07-30 14:25:53"
"https://www.bowlerhat.co.uk/wp-content/uploads/2022/10/Web-1920-–-42-1.png","image/png","200","OK","Indexable","","","0","0","","0","0","","0","0","","0","","0","","0","","0","","0","","","","","","","","","","124903","124903","124903","47.848","","0","","","","","0.000","4","4","","0","0","0","0.000","0","0","0","0","0","0","","","","","","0.052","Fri, 14 Oct 2022 10:53:08 GMT","","","","","1.1","","","","","","https://www.bowlerhat.co.uk/wp-content/uploads/2022/10/Web-1920-%E2%80%93-42-1.png","2026-07-30 14:25:53"
"https://www.bowlerhat.co.uk/case-studies/john-evans-case-study/","text/html; charset=UTF-8","200","OK","Indexable","","John Evans Case Study - Bowler Hat","34","321","","0","0","","0","0","","0","John Evans Case Study","21","","0","The Backstory","13","We Delivered","12","index, follow, max-image-preview:large, max-snippet:-1, max-video-preview:-1","","","https://www.bowlerhat.co.uk/case-studies/john-evans-case-study/","","","","","","132122","24172","24172","9.260","","460","69","6.667","82.180","Easy","2.915","4","2","","6","2","0","0.300","68","36","0","9","5","0","","","","","661ea9ea02db610188c4c9f06e6e8b42","0.037","Thu, 30 Jul 2026 13:22:11 GMT","","","","en-US","1.1","","","","","","https://www.bowlerhat.co.uk/case-studies/john-evans-case-study/","2026-07-30 14:25:53"
"https://www.bowlerhat.co.uk/wp-content/uploads/2018/02/Web-1920-–-32-1024x616.png","image/png","200","OK","Indexable","","","0","0","","0","0","","0","0","","0","","0","","0","","0","","0","","","","","","","","","","369253","369253","369253","141.454","","0","","","","","0.000","4","4","","0","0","0","0.000","0","0","0","0","0","0","","","","","","0.025","Mon, 25 Apr 2022 14:45:21 GMT","","","","","1.1","","","","","","https://www.bowlerhat.co.uk/wp-content/uploads/2018/02/Web-1920-%E2%80%93-32-1024x616.png","2026-07-30 14:25:53"
"https://www.bowlerhat.co.uk/case-studies/college-enrolment-landing-pages-case-study/","text/html; charset=UTF-8","200","OK","Indexable","","Enrolment Landing Pages for Colleges - Bowler Hat","49","455","Three mobile-optimised website landing pages developed for a local group of colleges to aid in enrollment.","106","649","","0","0","","0","College Enrolment Case Study","28","","0","The Backstory","13","The Challenge","13","index, follow, max-image-preview:large, max-snippet:-1, max-video-preview:-1","","","https://www.bowlerhat.co.uk/case-studies/college-enrolment-landing-pages-case-study/","","","","","","135479","24447","24447","9.365","","537","77","6.974","77.346","Fairly Easy","3.235","4","2","","6","2","0","0.300","67","36","0","9","5","0","","","","","bbc4017b04ceaf67abccee997d04d97a","0.055","Thu, 30 Jul 2026 13:22:11 GMT","","","","en-US","1.1","","","","","","https://www.bowlerhat.co.uk/case-studies/college-enrolment-landing-pages-case-study/","2026-07-30 14:25:53"
"https://www.bowlerhat.co.uk/wp-content/uploads/elementor/css/post-15190.css?ver=1783088751","text/css","200","OK","Indexable","","","0","0","","0","0","","0","0","","0","","0","","0","","0","","0","","","","","","","","","","0","0","0","0.000","","0","","","","","0.000","4","4","","0","0","0","0.000","0","0","0","0","0","0","","","","","","0.032","Fri, 03 Jul 2026 14:25:51 GMT","","","","","1.1","","","","","","https://www.bowlerhat.co.uk/wp-content/uploads/elementor/css/post-15190.css?ver=1783088751","2026-07-30 14:25:53"
"https://www.bowlerhat.co.uk/wp-content/uploads/2024/08/4926289-1.jpg","image/jpeg","200","OK","Indexable","","","0","0","","0","0","","0","0","","0","","0","","0","","0","","0","","","","","","","","","","83085","83085","83085","31.828","","0","","","","","0.000","4","4","","0","0","0","0.000","0","0","0","0","0","0","","","","","","0.083","Tue, 20 Aug 2024 10:48:40 GMT","","","","","1.1","","","","","","https://www.bowlerhat.co.uk/wp-content/uploads/2024/08/4926289-1.jpg","2026-07-30 14:25:53"
"https://www.bowlerhat.co.uk/wp-content/uploads/elementor/css/post-15399.css?ver=1783014628","text/css","200","OK","Indexable","","","0","0","","0","0","","0","0","","0","","0","","0","","0","","0","","","","","","","","","","0","0","0","0.000","","0","","","","","0.000","4","4","","0","0","0","0.000","0","0","0","0","0","0","","","","","","0.061","Thu, 02 Jul 2026 17:50:28 GMT","","","","","1.1","","","","","","https://www.bowlerhat.co.uk/wp-content/uploads/elementor/css/post-15399.css?ver=1783014628","2026-07-30 14:25:53"
"https://www.bowlerhat.co.uk/services/ppc/shopping-ads/","text/html; charset=UTF-8","301","Moved Permanently","Non-Indexable","Redirected","","0","0","","0","0","","0","0","","0","","0","","0","","0","","0","","","","","","","","","","0","0","0","0.000","","0","","","","","0.000","4","3","","1","1","0","0.150","0","0","0","0","0","0","","","","","","0.051","","https://www.bowlerhat.co.uk/services/ppc/","HTTP Redirect","","","1.1","","","","","","https://www.bowlerhat.co.uk/services/ppc/shopping-ads/","2026-07-30 14:25:53"
"https://www.bowlerhat.co.uk/wp-content/uploads/elementor/css/post-15503.css?ver=1784128162","text/css","200","OK","Indexable","","","0","0","","0","0","","0","0","","0","","0","","0","","0","","0","","","","","","","","","","0","0","0","0.000","","0","","","","","0.000","4","4","","0","0","0","0.000","0","0","0","0","0","0","","","","","","0.088","Wed, 15 Jul 2026 15:09:22 GMT","","","","","1.1","","","","","","https://www.bowlerhat.co.uk/wp-content/uploads/elementor/css/post-15503.css?ver=1784128162","2026-07-30 14:25:53"
"https://www.bowlerhat.co.uk/wp-content/uploads/2017/11/serp-people-also-ask.png","image/png","200","OK","Indexable","","","0","0","","0","0","","0","0","","0","","0","","0","","0","","0","","","","","","","","","","24302","24302","24302","9.310","","0","","","","","0.000","4","4","","0","0","0","0.000","0","0","0","0","0","0","","","","","","0.051","Mon, 25 Apr 2022 14:45:21 GMT","","","","","1.1","","","","","","https://www.bowlerhat.co.uk/wp-content/uploads/2017/11/serp-people-also-ask.png","2026-07-30 14:25:53"
"https://www.bowlerhat.co.uk/wp-content/uploads/2017/11/serp-knowledge-panel.png","image/png","200","OK","Indexable","","","0","0","","0","0","","0","0","","0","","0","","0","","0","","0","","","","","","","","","","144513","144513","144513","55.360","","0","","","","","0.000","4","4","","0","0","0","0.000","0","0","0","0","0","0","","","","","","0.049","Mon, 25 Apr 2022 14:45:21 GMT","","","","","1.1","","","","","","https://www.bowlerhat.co.uk/wp-content/uploads/2017/11/serp-knowledge-panel.png","2026-07-30 14:25:53"
"https://www.bowlerhat.co.uk/29-best-ways-promote-market-content/","text/html; charset=UTF-8","200","OK","Indexable","","29 Best Ways to Promote and Market Your Content | Bowler Hat","60","567","This post looks at 29 of the best ways to promote & market your content to ensure you get the best results you can and make content marketing work for you.","155","972","","0","0","","0","29 Best Ways to Promote and Market Your Content","47","","0","Leave a Reply Cancel reply","26","","0","index, follow, max-image-preview:large, max-snippet:-1, max-video-preview:-1","","","https://www.bowlerhat.co.uk/29-best-ways-promote-market-content/","","","","","","144773","30146","30146","11.548","","2969","389","7.632","76.818","Fairly Easy","12.672","4","1","","31","16","0","2.370","109","67","0","9","5","0","","","","","6bf89a50aebc6a369404490bc9663b38","0.065","","","","","en-US","1.1","","","","","","https://www.bowlerhat.co.uk/29-best-ways-promote-market-content/","2026-07-30 14:25:53"
"https://www.bowlerhat.co.uk/email-marketing-tips-improve-performance/","text/html; charset=UTF-8","200","OK","Indexable","","22 Email Marketing Tips That Will Improve Performance - Bowler Hat","66","613","Email marketing is one of the most effective ways of reaching and engaging prospects. Here's how to improve results from your email marketing campaigns.","152","962","","0","0","","0","22 Email Marketing Tips That Will Improve Performance","53","","0","6 Responses","11","Leave a Reply Cancel reply","26","index, follow, max-image-preview:large, max-snippet:-1, max-video-preview:-1","","","https://www.bowlerhat.co.uk/email-marketing-tips-improve-performance/","","","","","","152778","31897","31897","12.219","","2913","408","7.140","73.080","Fairly Easy","12.154","4","1","","44","17","0","2.520","109","62","0","16","12","0","","","","","746fe84f7b01188b5371fa72c9706112","0.083","","","","","en-US","1.1","","","","","","https://www.bowlerhat.co.uk/email-marketing-tips-improve-performance/","2026-07-30 14:25:53"
"https://www.bowlerhat.co.uk/wp-content/uploads/2017/11/featured-snippet-serp.png","image/png","200","OK","Indexable","","","0","0","","0","0","","0","0","","0","","0","","0","","0","","0","","","","","","","","","","18072","18072","18072","6.923","","0","","","","","0.000","4","4","","0","0","0","0.000","0","0","0","0","0","0","","","","","","0.046","Mon, 25 Apr 2022 14:45:21 GMT","","","","","1.1","","","","","","https://www.bowlerhat.co.uk/wp-content/uploads/2017/11/featured-snippet-serp.png","2026-07-30 14:25:53"
"https://www.bowlerhat.co.uk/wp-content/uploads/2017/11/serps.png","image/png","200","OK","Indexable","","","0","0","","0","0","","0","0","","0","","0","","0","","0","","0","","","","","","","","","","176723","176723","176723","67.699","","0","","","","","0.000","4","4","","0","0","0","0.000","0","0","0","0","0","0","","","","","","0.028","Mon, 25 Apr 2022 14:45:21 GMT","","","","","1.1","","","","","","https://www.bowlerhat.co.uk/wp-content/uploads/2017/11/serps.png","2026-07-30 14:25:53"
"https://www.bowlerhat.co.uk/wp-content/uploads/2017/08/free-SEO-AUdit.jpg","image/jpeg","200","OK","Indexable","","","0","0","","0","0","","0","0","","0","","0","","0","","0","","0","","","","","","","","","","103402","103402","103402","39.611","","0","","","","","0.000","4","4","","0","0","0","0.000","0","0","0","0","0","0","","","","","","0.049","Mon, 25 Apr 2022 14:45:21 GMT","","","","","1.1","","","","","","https://www.bowlerhat.co.uk/wp-content/uploads/2017/08/free-SEO-AUdit.jpg","2026-07-30 14:25:53"
"https://www.bowlerhat.co.uk/services/ppc/ppc-management/","text/html; charset=UTF-8","301","Moved Permanently","Non-Indexable","Redirected","","0","0","","0","0","","0","0","","0","","0","","0","","0","","0","","","","","","","","","","0","0","0","0.000","","0","","","","","0.000","4","3","","4","4","0","0.590","0","0","0","0","0","0","","","","","","0.035","","https://www.bowlerhat.co.uk/services/ppc/","HTTP Redirect","","","1.1","","","","","","https://www.bowlerhat.co.uk/services/ppc/ppc-management/","2026-07-30 14:25:53"
"https://www.bowlerhat.co.uk/2017/11/08/","text/html; charset=UTF-8","200","OK","Non-Indexable","noindex","November 8, 2017 - Bowler Hat","29","276","","0","0","","0","0","","0","","0","","0","November 8, 2017","16","","0","noindex, follow","","","","","","","","","107297","20260","20260","7.761","","141","28","5.036","87.724","Easy","1.928","4","3","","4","2","0","0.300","68","37","0","8","4","0","","","","","45ac7fe49cb35e7de6e5eae092b0b2a9","0.084","Thu, 30 Jul 2026 13:22:11 GMT","","","","en-US","1.1","","","","","","https://www.bowlerhat.co.uk/2017/11/08/","2026-07-30 14:25:53"
"https://www.bowlerhat.co.uk/wp-content/uploads/2017/08/Asset-3.png","image/png","200","OK","Indexable","","","0","0","","0","0","","0","0","","0","","0","","0","","0","","0","","","","","","","","","","88262","88262","88262","33.811","","0","","","","","0.000","4","4","","0","0","0","0.000","0","0","0","0","0","0","","","","","","0.070","Mon, 25 Apr 2022 14:45:21 GMT","","","","","1.1","","","","","","https://www.bowlerhat.co.uk/wp-content/uploads/2017/08/Asset-3.png","2026-07-30 14:25:53"
"https://www.bowlerhat.co.uk/wp-content/uploads/2017/11/serp-shopping-results.png","image/png","200","OK","Indexable","","","0","0","","0","0","","0","0","","0","","0","","0","","0","","0","","","","","","","","","","77151","77151","77151","29.555","","0","","","","","0.000","4","4","","0","0","0","0.000","0","0","0","0","0","0","","","","","","0.040","Mon, 25 Apr 2022 14:45:21 GMT","","","","","1.1","","","","","","https://www.bowlerhat.co.uk/wp-content/uploads/2017/11/serp-shopping-results.png","2026-07-30 14:25:53"
"https://www.bowlerhat.co.uk/wp-content/uploads/2017/11/serp-people-also-ask-expanded.png","image/png","200","OK","Indexable","","","0","0","","0","0","","0","0","","0","","0","","0","","0","","0","","","","","","","","","","28069","28069","28069","10.753","","0","","","","","0.000","4","4","","0","0","0","0.000","0","0","0","0","0","0","","","","","","0.055","Mon, 25 Apr 2022 14:45:21 GMT","","","","","1.1","","","","","","https://www.bowlerhat.co.uk/wp-content/uploads/2017/11/serp-people-also-ask-expanded.png","2026-07-30 14:25:53"
"https://www.bowlerhat.co.uk/wp-content/uploads/2018/12/How-to-check-your-website-rankings-in-Google.jpg","image/jpeg","200","OK","Indexable","","","0","0","","0","0","","0","0","","0","","0","","0","","0","","0","","","","","","","","","","79199","79199","79199","30.340","","0","","","","","0.000","4","4","","0","0","0","0.000","0","0","0","0","0","0","","","","","","0.040","Mon, 25 Apr 2022 14:45:20 GMT","","","","","1.1","","","","","","https://www.bowlerhat.co.uk/wp-content/uploads/2018/12/How-to-check-your-website-rankings-in-Google.jpg","2026-07-30 14:25:53"
"https://www.bowlerhat.co.uk/google-search-quality-evaluator-guidelines/","text/html; charset=UTF-8","200","OK","Indexable","","7 Key Takeaways from the Google Search Quality Evaluator Guidelines - Bowler Hat","80","740","7 key takeaways from the Google Search Quality Evaluator Guidelines that you can put in place to improve your visibility in Google search today.","144","885","","0","0","","0","7 Key Takeaways from the Google Search Quality Evaluator Guidelines","67","","0","Websites Should Be ‘Beneficial’","31","The Differences Between Main Content, Supplementary Content, and Ads","68","index, follow, max-image-preview:large, max-snippet:-1, max-video-preview:-1","","","https://www.bowlerhat.co.uk/google-search-quality-evaluator-guidelines/","","","","","","135794","27719","27719","10.619","","1674","245","6.833","68.401","Normal","8.401","4","1","","22","9","0","1.340","95","56","0","13","7","0","","","","","480319ce1531ab062599827ea18033e6","0.073","","","","","en-US","1.1","","","","","","https://www.bowlerhat.co.uk/google-search-quality-evaluator-guidelines/","2026-07-30 14:25:53"
"https://www.bowlerhat.co.uk/tag/seo/page/3/","text/html; charset=UTF-8","200","OK","Indexable","","SEO Archives - Page 3 of 3 - Bowler Hat","39","350","","0","0","","0","0","","0","","0","","0","SEO","3","","0","index, follow, max-image-preview:large, max-snippet:-1, max-video-preview:-1","","","https://www.bowlerhat.co.uk/tag/seo/page/3/","","https://www.bowlerhat.co.uk/tag/seo/page/2/","","","","124591","22539","22539","8.634","","388","65","5.969","81.072","Easy","2.835","4","4","","6","3","0","0.450","89","45","0","8","4","0","","","","","1fef45701fc55f93c563bbfd17011988","0.060","Thu, 30 Jul 2026 13:22:12 GMT","","","","en-US","1.1","","","","","","https://www.bowlerhat.co.uk/tag/seo/page/3/","2026-07-30 14:25:53"
"https://www.bowlerhat.co.uk/wp-content/uploads/2017/08/SEO-Tips-for-Beginners-5-Easy-Wins.jpg","image/jpeg","200","OK","Indexable","","","0","0","","0","0","","0","0","","0","","0","","0","","0","","0","","","","","","","","","","97043","97043","97043","37.175","","0","","","","","0.000","4","4","","0","0","0","0.000","0","0","0","0","0","0","","","","","","0.028","Mon, 25 Apr 2022 14:45:21 GMT","","","","","1.1","","","","","","https://www.bowlerhat.co.uk/wp-content/uploads/2017/08/SEO-Tips-for-Beginners-5-Easy-Wins.jpg","2026-07-30 14:25:53"
"https://www.bowlerhat.co.uk/local-seo-tips/","text/html; charset=UTF-8","200","OK","Indexable","","Local SEO Tips - 8 Tips to Rank Locally in 2022 - Bowler Hat","60","526","We outline 7 key tips to help you dial in your local SEO and get your local business ranking at the top of the map pack and organic results.","140","840","","0","0","","0","Local SEO Tips – 8 Tips to Rank Locally in 2022","47","","0","#1 – Have an address in the target location","43","#2: Get listed On Google Business Profile","41","index, follow, max-image-preview:large, max-snippet:-1, max-video-preview:-1","","","https://www.bowlerhat.co.uk/local-seo-tips/","","","","","","139292","29049","29049","11.128","","2225","324","6.867","76.064","Fairly Easy","10.136","4","1","","30","9","0","1.340","116","63","0","14","9","0","","","","","7bd19d72cb21ff4b505deb9b6854efda","0.088","","","","","en-US","1.1","","","","","","https://www.bowlerhat.co.uk/local-seo-tips/","2026-07-30 14:25:53"
"https://www.bowlerhat.co.uk/wp-content/uploads/2021/09/what-is-seo-the-matrix.jpg","image/jpeg","200","OK","Indexable","","","0","0","","0","0","","0","0","","0","","0","","0","","0","","0","","","","","","","","","","347045","347045","347045","132.946","","0","","","","","0.000","4","4","","0","0","0","0.000","0","0","0","0","0","0","","","","","","0.024","Mon, 25 Apr 2022 14:45:20 GMT","","","","","1.1","","","","","","https://www.bowlerhat.co.uk/wp-content/uploads/2021/09/what-is-seo-the-matrix.jpg","2026-07-30 14:25:53"
"https://www.bowlerhat.co.uk/tag/seo/page/2/","text/html; charset=UTF-8","200","OK","Indexable","","SEO Archives - Page 2 of 3 - Bowler Hat","39","350","","0","0","","0","0","","0","","0","","0","SEO","3","","0","index, follow, max-image-preview:large, max-snippet:-1, max-video-preview:-1","","","https://www.bowlerhat.co.uk/tag/seo/page/2/","https://www.bowlerhat.co.uk/tag/seo/page/3/","https://www.bowlerhat.co.uk/tag/seo/","","","","129210","23067","23067","8.837","","479","79","6.063","88.705","Easy","3.051","4","4","","7","3","0","0.450","96","47","0","8","4","0","","","","","a86bcc88fcc5bff5ce27640ca43c2de8","0.035","Thu, 30 Jul 2026 13:22:12 GMT","","","","en-US","1.1","","","","","","https://www.bowlerhat.co.uk/tag/seo/page/2/","2026-07-30 14:25:53"
"https://www.bowlerhat.co.uk/wp-content/uploads/2022/02/Web-1920-–-11.png","image/png","200","OK","Indexable","","","0","0","","0","0","","0","0","","0","","0","","0","","0","","0","","","","","","","","","","14919","14919","14919","5.715","","0","","","","","0.000","4","4","","0","0","0","0.000","0","0","0","0","0","0","","","","","","0.026","Mon, 25 Apr 2022 14:45:20 GMT","","","","","1.1","","","","","","https://www.bowlerhat.co.uk/wp-content/uploads/2022/02/Web-1920-%E2%80%93-11.png","2026-07-30 14:25:53"
"https://www.bowlerhat.co.uk/wp-content/uploads/2017/11/How-Long-Does-SEO-Take_.jpg","image/jpeg","200","OK","Indexable","","","0","0","","0","0","","0","0","","0","","0","","0","","0","","0","","","","","","","","","","15027","15027","15027","5.757","","0","","","","","0.000","4","4","","0","0","0","0.000","0","0","0","0","0","0","","","","","","0.048","Mon, 25 Apr 2022 14:45:21 GMT","","","","","1.1","","","","","","https://www.bowlerhat.co.uk/wp-content/uploads/2017/11/How-Long-Does-SEO-Take_.jpg","2026-07-30 14:25:53"
"https://www.bowlerhat.co.uk/wp-content/uploads/2017/09/How-to-check-your-website-rankings-in-Google.jpg","image/jpeg","200","OK","Indexable","","","0","0","","0","0","","0","0","","0","","0","","0","","0","","0","","","","","","","","","","79199","79199","79199","30.340","","0","","","","","0.000","4","4","","0","0","0","0.000","0","0","0","0","0","0","","","","","","0.052","Mon, 25 Apr 2022 14:45:21 GMT","","","","","1.1","","","","","","https://www.bowlerhat.co.uk/wp-content/uploads/2017/09/How-to-check-your-website-rankings-in-Google.jpg","2026-07-30 14:25:53"
"https://www.bowlerhat.co.uk/wp-content/uploads/2019/01/how-to-optimise-your-google-my-business-listing.jpg","image/jpeg","200","OK","Indexable","","","0","0","","0","0","","0","0","","0","","0","","0","","0","","0","","","","","","","","","","80748","80748","80748","30.933","","0","","","","","0.000","4","4","","0","0","0","0.000","0","0","0","0","0","0","","","","","","0.057","Mon, 25 Apr 2022 14:45:20 GMT","","","","","1.1","","","","","","https://www.bowlerhat.co.uk/wp-content/uploads/2019/01/how-to-optimise-your-google-my-business-listing.jpg","2026-07-30 14:25:53"
"https://www.bowlerhat.co.uk/wp-content/uploads/2021/09/google.jpg","image/jpeg","200","OK","Indexable","","","0","0","","0","0","","0","0","","0","","0","","0","","0","","0","","","","","","","","","","9527","9527","9527","3.650","","0","","","","","0.000","4","4","","0","0","0","0.000","0","0","0","0","0","0","","","","","","0.046","Mon, 25 Apr 2022 14:45:20 GMT","","","","","1.1","","","","","","https://www.bowlerhat.co.uk/wp-content/uploads/2021/09/google.jpg","2026-07-30 14:25:53"
"https://www.bowlerhat.co.uk/2021/09/19/","text/html; charset=UTF-8","200","OK","Non-Indexable","noindex","September 19, 2021 - Bowler Hat","31","293","","0","0","","0","0","","0","","0","","0","September 19, 2021","18","","0","noindex, follow","","","","","","","","","107271","20254","20254","7.759","","141","27","5.222","81.534","Easy","1.957","4","3","","4","2","0","0.300","68","37","0","8","4","0","","","","","6455d1084a810cc5a11457e608bfe4f9","0.049","Thu, 30 Jul 2026 13:22:12 GMT","","","","en-US","1.1","","","","","","https://www.bowlerhat.co.uk/2021/09/19/","2026-07-30 14:25:53"
"https://www.bowlerhat.co.uk/wp-content/uploads/2017/05/Screen-Shot-2017-05-02-at-13.56.03.png","image/png","200","OK","Indexable","","","0","0","","0","0","","0","0","","0","","0","","0","","0","","0","","","","","","","","","","104963","104963","104963","40.209","","0","","","","","0.000","4","4","","0","0","0","0.000","0","0","0","0","0","0","","","","","","0.026","Mon, 25 Apr 2022 14:45:21 GMT","","","","","1.1","","","","","","https://www.bowlerhat.co.uk/wp-content/uploads/2017/05/Screen-Shot-2017-05-02-at-13.56.03.png","2026-07-30 14:25:54"
"https://www.bowlerhat.co.uk/2021/06/02/","text/html; charset=UTF-8","200","OK","Non-Indexable","noindex","June 2, 2021 - Bowler Hat","25","227","","0","0","","0","0","","0","","0","","0","June 2, 2021","12","","0","noindex, follow","","","","","","","","","107095","20193","20193","7.736","","142","29","4.897","82.114","Easy","1.949","4","3","","4","2","0","0.300","68","37","0","8","4","0","","","","","ba192b47cf69b405dd834a2c69898e6b","0.050","Thu, 30 Jul 2026 13:22:12 GMT","","","","en-US","1.1","","","","","","https://www.bowlerhat.co.uk/2021/06/02/","2026-07-30 14:25:54"
"https://www.bowlerhat.co.uk/author/andrew-hall/","text/html; charset=UTF-8","200","OK","Indexable","","Andrew Hall, Author at Bowler Hat","33","303","","0","0","","0","0","","0","","0","","0","Andrew Hall","11","","0","index, follow, max-image-preview:large, max-snippet:-1, max-video-preview:-1","","","https://www.bowlerhat.co.uk/author/andrew-hall/","https://www.bowlerhat.co.uk/author/andrew-hall/page/2/","","","","","130676","23319","23319","8.933","","464","79","5.873","87.466","Easy","3.005","4","2","","140","37","0","5.490","96","48","0","8","4","0","","","","","de6d1e340c35047cca58f7a171901faf","0.056","Thu, 30 Jul 2026 13:22:12 GMT","","","","en-US","1.1","","","","","","https://www.bowlerhat.co.uk/author/andrew-hall/","2026-07-30 14:25:54"
"https://www.bowlerhat.co.uk/wp-content/uploads/2017/05/Screen-Shot-2017-05-02-at-13.35.59.jpg","image/jpeg","200","OK","Indexable","","","0","0","","0","0","","0","0","","0","","0","","0","","0","","0","","","","","","","","","","29908","29908","29908","11.457","","0","","","","","0.000","4","4","","0","0","0","0.000","0","0","0","0","0","0","","","","","","0.027","Mon, 25 Apr 2022 14:45:21 GMT","","","","","1.1","","","","","","https://www.bowlerhat.co.uk/wp-content/uploads/2017/05/Screen-Shot-2017-05-02-at-13.35.59.jpg","2026-07-30 14:25:54"
"https://www.bowlerhat.co.uk/daily-insights/","text/html; charset=UTF-8","301","Moved Permanently","Non-Indexable","Redirected","","0","0","","0","0","","0","0","","0","","0","","0","","0","","0","","","","","","","","","","0","0","0","0.000","","0","","","","","0.000","4","1","","0","0","0","0.000","0","0","0","0","0","0","","","","","","0.027","","https://www.bowlerhat.co.uk/","HTTP Redirect","","","1.1","","","","","","https://www.bowlerhat.co.uk/daily-insights/","2026-07-30 14:25:54"
"https://www.bowlerhat.co.uk/2024/07/06/","text/html; charset=UTF-8","200","OK","Non-Indexable","noindex","July 6, 2024 - Bowler Hat","25","219","","0","0","","0","0","","0","","0","","0","July 6, 2024","12","","0","noindex, follow","","","","","","","","","107072","20190","20190","7.734","","135","27","5.000","81.440","Easy","1.908","4","3","","4","2","0","0.300","68","37","0","8","4","0","","","","","8600773eecd46634e636c78353d9f02d","0.053","Thu, 30 Jul 2026 13:22:12 GMT","","","","en-US","1.1","","","","","","https://www.bowlerhat.co.uk/2024/07/06/","2026-07-30 14:25:54"
"https://www.bowlerhat.co.uk/80-types-content-inspire-creativity-supercharge-content-strategy/","text/html; charset=UTF-8","200","OK","Indexable","","80 Types of Content That Will Inspire Your Creativity and Supercharge Your Content Strategy - Bowler Hat","104","936","Content marketing is much more than writing blogs. Try some of these 80 types of content to inspire your creativity and supercharge your content strategy.","154","957","","0","0","","0","80 Types of Content That Will Inspire Your Creativity and Supercharge Your Content Strategy","91","","0","Leave a Reply Cancel reply","26","","0","index, follow, max-image-preview:large, max-snippet:-1, max-video-preview:-1","","","https://www.bowlerhat.co.uk/80-types-content-inspire-creativity-supercharge-content-strategy/","","","","","","131653","25291","25291","9.689","","713","243","2.934","87.695","Easy","4.133","4","1","","30","15","0","2.230","78","45","0","10","6","0","","","","","d8ccd939dbacee574e693edd4c8e5691","0.048","","","","","en-US","1.1","","","","","","https://www.bowlerhat.co.uk/80-types-content-inspire-creativity-supercharge-content-strategy/","2026-07-30 14:25:54"
"https://www.bowlerhat.co.uk/tag/content/","text/html; charset=UTF-8","200","OK","Indexable","","content Archives - Bowler Hat","29","264","","0","0","","0","0","","0","","0","","0","content","7","","0","index, follow, max-image-preview:large, max-snippet:-1, max-video-preview:-1","","","https://www.bowlerhat.co.uk/tag/content/","https://www.bowlerhat.co.uk/tag/content/page/2/","","","","","129265","22942","22942","8.789","","486","77","6.312","78.751","Fairly Easy","3.218","4","2","","20","17","0","2.520","94","46","0","8","4","0","","","","","c9640dc9eb0fffebc681393a3516fe4e","0.029","Thu, 30 Jul 2026 13:22:13 GMT","","","","en-US","1.1","","","","","","https://www.bowlerhat.co.uk/tag/content/","2026-07-30 14:25:54"
"https://www.bowlerhat.co.uk/content-stand-crowd-2017/","text/html; charset=UTF-8","200","OK","Indexable","","How to Make Your Content Stand Out From the Crowd in 2017 - Bowler Hat","70","665","Find the best content marketing tips and tricks in Bowler Hat's blog. Learn how to make your content stand our from the crowd here.","131","815","","0","0","","0","How to Make Your Content Stand Out From the Crowd in 2017","57","","0","Leave a Reply Cancel reply","26","","0","index, follow, max-image-preview:large, max-snippet:-1, max-video-preview:-1","","","https://www.bowlerhat.co.uk/content-stand-crowd-2017/","","","","","","128855","25882","25882","9.915","","1130","164","6.890","79.829","Fairly Easy","6.067","4","1","","21","12","0","1.780","75","42","0","13","9","0","","","","","d8d161c3c1d72a34cbd2922fb378a61d","0.041","","","","","en-US","1.1","","","","","","https://www.bowlerhat.co.uk/content-stand-crowd-2017/","2026-07-30 14:25:54"
"https://www.bowlerhat.co.uk/check-speed-website/","text/html; charset=UTF-8","200","OK","Indexable","","How To Check The Speed Of Your Website - Bowler Hat","51","492","In 2018, improving the speed of your website has now moved from being an option to a necessity. Google is starting to downgrade slow websites and users expect speedy sites. We highlight 3 tools you can use to assess and optimise your website's speed.","250","1565","","0","0","","0","How To Check The Speed Of Your Website","38","","0","Website Performance Testing Tools","33","The Need For Loading Speed!","27","index, follow, max-image-preview:large, max-snippet:-1, max-video-preview:-1","","","https://www.bowlerhat.co.uk/check-speed-website/","","","","","","131725","25537","25537","9.783","","712","115","6.191","77.691","Fairly Easy","4.117","4","1","","31","18","0","2.670","81","44","0","14","8","0","","","","","345441fa9d053d292a82b8b48edfde7b","0.099","","","","","en-US","1.1","","","","","","https://www.bowlerhat.co.uk/check-speed-website/","2026-07-30 14:25:54"
"https://www.bowlerhat.co.uk/content-marketing-tools/","text/html; charset=UTF-8","200","OK","Indexable","","20 Content Marketing Tools That Will Improve Your Productivity - Bowler Hat","75","680","The content marketing tools that will make your life easier, fill in gaps in your skill set, and improve your overall content marketing productivity.","149","872","","0","0","","0","20 Content Marketing Tools That Will Improve Your Productivity","62","","0","Leave a Reply Cancel reply","26","","0","index, follow, max-image-preview:large, max-snippet:-1, max-video-preview:-1","","","https://www.bowlerhat.co.uk/content-marketing-tools/","","","","","","134829","27638","27638","10.588","","1715","256","6.699","72.864","Fairly Easy","8.426","4","1","","25","12","0","1.780","78","44","0","30","25","0","","","","","497aea395544a031522e8450f75f8e1e","0.045","","","","","en-US","1.1","","","","","","https://www.bowlerhat.co.uk/content-marketing-tools/","2026-07-30 14:25:54"
"https://www.bowlerhat.co.uk/tag/content-marketing/","text/html; charset=UTF-8","200","OK","Indexable","","content marketing Archives - Bowler Hat","39","360","","0","0","","0","0","","0","","0","","0","content marketing","17","","0","index, follow, max-image-preview:large, max-snippet:-1, max-video-preview:-1","","","https://www.bowlerhat.co.uk/tag/content-marketing/","https://www.bowlerhat.co.uk/tag/content-marketing/page/2/","","","","","129807","22911","22911","8.777","","488","78","6.256","76.012","Fairly Easy","3.217","4","2","","18","15","0","2.230","94","46","0","8","4","0","","","","","2c430b72f856b6739e2d96e8314515d9","0.034","Thu, 30 Jul 2026 13:22:14 GMT","","","","en-US","1.1","","","","","","https://www.bowlerhat.co.uk/tag/content-marketing/","2026-07-30 14:25:54"
"https://www.bowlerhat.co.uk/content-marketing-isnt-working/","text/html; charset=UTF-8","200","OK","Indexable","","7 Reasons Why Your Content Marketing Isn’t Working and How to Fix It. - Bowler Hat","82","745","You’ve tried content marketing but you’re not getting results. Here are 7 reasons why your content marketing probably isn’t working and how to fix each one.","156","964","","0","0","","0","7 Reasons Why Your Content Marketing Isn’t Working and How to Fix It.","69","","0","1. You Have No Strategy","23","2. You’re Not Creating Content For Your Audience","48","index, follow, max-image-preview:large, max-snippet:-1, max-video-preview:-1","","","https://www.bowlerhat.co.uk/content-marketing-isnt-working/","","","","","","144256","30436","30436","11.659","","2487","332","7.491","76.091","Fairly Easy","11.007","4","1","","34","14","0","2.080","104","62","0","24","20","0","","","","","35a75ec962860b430d2a3e0de6981ffd","0.050","","","","","en-US","1.1","","","","","","https://www.bowlerhat.co.uk/content-marketing-isnt-working/","2026-07-30 14:25:54"
"https://www.bowlerhat.co.uk/questions-number-1-tip-content-strategy/","text/html; charset=UTF-8","200","OK","Indexable","","Questions Are The Number 1 Tip For Your Content Strategy - Bowler Hat","69","641","Questions are the number one tip for your content strategy. Find out the Bowler Hat top tips in building a strong content marketing plan.","137","838","","0","0","","0","Questions Are The Number 1 Tip For Your Content Strategy","56","","0","Leave a Reply Cancel reply","26","","0","index, follow, max-image-preview:large, max-snippet:-1, max-video-preview:-1","","","https://www.bowlerhat.co.uk/questions-number-1-tip-content-strategy/","","","","","","126212","24730","24730","9.474","","799","141","5.667","81.754","Easy","4.671","4","1","","19","11","0","1.630","75","42","0","8","4","0","","","","","71603dfb6d3d5ada6d795dae0a670c7c","0.044","","","","","en-US","1.1","","","","","","https://www.bowlerhat.co.uk/questions-number-1-tip-content-strategy/","2026-07-30 14:25:54"
"https://www.bowlerhat.co.uk/content-boost-engagement-social-media/","text/html; charset=UTF-8","200","OK","Indexable","","6 Content Types That Boost Engagement On Social Media | Bowler Hat","66","627","I highlight some of the best types of content that boost engagement on social media so you can develop relationships, increase trust, and build a community.","156","965","","0","0","","0","6 Content Types That Will Boost Engagement On Social Media","58","","0","Leave a Reply Cancel reply","26","","0","index, follow, max-image-preview:large, max-snippet:-1, max-video-preview:-1","","","https://www.bowlerhat.co.uk/content-boost-engagement-social-media/","","","","","","136501","27850","27850","10.669","","1688","221","7.638","63.011","Normal","8.426","4","1","","37","18","0","2.670","101","65","0","20","13","0","","","","","df21d2587ee615af31a56056997d6539","0.061","","","","","en-US","1.1","","","","","","https://www.bowlerhat.co.uk/content-boost-engagement-social-media/","2026-07-30 14:25:54"
"https://www.bowlerhat.co.uk/author/beth-griffiths/","text/html; charset=UTF-8","200","OK","Indexable","","Beth Griffiths, Author at Bowler Hat","36","314","","0","0","","0","0","","0","","0","","0","Beth Griffiths","14","","0","index, follow, max-image-preview:large, max-snippet:-1, max-video-preview:-1","","","https://www.bowlerhat.co.uk/author/beth-griffiths/","https://www.bowlerhat.co.uk/author/beth-griffiths/page/2/","","","","","131304","23482","23482","8.996","","485","77","6.299","79.560","Fairly Easy","3.141","4","2","","77","20","0","2.970","94","46","0","8","4","0","","","","","42a6feaaa60612bdfb38bfbf1dc8d64f","0.033","Thu, 30 Jul 2026 13:22:14 GMT","","","","en-US","1.1","","","","","","https://www.bowlerhat.co.uk/author/beth-griffiths/","2026-07-30 14:25:54"
"https://www.bowlerhat.co.uk/2018/03/16/","text/html; charset=UTF-8","200","OK","Non-Indexable","noindex","March 16, 2018 - Bowler Hat","27","250","","0","0","","0","0","","0","","0","","0","March 16, 2018","14","","0","noindex, follow","","","","","","","","","107439","20258","20258","7.760","","144","28","5.143","82.940","Easy","1.985","4","3","","4","2","0","0.300","68","37","0","8","4","0","","","","","7f7f02bcbb6a7f03618659164abf2c61","0.028","Thu, 30 Jul 2026 13:22:14 GMT","","","","en-US","1.1","","","","","","https://www.bowlerhat.co.uk/2018/03/16/","2026-07-30 14:25:54"
"https://www.bowlerhat.co.uk/loyal-online-community-social-media/","text/html; charset=UTF-8","200","OK","Indexable","","How to Build a Loyal Online Community Using Social Media - Bowler Hat","69","638","A community is a group of people with a shared interest, value or belief. Build a community around your brand & form relationships to benefit your business.","156","958","","0","0","","0","How to Build a Loyal Online Community Using Social Media","56","","0","Leave a Reply Cancel reply","26","","0","index, follow, max-image-preview:large, max-snippet:-1, max-video-preview:-1","","","https://www.bowlerhat.co.uk/loyal-online-community-social-media/","","","","","","132721","26509","26509","10.155","","1310","188","6.968","65.177","Normal","6.919","4","1","","35","18","0","2.670","85","50","0","12","5","0","","","","","364b1a50432137115d2a82f55d9f1e62","0.065","","","","","en-US","1.1","","","","","","https://www.bowlerhat.co.uk/loyal-online-community-social-media/","2026-07-30 14:25:54"
"https://www.bowlerhat.co.uk/wp-content/uploads/2023/06/pasted-image-0-4.png","image/png","200","OK","Indexable","","","0","0","","0","0","","0","0","","0","","0","","0","","0","","0","","","","","","","","","","15059","15059","15059","5.769","","0","","","","","0.000","4","4","","0","0","0","0.000","0","0","0","0","0","0","","","","","","0.028","Mon, 12 Jun 2023 08:05:24 GMT","","","","","1.1","","","","","","https://www.bowlerhat.co.uk/wp-content/uploads/2023/06/pasted-image-0-4.png","2026-07-30 14:25:54"
"https://www.bowlerhat.co.uk/2023/06/12/","text/html; charset=UTF-8","200","OK","Non-Indexable","noindex","June 12, 2023 - Bowler Hat","26","238","","0","0","","0","0","","0","","0","","0","June 12, 2023","13","","0","noindex, follow","","","","","","","","","107541","20250","20250","7.757","","139","28","4.964","87.373","Easy","1.923","4","3","","4","2","0","0.300","68","37","0","8","4","0","","","","","d2bec3e3aa3c8cdd93443fd7fac5fafa","0.041","Thu, 30 Jul 2026 13:22:12 GMT","","","","en-US","1.1","","","","","","https://www.bowlerhat.co.uk/2023/06/12/","2026-07-30 14:25:54"
"https://www.bowlerhat.co.uk/wp-content/uploads/2023/06/contentwars.jpg","image/jpeg","200","OK","Indexable","","","0","0","","0","0","","0","0","","0","","0","","0","","0","","0","","","","","","","","","","61346","61346","61346","23.500","","0","","","","","0.000","4","4","","0","0","0","0.000","0","0","0","0","0","0","","","","","","0.028","Mon, 12 Jun 2023 08:06:02 GMT","","","","","1.1","","","","","","https://www.bowlerhat.co.uk/wp-content/uploads/2023/06/contentwars.jpg","2026-07-30 14:25:54"
"https://www.bowlerhat.co.uk/wp-content/uploads/2023/06/pasted-image-0-5.png","image/png","200","OK","Indexable","","","0","0","","0","0","","0","0","","0","","0","","0","","0","","0","","","","","","","","","","436881","436881","436881","167.361","","0","","","","","0.000","4","4","","0","0","0","0.000","0","0","0","0","0","0","","","","","","0.051","Mon, 12 Jun 2023 08:06:35 GMT","","","","","1.1","","","","","","https://www.bowlerhat.co.uk/wp-content/uploads/2023/06/pasted-image-0-5.png","2026-07-30 14:25:55"
"https://www.bowlerhat.co.uk/wp-content/uploads/2023/06/goodwill-1024x593.jpg","image/jpeg","200","OK","Indexable","","","0","0","","0","0","","0","0","","0","","0","","0","","0","","0","","","","","","","","","","64107","64107","64107","24.558","","0","","","","","0.000","4","4","","0","0","0","0.000","0","0","0","0","0","0","","","","","","0.055","Mon, 12 Jun 2023 08:07:07 GMT","","","","","1.1","","","","","","https://www.bowlerhat.co.uk/wp-content/uploads/2023/06/goodwill-1024x593.jpg","2026-07-30 14:25:55"
"https://www.bowlerhat.co.uk/how-to-set-smart-goals-for-seo/","text/html; charset=UTF-8","200","OK","Indexable","","How to Set SMART Goals for SEO - Bowler Hat","43","411","Learn how to set specific, measurable, achievable, relevant, and time-bound goals for SEO.","90","556","","0","0","","0","How to Set SMART Goals for SEO","30","","0","SMART Goals for SEO","19","SMART Goals","11","index, follow, max-image-preview:large, max-snippet:-1, max-video-preview:-1","","","https://www.bowlerhat.co.uk/how-to-set-smart-goals-for-seo/","","","","","","131305","26365","26365","10.100","","1429","183","7.809","83.287","Easy","6.971","4","1","","12","5","0","0.740","75","41","0","8","4","0","","","","","1294dcd0293bf7f072fd7b1dc839d46a","0.077","","","","","en-US","1.1","","","","","","https://www.bowlerhat.co.uk/how-to-set-smart-goals-for-seo/","2026-07-30 14:25:55"
"https://www.bowlerhat.co.uk/2022/10/19/","text/html; charset=UTF-8","200","OK","Non-Indexable","noindex","October 19, 2022 - Bowler Hat","29","265","","0","0","","0","0","","0","","0","","0","October 19, 2022","16","","0","noindex, follow","","","","","","","","","107474","20323","20323","7.785","","141","27","5.222","79.734","Fairly Easy","1.969","4","3","","4","2","0","0.300","68","37","0","8","4","0","","","","","f88fb4b350a3363f7cc9368714992cfe","0.037","Thu, 30 Jul 2026 13:22:12 GMT","","","","en-US","1.1","","","","","","https://www.bowlerhat.co.uk/2022/10/19/","2026-07-30 14:25:55"
"https://www.bowlerhat.co.uk/wp-content/uploads/2022/10/video-carousel.jpg","image/jpeg","200","OK","Indexable","","","0","0","","0","0","","0","0","","0","","0","","0","","0","","0","","","","","","","","","","41846","41846","41846","16.030","","0","","","","","0.000","4","4","","0","0","0","0.000","0","0","0","0","0","0","","","","","","0.038","Mon, 17 Oct 2022 15:19:48 GMT","","","","","1.1","","","","","","https://www.bowlerhat.co.uk/wp-content/uploads/2022/10/video-carousel.jpg","2026-07-30 14:25:55"
"https://www.bowlerhat.co.uk/wp-content/uploads/2022/10/moz-graph.jpg","image/jpeg","200","OK","Indexable","","","0","0","","0","0","","0","0","","0","","0","","0","","0","","0","","","","","","","","","","114501","114501","114501","43.863","","0","","","","","0.000","4","4","","0","0","0","0.000","0","0","0","0","0","0","","","","","","0.053","Mon, 17 Oct 2022 15:25:28 GMT","","","","","1.1","","","","","","https://www.bowlerhat.co.uk/wp-content/uploads/2022/10/moz-graph.jpg","2026-07-30 14:25:55"
"https://www.bowlerhat.co.uk/wp-content/uploads/2022/10/loft.jpg","image/jpeg","200","OK","Indexable","","","0","0","","0","0","","0","0","","0","","0","","0","","0","","0","","","","","","","","","","114588","114588","114588","43.896","","0","","","","","0.000","4","4","","0","0","0","0.000","0","0","0","0","0","0","","","","","","0.040","Mon, 17 Oct 2022 15:32:42 GMT","","","","","1.1","","","","","","https://www.bowlerhat.co.uk/wp-content/uploads/2022/10/loft.jpg","2026-07-30 14:25:55"
"https://www.bowlerhat.co.uk/wp-content/uploads/2022/10/iphone.jpg","image/jpeg","200","OK","Indexable","","","0","0","","0","0","","0","0","","0","","0","","0","","0","","0","","","","","","","","","","124477","124477","124477","47.685","","0","","","","","0.000","4","4","","0","0","0","0.000","0","0","0","0","0","0","","","","","","0.045","Mon, 17 Oct 2022 15:30:36 GMT","","","","","1.1","","","","","","https://www.bowlerhat.co.uk/wp-content/uploads/2022/10/iphone.jpg","2026-07-30 14:25:55"
"https://www.bowlerhat.co.uk/wp-content/uploads/2022/10/how-to-install-artificial-grass.png","image/png","200","OK","Indexable","","","0","0","","0","0","","0","0","","0","","0","","0","","0","","0","","","","","","","","","","65294","65294","65294","25.013","","0","","","","","0.000","4","4","","0","0","0","0.000","0","0","0","0","0","0","","","","","","0.052","Mon, 17 Oct 2022 15:24:03 GMT","","","","","1.1","","","","","","https://www.bowlerhat.co.uk/wp-content/uploads/2022/10/how-to-install-artificial-grass.png","2026-07-30 14:25:55"
"https://www.bowlerhat.co.uk/wp-content/uploads/2021/10/photo-1548860258-be5cfff4f165.jpg","image/jpeg","200","OK","Indexable","","","0","0","","0","0","","0","0","","0","","0","","0","","0","","0","","","","","","","","","","205175","205175","205175","78.599","","0","","","","","0.000","4","4","","0","0","0","0.000","0","0","0","0","0","0","","","","","","0.045","Mon, 25 Apr 2022 14:45:20 GMT","","","","","1.1","","","","","","https://www.bowlerhat.co.uk/wp-content/uploads/2021/10/photo-1548860258-be5cfff4f165.jpg","2026-07-30 14:25:55"
"https://www.bowlerhat.co.uk/wp-content/uploads/2022/10/kitchen.jpg","image/jpeg","200","OK","Indexable","","","0","0","","0","0","","0","0","","0","","0","","0","","0","","0","","","","","","","","","","127078","127078","127078","48.681","","0","","","","","0.000","4","4","","0","0","0","0.000","0","0","0","0","0","0","","","","","","0.079","Mon, 17 Oct 2022 15:29:33 GMT","","","","","1.1","","","","","","https://www.bowlerhat.co.uk/wp-content/uploads/2022/10/kitchen.jpg","2026-07-30 14:25:55"
"https://www.bowlerhat.co.uk/wp-content/uploads/2021/10/unnamed-5-300x99.png","image/png","200","OK","Indexable","","","0","0","","0","0","","0","0","","0","","0","","0","","0","","0","","","","","","","","","","11126","11126","11126","4.262","","0","","","","","0.000","4","4","","0","0","0","0.000","0","0","0","0","0","0","","","","","","0.051","Mon, 25 Apr 2022 14:45:20 GMT","","","","","1.1","","","","","","https://www.bowlerhat.co.uk/wp-content/uploads/2021/10/unnamed-5-300x99.png","2026-07-30 14:25:55"
"https://www.bowlerhat.co.uk/do-you-need-links-to-rank-a-website-on-google/","text/html; charset=UTF-8","200","OK","Indexable","","Do you need links to rank a website on Google? - Bowler Hat","59","531","Do you need links to rank on Google? Maybe. It depends. Stop asking overly general questions & get specific to know if you need links.","134","820","","0","0","","0","Do you need links to rank a website on Google?","46","","0","Leave a Reply Cancel reply","26","","0","index, follow, max-image-preview:large, max-snippet:-1, max-video-preview:-1","","","https://www.bowlerhat.co.uk/do-you-need-links-to-rank-a-website-on-google/","","","","","","127520","24834","24834","9.513","","767","117","6.556","86.352","Easy","4.328","4","1","","12","5","0","0.740","73","40","0","8","4","0","","","","","bef77e3ed206800154d0d7034938893e","0.115","","","","","en-US","1.1","","","","","","https://www.bowlerhat.co.uk/do-you-need-links-to-rank-a-website-on-google/","2026-07-30 14:25:55"
"https://www.bowlerhat.co.uk/wp-content/uploads/2021/10/unnamed-16-300x300.png","image/png","200","OK","Indexable","","","0","0","","0","0","","0","0","","0","","0","","0","","0","","0","","","","","","","","","","24999","24999","24999","9.577","","0","","","","","0.000","4","4","","0","0","0","0.000","0","0","0","0","0","0","","","","","","0.051","Mon, 25 Apr 2022 14:45:20 GMT","","","","","1.1","","","","","","https://www.bowlerhat.co.uk/wp-content/uploads/2021/10/unnamed-16-300x300.png","2026-07-30 14:25:55"
"https://www.bowlerhat.co.uk/wp-content/uploads/2021/10/unnamed-3-300x190.png","image/png","200","OK","Indexable","","","0","0","","0","0","","0","0","","0","","0","","0","","0","","0","","","","","","","","","","71942","71942","71942","27.560","","0","","","","","0.000","4","4","","0","0","0","0.000","0","0","0","0","0","0","","","","","","0.017","Mon, 25 Apr 2022 14:45:20 GMT","","","","","1.1","","","","","","https://www.bowlerhat.co.uk/wp-content/uploads/2021/10/unnamed-3-300x190.png","2026-07-30 14:25:55"
"https://www.bowlerhat.co.uk/wp-content/uploads/2021/10/unnamed-4-300x194.png","image/png","200","OK","Indexable","","","0","0","","0","0","","0","0","","0","","0","","0","","0","","0","","","","","","","","","","23616","23616","23616","9.047","","0","","","","","0.000","4","4","","0","0","0","0.000","0","0","0","0","0","0","","","","","","0.051","Mon, 25 Apr 2022 14:45:20 GMT","","","","","1.1","","","","","","https://www.bowlerhat.co.uk/wp-content/uploads/2021/10/unnamed-4-300x194.png","2026-07-30 14:25:55"
"https://www.bowlerhat.co.uk/wp-content/uploads/2021/10/unnamed-10-300x242.png","image/png","200","OK","Indexable","","","0","0","","0","0","","0","0","","0","","0","","0","","0","","0","","","","","","","","","","29449","29449","29449","11.281","","0","","","","","0.000","4","4","","0","0","0","0.000","0","0","0","0","0","0","","","","","","0.062","Mon, 25 Apr 2022 14:45:20 GMT","","","","","1.1","","","","","","https://www.bowlerhat.co.uk/wp-content/uploads/2021/10/unnamed-10-300x242.png","2026-07-30 14:25:55"
"https://www.bowlerhat.co.uk/wp-content/uploads/2021/10/unnamed-12-286x300.png","image/png","200","OK","Indexable","","","0","0","","0","0","","0","0","","0","","0","","0","","0","","0","","","","","","","","","","57795","57795","57795","22.140","","0","","","","","0.000","4","4","","0","0","0","0.000","0","0","0","0","0","0","","","","","","0.065","Mon, 25 Apr 2022 14:45:20 GMT","","","","","1.1","","","","","","https://www.bowlerhat.co.uk/wp-content/uploads/2021/10/unnamed-12-286x300.png","2026-07-30 14:25:55"
"https://www.bowlerhat.co.uk/wp-content/uploads/2021/10/unnamed-13.png","image/png","200","OK","Indexable","","","0","0","","0","0","","0","0","","0","","0","","0","","0","","0","","","","","","","","","","8173","8173","8173","3.131","","0","","","","","0.000","4","4","","0","0","0","0.000","0","0","0","0","0","0","","","","","","0.044","Mon, 25 Apr 2022 14:45:20 GMT","","","","","1.1","","","","","","https://www.bowlerhat.co.uk/wp-content/uploads/2021/10/unnamed-13.png","2026-07-30 14:25:55"
"https://www.bowlerhat.co.uk/wp-content/uploads/2021/10/unnamed-1-300x100.png","image/png","200","OK","Indexable","","","0","0","","0","0","","0","0","","0","","0","","0","","0","","0","","","","","","","","","","15090","15090","15090","5.781","","0","","","","","0.000","4","4","","0","0","0","0.000","0","0","0","0","0","0","","","","","","0.053","Mon, 25 Apr 2022 14:45:20 GMT","","","","","1.1","","","","","","https://www.bowlerhat.co.uk/wp-content/uploads/2021/10/unnamed-1-300x100.png","2026-07-30 14:25:55"
"https://www.bowlerhat.co.uk/2021/10/11/","text/html; charset=UTF-8","200","OK","Non-Indexable","noindex","October 11, 2021 - Bowler Hat","29","265","","0","0","","0","0","","0","","0","","0","October 11, 2021","16","","0","noindex, follow","","","","","","","","","107648","20269","20269","7.765","","139","29","4.793","79.026","Fairly Easy","1.950","4","3","","4","2","0","0.300","68","37","0","8","4","0","","","","","1e9f49de06aa2989be058489d5df5c28","0.050","Thu, 30 Jul 2026 13:22:13 GMT","","","","en-US","1.1","","","","","","https://www.bowlerhat.co.uk/2021/10/11/","2026-07-30 14:25:55"
"https://www.bowlerhat.co.uk/wp-content/uploads/2021/10/unnamed-300x100.png","image/png","200","OK","Indexable","","","0","0","","0","0","","0","0","","0","","0","","0","","0","","0","","","","","","","","","","14806","14806","14806","5.672","","0","","","","","0.000","4","4","","0","0","0","0.000","0","0","0","0","0","0","","","","","","0.057","Mon, 25 Apr 2022 14:45:20 GMT","","","","","1.1","","","","","","https://www.bowlerhat.co.uk/wp-content/uploads/2021/10/unnamed-300x100.png","2026-07-30 14:25:55"
"https://www.bowlerhat.co.uk/wp-content/uploads/2021/10/unnamed-9-300x171.png","image/png","200","OK","Indexable","","","0","0","","0","0","","0","0","","0","","0","","0","","0","","0","","","","","","","","","","22350","22350","22350","8.562","","0","","","","","0.000","4","4","","0","0","0","0.000","0","0","0","0","0","0","","","","","","0.033","Mon, 25 Apr 2022 14:45:20 GMT","","","","","1.1","","","","","","https://www.bowlerhat.co.uk/wp-content/uploads/2021/10/unnamed-9-300x171.png","2026-07-30 14:25:55"
"https://www.bowlerhat.co.uk/wp-content/uploads/2021/10/unnamed-8-300x224.png","image/png","200","OK","Indexable","","","0","0","","0","0","","0","0","","0","","0","","0","","0","","0","","","","","","","","","","35106","35106","35106","13.448","","0","","","","","0.000","4","4","","0","0","0","0.000","0","0","0","0","0","0","","","","","","0.055","Mon, 25 Apr 2022 14:45:20 GMT","","","","","1.1","","","","","","https://www.bowlerhat.co.uk/wp-content/uploads/2021/10/unnamed-8-300x224.png","2026-07-30 14:25:55"
"https://www.bowlerhat.co.uk/wp-content/uploads/2021/10/unnamed-14-300x192.png","image/png","200","OK","Indexable","","","0","0","","0","0","","0","0","","0","","0","","0","","0","","0","","","","","","","","","","14382","14382","14382","5.509","","0","","","","","0.000","4","4","","0","0","0","0.000","0","0","0","0","0","0","","","","","","0.043","Mon, 25 Apr 2022 14:45:20 GMT","","","","","1.1","","","","","","https://www.bowlerhat.co.uk/wp-content/uploads/2021/10/unnamed-14-300x192.png","2026-07-30 14:25:55"
"https://www.bowlerhat.co.uk/wp-content/uploads/2021/10/unnamed-15-300x165.png","image/png","200","OK","Indexable","","","0","0","","0","0","","0","0","","0","","0","","0","","0","","0","","","","","","","","","","10321","10321","10321","3.954","","0","","","","","0.000","4","4","","0","0","0","0.000","0","0","0","0","0","0","","","","","","0.041","Mon, 25 Apr 2022 14:45:20 GMT","","","","","1.1","","","","","","https://www.bowlerhat.co.uk/wp-content/uploads/2021/10/unnamed-15-300x165.png","2026-07-30 14:25:55"
"https://www.bowlerhat.co.uk/wp-content/uploads/2021/10/unnamed-11-300x150.png","image/png","200","OK","Indexable","","","0","0","","0","0","","0","0","","0","","0","","0","","0","","0","","","","","","","","","","14532","14532","14532","5.567","","0","","","","","0.000","4","4","","0","0","0","0.000","0","0","0","0","0","0","","","","","","0.050","Mon, 25 Apr 2022 14:45:20 GMT","","","","","1.1","","","","","","https://www.bowlerhat.co.uk/wp-content/uploads/2021/10/unnamed-11-300x150.png","2026-07-30 14:25:55"
"https://www.bowlerhat.co.uk/wp-content/uploads/2021/10/unnamed-17-300x198.png","image/png","200","OK","Indexable","","","0","0","","0","0","","0","0","","0","","0","","0","","0","","0","","","","","","","","","","7650","7650","7650","2.931","","0","","","","","0.000","4","4","","0","0","0","0.000","0","0","0","0","0","0","","","","","","0.048","Mon, 25 Apr 2022 14:45:20 GMT","","","","","1.1","","","","","","https://www.bowlerhat.co.uk/wp-content/uploads/2021/10/unnamed-17-300x198.png","2026-07-30 14:25:55"
"https://www.bowlerhat.co.uk/author/jack-knight/","text/html; charset=UTF-8","200","OK","Indexable","","Jack Knight, Author at Bowler Hat","33","300","","0","0","","0","0","","0","","0","","0","Jack Knight","11","","0","index, follow, max-image-preview:large, max-snippet:-1, max-video-preview:-1","","","https://www.bowlerhat.co.uk/author/jack-knight/","","","","","","111932","21033","21033","8.057","","180","36","5.000","83.790","Easy","2.070","4","2","","11","3","0","0.450","71","38","0","8","4","0","","","","","2da5a9b1bf7a4eb74029dcfa9cba61b0","0.050","Thu, 30 Jul 2026 13:22:13 GMT","","","","en-US","1.1","","","","","","https://www.bowlerhat.co.uk/author/jack-knight/","2026-07-30 14:25:55"
"https://www.bowlerhat.co.uk/wp-content/uploads/2021/10/unnamed-6-300x300.png","image/png","200","OK","Indexable","","","0","0","","0","0","","0","0","","0","","0","","0","","0","","0","","","","","","","","","","33887","33887","33887","12.981","","0","","","","","0.000","4","4","","0","0","0","0.000","0","0","0","0","0","0","","","","","","0.018","Mon, 25 Apr 2022 14:45:20 GMT","","","","","1.1","","","","","","https://www.bowlerhat.co.uk/wp-content/uploads/2021/10/unnamed-6-300x300.png","2026-07-30 14:25:55"
"https://www.bowlerhat.co.uk/wp-content/uploads/2021/10/unnamed-2.png","image/png","200","OK","Indexable","","","0","0","","0","0","","0","0","","0","","0","","0","","0","","0","","","","","","","","","","18651","18651","18651","7.145","","0","","","","","0.000","4","4","","0","0","0","0.000","0","0","0","0","0","0","","","","","","0.032","Mon, 25 Apr 2022 14:45:20 GMT","","","","","1.1","","","","","","https://www.bowlerhat.co.uk/wp-content/uploads/2021/10/unnamed-2.png","2026-07-30 14:25:55"
"https://www.bowlerhat.co.uk/a-b-testing-for-google-ads/","text/html; charset=UTF-8","200","OK","Indexable","","A/B Testing for Google Ads - A Beginner's Guide - Bowler Hat","60","539","This guide will teach you how to optimise your Google Ads campaigns through A/B Testing, including tools, benefits and guidance!","128","801","","0","0","","0","A/B Testing for Google Ads – A Beginner’s Guide","47","","0","Contents","8","7 Responses","11","index, follow, max-image-preview:large, max-snippet:-1, max-video-preview:-1","","","https://www.bowlerhat.co.uk/a-b-testing-for-google-ads/","","","","","","156895","30772","30772","11.788","","2224","330","6.739","80.893","Easy","8.908","4","1","","39","7","0","1.040","96","39","0","18","14","0","","","","","5995c1873804b14b795ef2660e29feb9","0.099","","","","","en-US","1.1","","","","","","https://www.bowlerhat.co.uk/a-b-testing-for-google-ads/","2026-07-30 14:25:55"
"https://www.bowlerhat.co.uk/wp-content/uploads/2021/10/unnamed-18-300x153.png","image/png","200","OK","Indexable","","","0","0","","0","0","","0","0","","0","","0","","0","","0","","0","","","","","","","","","","7923","7923","7923","3.035","","0","","","","","0.000","4","4","","0","0","0","0.000","0","0","0","0","0","0","","","","","","0.042","Mon, 25 Apr 2022 14:45:20 GMT","","","","","1.1","","","","","","https://www.bowlerhat.co.uk/wp-content/uploads/2021/10/unnamed-18-300x153.png","2026-07-30 14:25:55"
"https://www.bowlerhat.co.uk/questions-joining-social-media/","text/html; charset=UTF-8","200","OK","Indexable","","5 Questions You Should Ask Before Joining Social Media - Bowler Hat","67","616","Answer these simple questions before signing up to another social media account, and determine whether social media is the right strategy for you.","146","906","","0","0","","0","5 Questions You Should Ask Before Joining Social Media","54","","0","Leave a Reply Cancel reply","26","","0","index, follow, max-image-preview:large, max-snippet:-1, max-video-preview:-1","","","https://www.bowlerhat.co.uk/questions-joining-social-media/","","","","","","132840","26614","26614","10.195","","1384","192","7.208","74.941","Fairly Easy","6.928","4","1","","23","12","0","1.780","76","43","0","21","13","0","","","","","97b4be23055fddb68f4dc721feb2ba70","0.073","","","","","en-US","1.1","","","","","","https://www.bowlerhat.co.uk/questions-joining-social-media/","2026-07-30 14:25:55"
"https://www.bowlerhat.co.uk/tag/strategy/","text/html; charset=UTF-8","200","OK","Indexable","","strategy Archives - Bowler Hat","30","269","","0","0","","0","0","","0","","0","","0","strategy","8","","0","index, follow, max-image-preview:large, max-snippet:-1, max-video-preview:-1","","","https://www.bowlerhat.co.uk/tag/strategy/","","","","","","126560","22598","22598","8.657","","439","72","6.097","82.322","Easy","2.973","4","2","","11","9","0","1.340","89","44","0","8","4","0","","","","","b1a99e777ed2c157d82a736aa1e80070","0.053","Thu, 30 Jul 2026 13:22:13 GMT","","","","en-US","1.1","","","","","","https://www.bowlerhat.co.uk/tag/strategy/","2026-07-30 14:25:56"
"https://www.bowlerhat.co.uk/2016/09/07/","text/html; charset=UTF-8","200","OK","Non-Indexable","noindex","September 7, 2016 - Bowler Hat","30","282","","0","0","","0","0","","0","","0","","0","September 7, 2016","17","","0","noindex, follow","","","","","","","","","107584","20307","20307","7.779","","142","26","5.462","87.499","Easy","1.944","4","3","","4","2","0","0.300","68","37","0","8","4","0","","","","","85d5780f5eb0e0da9dd0cba858b484fc","0.051","Thu, 30 Jul 2026 13:22:13 GMT","","","","en-US","1.1","","","","","","https://www.bowlerhat.co.uk/2016/09/07/","2026-07-30 14:25:56"
"https://www.bowlerhat.co.uk/mvbp-minimal-viable-blog-post-project/","text/html; charset=UTF-8","200","OK","Indexable","","MVBP - The Minimal Viable Blog Post - Bowler Hat","48","447","In lean product manufacturing 80% of value often lies in 20% of the product - can we take this concept and apply this to content writing?","137","836","","0","0","","0","MVBP – The Minimal Viable Blog Post Project","43","","0","The Minimum Viable Blog Post","28","80% of the Value Lies in 20% of the Post","40","index, follow, max-image-preview:large, max-snippet:-1, max-video-preview:-1","","","https://www.bowlerhat.co.uk/mvbp-minimal-viable-blog-post-project/","","","","","","126952","25128","25128","9.626","","768","112","6.857","84.541","Easy","4.349","4","1","","22","9","0","1.340","79","44","0","11","7","0","","","","","988a8d0227a1b60167c2016cdac38257","0.063","","","","","en-US","1.1","","","","","","https://www.bowlerhat.co.uk/mvbp-minimal-viable-blog-post-project/","2026-07-30 14:25:56"
"https://www.bowlerhat.co.uk/tag/productivity/","text/html; charset=UTF-8","200","OK","Indexable","","productivity Archives - Bowler Hat","34","300","","0","0","","0","0","","0","","0","","0","productivity","12","","0","index, follow, max-image-preview:large, max-snippet:-1, max-video-preview:-1","","","https://www.bowlerhat.co.uk/tag/productivity/","","","","","","112993","20907","20907","8.009","","220","37","5.946","85.821","Easy","2.233","4","2","","6","4","0","0.590","74","39","0","8","4","0","","","","","8c32b451d4b046c62aaca2d3bdc20dc4","0.031","Thu, 30 Jul 2026 13:22:13 GMT","","","","en-US","1.1","","","","","","https://www.bowlerhat.co.uk/tag/productivity/","2026-07-30 14:25:56"
"https://www.bowlerhat.co.uk/tag/multitasking/","text/html; charset=UTF-8","200","OK","Indexable","","multitasking Archives - Bowler Hat","34","307","","0","0","","0","0","","0","","0","","0","multitasking","12","","0","index, follow, max-image-preview:large, max-snippet:-1, max-video-preview:-1","","","https://www.bowlerhat.co.uk/tag/multitasking/","","","","","","108066","20397","20397","7.814","","140","26","5.385","85.347","Easy","1.931","4","2","","4","2","0","0.300","68","37","0","8","4","0","","","","","fa8dfd2b7530a08b2305e3462bb07765","0.046","Thu, 30 Jul 2026 13:22:13 GMT","","","","en-US","1.1","","","","","","https://www.bowlerhat.co.uk/tag/multitasking/","2026-07-30 14:25:56"
"https://www.bowlerhat.co.uk/the-multitasking-myth/","text/html; charset=UTF-8","200","OK","Indexable","","The Multi Tasking Myth - How to do more work in less time | Bowler Hat","70","635","We all multi task - but is this an efficient way to get more work done? Or, in fact could we get more done in half the time if we focused on a single task?","155","918","","0","0","","0","The Multitasking Myth","21","","0","Drive and Driving","17","Maybe This Is True For Most People But…","39","index, follow, max-image-preview:large, max-snippet:-1, max-video-preview:-1","","","https://www.bowlerhat.co.uk/the-multitasking-myth/","","","","","","129109","26198","26198","10.036","","1269","194","6.541","89.262","Easy","6.377","4","1","","18","8","0","1.190","77","43","0","13","9","0","","","","","cb7c02af4a07e879d66e720a58813bd3","0.050","","","","","en-US","1.1","","","","","","https://www.bowlerhat.co.uk/the-multitasking-myth/","2026-07-30 14:25:56"
"https://www.bowlerhat.co.uk/2021/09/28/","text/html; charset=UTF-8","200","OK","Non-Indexable","noindex","September 28, 2021 - Bowler Hat","31","293","","0","0","","0","0","","0","","0","","0","September 28, 2021","18","","0","noindex, follow","","","","","","","","","107544","20311","20311","7.781","","140","29","4.828","82.891","Easy","1.955","4","3","","4","2","0","0.300","68","37","0","8","4","0","","","","","9e6d361efb804733d44514d1a174f54a","0.018","Thu, 30 Jul 2026 13:22:14 GMT","","","","en-US","1.1","","","","","","https://www.bowlerhat.co.uk/2021/09/28/","2026-07-30 14:25:56"
"https://www.bowlerhat.co.uk/wp-content/uploads/2022/05/Web-1920-–-44.png","image/png","200","OK","Indexable","","","0","0","","0","0","","0","0","","0","","0","","0","","0","","0","","","","","","","","","","15856","15856","15856","6.074","","0","","","","","0.000","4","4","","0","0","0","0.000","0","0","0","0","0","0","","","","","","0.026","Tue, 24 May 2022 15:05:20 GMT","","","","","1.1","","","","","","https://www.bowlerhat.co.uk/wp-content/uploads/2022/05/Web-1920-%E2%80%93-44.png","2026-07-30 14:25:57"
"https://www.bowlerhat.co.uk/how-to-write-high-performance-google-ads-10-tips-for-2022/","text/html; charset=UTF-8","200","OK","Indexable","","How to Write High-Performance Google Ads - 10 Tips for 2022 - Bowler Hat","72","666","Learn the ways you can improve your Google Ads to get more clicks, generate more business, and save money. By Marcus Miller of Bowler Hat","137","874","","0","0","","0","How to Write High-Performance Google Ads – 10 Tips for 2022","59","10 Tips to Improve your Google Ads","34","1. Brand Story","14","2. Value Proposition","20","index, follow, max-image-preview:large, max-snippet:-1, max-video-preview:-1","","","https://www.bowlerhat.co.uk/how-to-write-high-performance-google-ads-10-tips-for-2022/","","","","","","144245","29258","29258","11.208","","2031","300","6.770","78.749","Fairly Easy","8.861","4","1","","16","5","0","0.740","80","42","0","13","9","0","","","","","984d13a5f2201a8a48f251a266992014","0.062","","","","","en-US","1.1","","","","","","https://www.bowlerhat.co.uk/how-to-write-high-performance-google-ads-10-tips-for-2022/","2026-07-30 14:25:57"
"https://www.bowlerhat.co.uk/wp-content/uploads/2022/05/Web-1920-–-43.png","image/png","200","OK","Indexable","","","0","0","","0","0","","0","0","","0","","0","","0","","0","","0","","","","","","","","","","16480","16480","16480","6.313","","0","","","","","0.000","4","4","","0","0","0","0.000","0","0","0","0","0","0","","","","","","0.028","Thu, 19 May 2022 10:48:04 GMT","","","","","1.1","","","","","","https://www.bowlerhat.co.uk/wp-content/uploads/2022/05/Web-1920-%E2%80%93-43.png","2026-07-30 14:25:57"
"https://www.bowlerhat.co.uk/blog/page/4/","text/html; charset=UTF-8","200","OK","Indexable","","Digital Marketing Blog | Bowler Hat","35","309","Cutting-edge advice and guidance from our digital marketing experts across strategy, SEO, PPC, Web Design & Development, Social Media and Content Marketing.","156","996","","0","0","","0","","0","","0","Blog","4","","0","index, follow, max-image-preview:large, max-snippet:-1, max-video-preview:-1","","","https://www.bowlerhat.co.uk/blog/page/4/","https://www.bowlerhat.co.uk/blog/page/5/","https://www.bowlerhat.co.uk/blog/page/3/","","","","128609","22776","22776","8.725","","469","78","6.013","85.828","Easy","3.071","4","3","","9","5","0","0.740","100","48","0","8","4","0","","","","","1fdc499d0f06b0b292d7fbbc476b2ec0","0.055","Thu, 30 Jul 2026 13:22:16 GMT","","","","en-US","1.1","","","","","","https://www.bowlerhat.co.uk/blog/page/4/","2026-07-30 14:25:57"
"https://www.bowlerhat.co.uk/wp-content/uploads/2022/10/Web-1920-–-46.png","image/png","200","OK","Indexable","","","0","0","","0","0","","0","0","","0","","0","","0","","0","","0","","","","","","","","","","14804","14804","14804","5.671","","0","","","","","0.000","4","4","","0","0","0","0.000","0","0","0","0","0","0","","","","","","0.057","Mon, 17 Oct 2022 10:40:50 GMT","","","","","1.1","","","","","","https://www.bowlerhat.co.uk/wp-content/uploads/2022/10/Web-1920-%E2%80%93-46.png","2026-07-30 14:25:57"
"https://www.bowlerhat.co.uk/seo-for-accountants/","text/html; charset=UTF-8","200","OK","Indexable","","SEO & Local SEO for Accountants - How to Rank on Google | Bowler Hat","68","632","A comprehensive look at how to rank your accountancy firm on Google using SEO & Local SEO. By Marcus Miller of Bowler Hat.","122","782","","0","0","","0","SEO For Accountants","19","","0","1. Keyword Research","19","2. The Search Landscape","23","index, follow, max-image-preview:large, max-snippet:-1, max-video-preview:-1","","","https://www.bowlerhat.co.uk/seo-for-accountants/","","","","","","151025","32464","32464","12.436","","3696","532","6.947","80.826","Easy","14.524","4","1","","24","5","0","0.740","114","48","0","9","5","0","","","","","14f18b40191f406c9f3246d25765f492","0.050","","","","","en-US","1.1","","","","","","https://www.bowlerhat.co.uk/seo-for-accountants/","2026-07-30 14:25:57"
"https://www.bowlerhat.co.uk/wp-content/uploads/2023/06/Web-1920-–-23.png","image/png","200","OK","Indexable","","","0","0","","0","0","","0","0","","0","","0","","0","","0","","0","","","","","","","","","","86260","86260","86260","33.045","","0","","","","","0.000","4","4","","0","0","0","0.000","0","0","0","0","0","0","","","","","","0.019","Fri, 23 Jun 2023 10:05:37 GMT","","","","","1.1","","","","","","https://www.bowlerhat.co.uk/wp-content/uploads/2023/06/Web-1920-%E2%80%93-23.png","2026-07-30 14:25:57"
"https://www.bowlerhat.co.uk/wp-content/uploads/2022/10/Web-1920-–-25.png","image/png","200","OK","Indexable","","","0","0","","0","0","","0","0","","0","","0","","0","","0","","0","","","","","","","","","","13247","13247","13247","5.075","","0","","","","","0.000","4","4","","0","0","0","0.000","0","0","0","0","0","0","","","","","","0.049","Mon, 07 Nov 2022 09:50:19 GMT","","","","","1.1","","","","","","https://www.bowlerhat.co.uk/wp-content/uploads/2022/10/Web-1920-%E2%80%93-25.png","2026-07-30 14:25:57"
"https://www.bowlerhat.co.uk/wp-content/uploads/2022/05/Web-1920-–-8.png","image/png","200","OK","Indexable","","","0","0","","0","0","","0","0","","0","","0","","0","","0","","0","","","","","","","","","","15554","15554","15554","5.958","","0","","","","","0.000","4","4","","0","0","0","0.000","0","0","0","0","0","0","","","","","","0.046","Tue, 10 May 2022 12:17:49 GMT","","","","","1.1","","","","","","https://www.bowlerhat.co.uk/wp-content/uploads/2022/05/Web-1920-%E2%80%93-8.png","2026-07-30 14:25:57"
"https://www.bowlerhat.co.uk/how-to-design-display-banner-ads-for-google/","text/html; charset=UTF-8","200","OK","Indexable","","How to Design Google Display Banner Ads - Bowler Hat","52","487","Google display ads are a great way to engage your audience. In this post, we help you design display ads that will achieve your marketing objectives.","149","911","","0","0","","0","How to Design Google Display Banner Ads","39","","0","Introduction","12","Strategy","8","index, follow, max-image-preview:large, max-snippet:-1, max-video-preview:-1","","","https://www.bowlerhat.co.uk/how-to-design-display-banner-ads-for-google/","","","","","","132432","25667","25667","9.833","","831","138","6.022","79.371","Fairly Easy","4.512","4","1","","24","6","0","0.890","83","39","0","8","4","0","","","","","7209f443a40c454dc34915dbab5cd3c5","0.095","","","","","en-US","1.1","","","","","","https://www.bowlerhat.co.uk/how-to-design-display-banner-ads-for-google/","2026-07-30 14:25:57"
"https://www.bowlerhat.co.uk/2024/12/03/","text/html; charset=UTF-8","200","OK","Non-Indexable","noindex","December 3, 2024 - Bowler Hat","29","275","","0","0","","0","0","","0","","0","","0","December 3, 2024","16","","0","noindex, follow","","","","","","","","","107417","20259","20259","7.761","","143","27","5.296","86.687","Easy","1.946","4","3","","4","2","0","0.300","68","37","0","8","4","0","","","","","67d415dd73cb4c132d9c11d44d601593","0.028","Thu, 30 Jul 2026 13:22:15 GMT","","","","en-US","1.1","","","","","","https://www.bowlerhat.co.uk/2024/12/03/","2026-07-30 14:25:58"
"https://www.bowlerhat.co.uk/author/kylebh/","text/html; charset=UTF-8","200","OK","Indexable","","Kyle Summers, Author at Bowler Hat","34","325","","0","0","","0","0","","0","","0","","0","Kyle Summers","12","","0","index, follow, max-image-preview:large, max-snippet:-1, max-video-preview:-1","","","https://www.bowlerhat.co.uk/author/kylebh/","","","","","","110973","20831","20831","7.980","","183","37","4.946","87.166","Easy","2.105","4","2","","12","4","0","0.590","71","38","0","8","4","0","","","","","5b35553c9b8df43be7b7d29cd9ba77fb","0.032","Thu, 30 Jul 2026 13:22:15 GMT","","","","en-US","1.1","","","","","","https://www.bowlerhat.co.uk/author/kylebh/","2026-07-30 14:25:58"
"https://www.bowlerhat.co.uk/wp-content/uploads/2022/03/Web-1920-–-7.png","image/png","200","OK","Indexable","","","0","0","","0","0","","0","0","","0","","0","","0","","0","","0","","","","","","","","","","15800","15800","15800","6.053","","0","","","","","0.000","4","4","","0","0","0","0.000","0","0","0","0","0","0","","","","","","0.049","Mon, 25 Apr 2022 14:45:20 GMT","","","","","1.1","","","","","","https://www.bowlerhat.co.uk/wp-content/uploads/2022/03/Web-1920-%E2%80%93-7.png","2026-07-30 14:25:59"
"https://www.bowlerhat.co.uk/blog/page/5/","text/html; charset=UTF-8","200","OK","Indexable","","Digital Marketing Blog | Bowler Hat","35","309","Cutting-edge advice and guidance from our digital marketing experts across strategy, SEO, PPC, Web Design & Development, Social Media and Content Marketing.","156","996","","0","0","","0","","0","","0","Blog","4","","0","index, follow, max-image-preview:large, max-snippet:-1, max-video-preview:-1","","","https://www.bowlerhat.co.uk/blog/page/5/","https://www.bowlerhat.co.uk/blog/page/6/","https://www.bowlerhat.co.uk/blog/page/4/","","","","128415","23073","23073","8.839","","467","85","5.494","80.790","Easy","3.117","4","3","","9","5","0","0.740","100","48","0","8","4","0","","","","","514d576229acd7ea5ec12969e5efa34f","0.066","Thu, 30 Jul 2026 13:22:17 GMT","","","","en-US","1.1","","","","","","https://www.bowlerhat.co.uk/blog/page/5/","2026-07-30 14:25:59"
"https://www.bowlerhat.co.uk/wp-content/uploads/2022/02/Web-1920-–-12.png","image/png","200","OK","Indexable","","","0","0","","0","0","","0","0","","0","","0","","0","","0","","0","","","","","","","","","","16482","16482","16482","6.314","","0","","","","","0.000","4","4","","0","0","0","0.000","0","0","0","0","0","0","","","","","","0.048","Mon, 25 Apr 2022 14:45:20 GMT","","","","","1.1","","","","","","https://www.bowlerhat.co.uk/wp-content/uploads/2022/02/Web-1920-%E2%80%93-12.png","2026-07-30 14:25:59"
"https://www.bowlerhat.co.uk/wp-content/uploads/2022/03/Web-1920-–-6.png","image/png","200","OK","Indexable","","","0","0","","0","0","","0","0","","0","","0","","0","","0","","0","","","","","","","","","","14237","14237","14237","5.454","","0","","","","","0.000","4","4","","0","0","0","0.000","0","0","0","0","0","0","","","","","","0.069","Mon, 25 Apr 2022 14:45:20 GMT","","","","","1.1","","","","","","https://www.bowlerhat.co.uk/wp-content/uploads/2022/03/Web-1920-%E2%80%93-6.png","2026-07-30 14:25:59"
"https://www.bowlerhat.co.uk/wp-content/uploads/2022/03/Web-1920-–-4.png","image/png","200","OK","Indexable","","","0","0","","0","0","","0","0","","0","","0","","0","","0","","0","","","","","","","","","","16654","16654","16654","6.380","","0","","","","","0.000","4","4","","0","0","0","0.000","0","0","0","0","0","0","","","","","","0.049","Mon, 25 Apr 2022 14:45:20 GMT","","","","","1.1","","","","","","https://www.bowlerhat.co.uk/wp-content/uploads/2022/03/Web-1920-%E2%80%93-4.png","2026-07-30 14:25:59"
"https://www.bowlerhat.co.uk/wp-content/uploads/2022/03/Web-1920-–-8.png","image/png","200","OK","Indexable","","","0","0","","0","0","","0","0","","0","","0","","0","","0","","0","","","","","","","","","","15589","15589","15589","5.972","","0","","","","","0.000","4","4","","0","0","0","0.000","0","0","0","0","0","0","","","","","","0.045","Mon, 25 Apr 2022 14:45:20 GMT","","","","","1.1","","","","","","https://www.bowlerhat.co.uk/wp-content/uploads/2022/03/Web-1920-%E2%80%93-8.png","2026-07-30 14:25:59"
"https://www.bowlerhat.co.uk/target-ads-on-google-display-network/","text/html; charset=UTF-8","200","OK","Indexable","","How to Target Ads on the Google Display Network - Bowler Hat","60","558","","0","0","","0","0","","0","How to Target Ads on the Google Display Network","47","","0","Contents","8","Ways To Target Your Ads","23","index, follow, max-image-preview:large, max-snippet:-1, max-video-preview:-1","","","https://www.bowlerhat.co.uk/target-ads-on-google-display-network/","","","","","","143738","29023","29023","11.118","","1731","274","6.318","72.863","Fairly Easy","8.150","4","1","","29","6","0","0.890","87","39","0","16","10","0","","","","","d3faed0ef1eb992fc587430762059f18","0.086","","","","","en-US","1.1","","","","","","https://www.bowlerhat.co.uk/target-ads-on-google-display-network/","2026-07-30 14:25:59"
"https://www.bowlerhat.co.uk/wp-content/uploads/2022/03/Web-1920-–-10.png","image/png","200","OK","Indexable","","","0","0","","0","0","","0","0","","0","","0","","0","","0","","0","","","","","","","","","","14340","14340","14340","5.493","","0","","","","","0.000","4","4","","0","0","0","0.000","0","0","0","0","0","0","","","","","","0.018","Mon, 25 Apr 2022 14:45:20 GMT","","","","","1.1","","","","","","https://www.bowlerhat.co.uk/wp-content/uploads/2022/03/Web-1920-%E2%80%93-10.png","2026-07-30 14:25:59"
"https://www.bowlerhat.co.uk/how-to-check-local-rankings/","text/html; charset=UTF-8","200","OK","Indexable","","How to check local rankings on Google - Bowler Hat","50","457","Think that you rank well locally? How about a mile away? Or two miles? Learn how to check local rankings across your entire target geography.","141","880","","0","0","","0","How to check local rankings on Google","37","","0","1. The BIG problem with local ranking data","42","2. Geographic ranking data","26","index, follow, max-image-preview:large, max-snippet:-1, max-video-preview:-1","","","https://www.bowlerhat.co.uk/how-to-check-local-rankings/","","","","","","128545","25574","25574","9.797","","1131","160","7.069","79.380","Fairly Easy","5.912","4","1","","15","7","0","1.040","76","41","0","8","4","0","","","","","99c02ca08d0b68eb1966a70128c3a9ff","0.087","","","","","en-US","1.1","","","","","","https://www.bowlerhat.co.uk/how-to-check-local-rankings/","2026-07-30 14:25:59"
"https://www.bowlerhat.co.uk/wp-content/uploads/2022/03/Web-1920-–-3-4.png","image/png","200","OK","Indexable","","","0","0","","0","0","","0","0","","0","","0","","0","","0","","0","","","","","","","","","","15404","15404","15404","5.901","","0","","","","","0.000","4","4","","0","0","0","0.000","0","0","0","0","0","0","","","","","","0.033","Mon, 25 Apr 2022 14:45:20 GMT","","","","","1.1","","","","","","https://www.bowlerhat.co.uk/wp-content/uploads/2022/03/Web-1920-%E2%80%93-3-4.png","2026-07-30 14:25:59"
"https://www.bowlerhat.co.uk/seo-ppc-for-care-homes/","text/html; charset=UTF-8","200","OK","Indexable","","SEO & PPC for Care Homes - Bowler Hat","37","358","A comprehensive look at how to market your care home on Google using SEO and Google PPC Ads. By Marcus Miller of Bowler Hat.","124","807","","0","0","","0","SEO & PPC for Care Homes","24","","0","1. Keyword Research","19","2. The Search Landscape","23","index, follow, max-image-preview:large, max-snippet:-1, max-video-preview:-1","","","https://www.bowlerhat.co.uk/seo-ppc-for-care-homes/","","","","","","155533","33832","33832","12.960","","4256","572","7.441","82.441","Easy","15.869","4","1","","24","5","0","0.740","108","47","0","11","7","0","","","","","8b4df11344d14a6fe483db47f1565fc4","0.101","","","","","en-US","1.1","","","","","","https://www.bowlerhat.co.uk/seo-ppc-for-care-homes/","2026-07-30 14:25:59"
"https://www.bowlerhat.co.uk/wp-content/uploads/2022/03/Web-1920-–-9.png","image/png","200","OK","Indexable","","","0","0","","0","0","","0","0","","0","","0","","0","","0","","0","","","","","","","","","","12984","12984","12984","4.974","","0","","","","","0.000","4","4","","0","0","0","0.000","0","0","0","0","0","0","","","","","","0.037","Mon, 25 Apr 2022 14:45:20 GMT","","","","","1.1","","","","","","https://www.bowlerhat.co.uk/wp-content/uploads/2022/03/Web-1920-%E2%80%93-9.png","2026-07-30 14:25:59"
"https://www.bowlerhat.co.uk/what-is-local-seo/","text/html; charset=UTF-8","200","OK","Indexable","","What is Local SEO & Why it Matters - Bowler Hat","47","428","","0","0","","0","0","","0","What is Local SEO & Why it Matters","34","","0","Understanding Local Search","26","Why Local SEO is important","26","index, follow, max-image-preview:large, max-snippet:-1, max-video-preview:-1","","","https://www.bowlerhat.co.uk/what-is-local-seo/","","","","","","132348","26992","26992","10.340","","1537","229","6.712","73.040","Fairly Easy","7.761","4","1","","13","5","0","0.740","81","42","0","13","9","0","","","","","c5b0255d3c1bbff907d0046afd941b24","0.087","","","","","en-US","1.1","","","","","","https://www.bowlerhat.co.uk/what-is-local-seo/","2026-07-30 14:25:59"
"https://www.bowlerhat.co.uk/how-to-create-an-seo-friendly-website/","text/html; charset=UTF-8","200","OK","Indexable","","How to Create an SEO-Friendly Website - Bowler Hat","50","465","Learn how to quickly and easily build an SEO-friendly website using affordable off-the-shelf tools. By Marcus Miller of Bowler Hat.","131","794","","0","0","","0","How to Create an SEO-Friendly Website","37","","0","1. What is an SEO-friendly website?","35","2. SEO-friendly web design","26","index, follow, max-image-preview:large, max-snippet:-1, max-video-preview:-1","","","https://www.bowlerhat.co.uk/how-to-create-an-seo-friendly-website/","","","","","","132679","27019","27019","10.350","","1701","242","7.029","79.192","Fairly Easy","8.233","4","1","","18","5","0","0.740","86","42","0","9","5","0","","","","","c78bd304684c7d7f26de7ce37aa3bc40","0.052","","","","","en-US","1.1","","","","","","https://www.bowlerhat.co.uk/how-to-create-an-seo-friendly-website/","2026-07-30 14:25:59"
"https://www.bowlerhat.co.uk/type-seo-actually-need/","text/html; charset=UTF-8","200","OK","Indexable","","Which Type of SEO Do You Actually Need? - Bowler Hat","52","487","This guide will help you to determine which type of SEO best suits your business, and in time, help your business become more visible online.","141","856","","0","0","","0","Which Type of SEO Do You Actually Need?","39","","0","1. What is SEO?","15","2. What kind of SEO do you need?","32","index, follow, max-image-preview:large, max-snippet:-1, max-video-preview:-1","","","https://www.bowlerhat.co.uk/type-seo-actually-need/","","","","","","133077","27369","27369","10.485","","1719","255","6.741","77.448","Fairly Easy","8.204","4","1","","21","6","0","0.890","98","53","0","10","5","0","","","","","4e74fd2da761841172d590806d285894","0.113","","","","","en-US","1.1","","","","","","https://www.bowlerhat.co.uk/type-seo-actually-need/","2026-07-30 14:25:59"
"https://www.bowlerhat.co.uk/wp-content/uploads/2022/02/nibbler.jpg","image/jpeg","200","OK","Indexable","","","0","0","","0","0","","0","0","","0","","0","","0","","0","","0","","","","","","","","","","10511","10511","10511","4.027","","0","","","","","0.000","4","4","","0","0","0","0.000","0","0","0","0","0","0","","","","","","0.017","Mon, 25 Apr 2022 14:45:20 GMT","","","","","1.1","","","","","","https://www.bowlerhat.co.uk/wp-content/uploads/2022/02/nibbler.jpg","2026-07-30 14:25:59"
"https://www.bowlerhat.co.uk/wp-content/uploads/2022/02/hamsterwheel.gif","image/gif","200","OK","Indexable","","","0","0","","0","0","","0","0","","0","","0","","0","","0","","0","","","","","","","","","","1096399","1096399","1096399","420.010","","0","","","","","0.000","4","4","","0","0","0","0.000","0","0","0","0","0","0","","","","","","0.052","Mon, 25 Apr 2022 14:45:20 GMT","","","","","1.1","","","","","","https://www.bowlerhat.co.uk/wp-content/uploads/2022/02/hamsterwheel.gif","2026-07-30 14:26:00"
"https://www.bowlerhat.co.uk/2024/02/18/","text/html; charset=UTF-8","200","OK","Non-Indexable","noindex","February 18, 2024 - Bowler Hat","30","272","","0","0","","0","0","","0","","0","","0","February 18, 2024","17","","0","noindex, follow","","","","","","","","","107144","20215","20215","7.744","","136","27","5.037","87.264","Easy","1.915","4","3","","4","2","0","0.300","68","37","0","8","4","0","","","","","51d8d9f40a641a7ba8ccd291ff21fd3a","0.066","Thu, 30 Jul 2026 13:22:18 GMT","","","","en-US","1.1","","","","","","https://www.bowlerhat.co.uk/2024/02/18/","2026-07-30 14:26:00"
"https://www.bowlerhat.co.uk/remove-a-query-string-from-a-url-with-mod_rewrite/","text/html; charset=UTF-8","200","OK","Indexable","","Remove a Query String From a URL with Mod_Rewrite - Bowler Hat","62","591","Learn how to remove a query string from a URL with an easy little trick called Mod_Rewrite. Say goodbye to messy jargon filled URLs with our blog!","146","900","","0","0","","0","Remove a Query String From a URL with Mod_Rewrite","49","","0","","0","Leave a Reply Cancel reply","26","index, follow, max-image-preview:large, max-snippet:-1, max-video-preview:-1","","","https://www.bowlerhat.co.uk/remove-a-query-string-from-a-url-with-mod_rewrite/","","","","","","125913","24736","24736","9.476","","611","117","5.222","74.842","Fairly Easy","3.911","4","1","","12","5","0","0.740","74","40","0","9","5","0","","","","","b79ec682395713ed920fa49492964162","0.081","","","","","en-US","1.1","","","","","","https://www.bowlerhat.co.uk/remove-a-query-string-from-a-url-with-mod_rewrite/","2026-07-30 14:26:00"
"https://www.bowlerhat.co.uk/wp-content/uploads/2016/04/SEO-Generic.jpg","image/jpeg","200","OK","Indexable","","","0","0","","0","0","","0","0","","0","","0","","0","","0","","0","","","","","","","","","","95437","95437","95437","36.560","","0","","","","","0.000","4","4","","0","0","0","0.000","0","0","0","0","0","0","","","","","","0.030","Mon, 25 Apr 2022 14:45:21 GMT","","","","","1.1","","","","","","https://www.bowlerhat.co.uk/wp-content/uploads/2016/04/SEO-Generic.jpg","2026-07-30 14:26:00"
"https://www.bowlerhat.co.uk/blog/page/28/","text/html; charset=UTF-8","200","OK","Indexable","","Digital Marketing Blog | Bowler Hat","35","309","Cutting-edge advice and guidance from our digital marketing experts across strategy, SEO, PPC, Web Design & Development, Social Media and Content Marketing.","156","996","","0","0","","0","","0","","0","Blog","4","","0","index, follow, max-image-preview:large, max-snippet:-1, max-video-preview:-1","","","https://www.bowlerhat.co.uk/blog/page/28/","https://www.bowlerhat.co.uk/blog/page/29/","https://www.bowlerhat.co.uk/blog/page/27/","","","","128414","22420","22420","8.589","","461","68","6.779","86.909","Easy","3.035","4","3","","9","5","0","0.740","99","49","0","8","4","0","","","","","e076ade30ebe6467fa2878def8a024fd","0.035","Thu, 30 Jul 2026 13:22:18 GMT","","","","en-US","1.1","","","","","","https://www.bowlerhat.co.uk/blog/page/28/","2026-07-30 14:26:00"
"https://www.bowlerhat.co.uk/blog/page/29/","text/html; charset=UTF-8","200","OK","Indexable","","Digital Marketing Blog | Bowler Hat","35","309","Cutting-edge advice and guidance from our digital marketing experts across strategy, SEO, PPC, Web Design & Development, Social Media and Content Marketing.","156","996","","0","0","","0","","0","","0","Blog","4","","0","index, follow, max-image-preview:large, max-snippet:-1, max-video-preview:-1","","","https://www.bowlerhat.co.uk/blog/page/29/","https://www.bowlerhat.co.uk/blog/page/30/","https://www.bowlerhat.co.uk/blog/page/28/","","","","128084","22395","22395","8.579","","438","70","6.257","86.911","Easy","2.942","4","3","","8","4","0","0.590","98","48","0","8","4","0","","","","","10eeec0967ab5e4979a2ea0f2b2fd246","0.033","Thu, 30 Jul 2026 13:22:18 GMT","","","","en-US","1.1","","","","","","https://www.bowlerhat.co.uk/blog/page/29/","2026-07-30 14:26:00"
"https://www.bowlerhat.co.uk/wp-content/uploads/2016/03/Website-Generic.jpg","image/jpeg","200","OK","Indexable","","","0","0","","0","0","","0","0","","0","","0","","0","","0","","0","","","","","","","","","","87607","87607","87607","33.561","","0","","","","","0.000","4","4","","0","0","0","0.000","0","0","0","0","0","0","","","","","","0.042","Mon, 25 Apr 2022 14:45:21 GMT","","","","","1.1","","","","","","https://www.bowlerhat.co.uk/wp-content/uploads/2016/03/Website-Generic.jpg","2026-07-30 14:26:00"
"https://www.bowlerhat.co.uk/adding-additional-rewrite-rules-to-joomla-htaccess/","text/html; charset=UTF-8","200","OK","Indexable","","Adding Additional Rewrite Rules to Joomla .htaccess - Bowler Hat","64","583","Tutorial covering how to add rewrite rules to the Joomla htaccess along with solutions to some common problems.","111","708","","0","0","","0","Adding Additional Rewrite Rules to Joomla .htaccess","51","","0","8 Responses","11","Leave a Reply Cancel reply","26","index, follow, max-image-preview:large, max-snippet:-1, max-video-preview:-1","","","https://www.bowlerhat.co.uk/adding-additional-rewrite-rules-to-joomla-htaccess/","","","","","","146537","29300","29300","11.224","","1867","390","4.787","79.132","Fairly Easy","8.865","4","1","","28","5","0","0.740","88","39","0","18","12","0","","","","","6cfb44c6873d35c272b1ab5d66871da3","0.050","","","","","en-US","1.1","","","","","","https://www.bowlerhat.co.uk/adding-additional-rewrite-rules-to-joomla-htaccess/","2026-07-30 14:26:00"
"https://www.bowlerhat.co.uk/mod_rewrite-tips-redirect-site-root-to-subdirectory/","text/html; charset=UTF-8","200","OK","Indexable","","Mod_Rewrite Tips: Redirect Site root to subdirectory - Bowler Hat","65","576","","0","0","","0","0","","0","Mod_Rewrite Tips: Redirect Site root to subdirectory","52","","0","Leave a Reply Cancel reply","26","","0","index, follow, max-image-preview:large, max-snippet:-1, max-video-preview:-1","","","https://www.bowlerhat.co.uk/mod_rewrite-tips-redirect-site-root-to-subdirectory/","","","","","","125983","24770","24770","9.489","","664","127","5.228","74.628","Fairly Easy","4.186","4","1","","12","5","0","0.740","73","40","0","11","7","0","","","","","b0cacd6a8a26b24182b9fd68cca01f5d","0.068","","","","","en-US","1.1","","","","","","https://www.bowlerhat.co.uk/mod_rewrite-tips-redirect-site-root-to-subdirectory/","2026-07-30 14:26:00"
"https://www.bowlerhat.co.uk/wp-content/uploads/2024/03/blog-image3.png","image/png","200","OK","Indexable","","","0","0","","0","0","","0","0","","0","","0","","0","","0","","0","","","","","","","","","","38615","38615","38615","14.793","","0","","","","","0.000","4","4","","0","0","0","0.000","0","0","0","0","0","0","","","","","","0.035","Fri, 15 Mar 2024 13:36:55 GMT","","","","","1.1","","","","","","https://www.bowlerhat.co.uk/wp-content/uploads/2024/03/blog-image3.png","2026-07-30 14:26:00"
"https://www.bowlerhat.co.uk/wp-content/uploads/2024/03/blog-image2.png","image/png","200","OK","Indexable","","","0","0","","0","0","","0","0","","0","","0","","0","","0","","0","","","","","","","","","","107305","107305","107305","41.107","","0","","","","","0.000","4","4","","0","0","0","0.000","0","0","0","0","0","0","","","","","","0.027","Fri, 15 Mar 2024 13:36:54 GMT","","","","","1.1","","","","","","https://www.bowlerhat.co.uk/wp-content/uploads/2024/03/blog-image2.png","2026-07-30 14:26:00"
"https://www.bowlerhat.co.uk/wp-content/uploads/2024/03/blog-image1.png","image/png","200","OK","Indexable","","","0","0","","0","0","","0","0","","0","","0","","0","","0","","0","","","","","","","","","","5496","5496","5496","2.105","","0","","","","","0.000","4","4","","0","0","0","0.000","0","0","0","0","0","0","","","","","","0.060","Fri, 15 Mar 2024 13:36:53 GMT","","","","","1.1","","","","","","https://www.bowlerhat.co.uk/wp-content/uploads/2024/03/blog-image1.png","2026-07-30 14:26:01"
"https://www.bowlerhat.co.uk/2024/03/15/","text/html; charset=UTF-8","200","OK","Non-Indexable","noindex","March 15, 2024 - Bowler Hat","27","250","","0","0","","0","0","","0","","0","","0","March 15, 2024","14","","0","noindex, follow","","","","","","","","","107363","20247","20247","7.756","","141","28","5.036","86.524","Easy","1.947","4","3","","4","2","0","0.300","68","37","0","8","4","0","","","","","7521b9d884cfac315483d4619fbf09c2","0.079","Thu, 30 Jul 2026 13:22:19 GMT","","","","en-US","1.1","","","","","","https://www.bowlerhat.co.uk/2024/03/15/","2026-07-30 14:26:01"
"https://www.bowlerhat.co.uk/wp-content/uploads/2024/10/2-User-Provided-Data-Tag.gif","image/gif","200","OK","Indexable","","","0","0","","0","0","","0","0","","0","","0","","0","","0","","0","","","","","","","","","","821960","821960","821960","314.877","","0","","","","","0.000","4","4","","3","3","0","0.450","0","0","0","0","0","0","","","","","","0.016","Wed, 02 Oct 2024 12:37:46 GMT","","","","","1.1","","","","","","https://www.bowlerhat.co.uk/wp-content/uploads/2024/10/2-User-Provided-Data-Tag.gif","2026-07-30 14:26:02"
"https://www.bowlerhat.co.uk/wp-content/uploads/2024/10/right-click-inspect.gif","image/gif","200","OK","Indexable","","","0","0","","0","0","","0","0","","0","","0","","0","","0","","0","","","","","","","","","","2346588","2346588","2346588","898.933","","0","","","","","0.000","4","4","","2","2","0","0.300","0","0","0","0","0","0","","","","","","0.046","Wed, 09 Oct 2024 12:44:01 GMT","","","","","1.1","","","","","","https://www.bowlerhat.co.uk/wp-content/uploads/2024/10/right-click-inspect.gif","2026-07-30 14:26:02"
"https://www.bowlerhat.co.uk/sop-user-provided-data-event-edition/","text/html; charset=UTF-8","200","OK","Non-Indexable","noindex","SOP: User-Provided Data Event Edition - Bowler Hat","50","457","","0","0","","0","0","","0","Enhanced Conversions - User Provided Data","41","","0","What The Hell Are Enhanced Conversions?","39","Who is this for?","16","noindex, follow","","","","","","","","","147410","28820","28820","11.040","","2646","443","5.973","79.372","Fairly Easy","11.345","4","1","","9","4","0","0.590","84","54","0","10","6","0","","","","","52f9ab658c2d1db4b1e1cd4ac3a1e65a","0.056","Thu, 30 Jul 2026 13:17:37 GMT","","","","en-US","1.1","","","","","","https://www.bowlerhat.co.uk/sop-user-provided-data-event-edition/","2026-07-30 14:26:02"
"https://www.bowlerhat.co.uk/wp-content/uploads/2024/10/14-Iframe.png","image/png","200","OK","Indexable","","","0","0","","0","0","","0","0","","0","","0","","0","","0","","0","","","","","","","","","","9393","9393","9393","3.598","","0","","","","","0.000","4","4","","0","0","0","0.000","0","0","0","0","0","0","","","","","","0.051","Wed, 02 Oct 2024 13:42:34 GMT","","","","","1.1","","","","","","https://www.bowlerhat.co.uk/wp-content/uploads/2024/10/14-Iframe.png","2026-07-30 14:26:02"
"https://www.bowlerhat.co.uk/wp-content/uploads/2024/10/unnamed-1.gif","image/gif","200","OK","Indexable","","","0","0","","0","0","","0","0","","0","","0","","0","","0","","0","","","","","","","","","","501891","501891","501891","192.265","","0","","","","","0.000","4","4","","3","3","0","0.450","0","0","0","0","0","0","","","","","","0.024","Wed, 02 Oct 2024 13:31:42 GMT","","","","","1.1","","","","","","https://www.bowlerhat.co.uk/wp-content/uploads/2024/10/unnamed-1.gif","2026-07-30 14:26:02"
"https://www.bowlerhat.co.uk/wp-content/uploads/2024/10/unnamed-4.gif","image/gif","200","OK","Indexable","","","0","0","","0","0","","0","0","","0","","0","","0","","0","","0","","","","","","","","","","1607097","1607097","1607097","615.648","","0","","","","","0.000","4","4","","3","3","0","0.450","0","0","0","0","0","0","","","","","","0.045","Wed, 02 Oct 2024 13:36:40 GMT","","","","","1.1","","","","","","https://www.bowlerhat.co.uk/wp-content/uploads/2024/10/unnamed-4.gif","2026-07-30 14:26:02"
"https://www.bowlerhat.co.uk/wp-content/uploads/2024/10/console-tab.gif","image/gif","200","OK","Indexable","","","0","0","","0","0","","0","0","","0","","0","","0","","0","","0","","","","","","","","","","756079","756079","756079","289.639","","0","","","","","0.000","4","4","","2","2","0","0.300","0","0","0","0","0","0","","","","","","0.052","Wed, 09 Oct 2024 12:46:56 GMT","","","","","1.1","","","","","","https://www.bowlerhat.co.uk/wp-content/uploads/2024/10/console-tab.gif","2026-07-30 14:26:02"
"https://www.bowlerhat.co.uk/wp-content/uploads/2024/10/3-Enhanced-Conversions-for-leads.gif","image/gif","200","OK","Indexable","","","0","0","","0","0","","0","0","","0","","0","","0","","0","","0","","","","","","","","","","743213","743213","743213","284.711","","0","","","","","0.000","4","4","","3","3","0","0.450","0","0","0","0","0","0","","","","","","0.038","Wed, 02 Oct 2024 12:38:31 GMT","","","","","1.1","","","","","","https://www.bowlerhat.co.uk/wp-content/uploads/2024/10/3-Enhanced-Conversions-for-leads.gif","2026-07-30 14:26:02"
"https://www.bowlerhat.co.uk/wp-content/uploads/2024/10/unnamed-6.gif","image/gif","200","OK","Indexable","","","0","0","","0","0","","0","0","","0","","0","","0","","0","","0","","","","","","","","","","914485","914485","914485","350.322","","0","","","","","0.000","4","4","","3","3","0","0.450","0","0","0","0","0","0","","","","","","0.044","Wed, 02 Oct 2024 13:40:17 GMT","","","","","1.1","","","","","","https://www.bowlerhat.co.uk/wp-content/uploads/2024/10/unnamed-6.gif","2026-07-30 14:26:02"
"https://www.bowlerhat.co.uk/wp-content/uploads/2024/10/1-Google-Ads-Conversion-Tracking-Tag.gif","image/gif","200","OK","Indexable","","","0","0","","0","0","","0","0","","0","","0","","0","","0","","0","","","","","","","","","","919398","919398","919398","352.204","","0","","","","","0.000","4","4","","3","3","0","0.450","0","0","0","0","0","0","","","","","","0.056","Wed, 02 Oct 2024 12:37:23 GMT","","","","","1.1","","","","","","https://www.bowlerhat.co.uk/wp-content/uploads/2024/10/1-Google-Ads-Conversion-Tracking-Tag.gif","2026-07-30 14:26:02"
"https://www.bowlerhat.co.uk/wp-content/uploads/2024/10/6-Google-Ads-Enhanced-Conversions-Creating.gif","image/gif","200","OK","Indexable","","","0","0","","0","0","","0","0","","0","","0","","0","","0","","0","","","","","","","","","","912660","912660","912660","349.623","","0","","","","","0.000","4","4","","3","3","0","0.450","0","0","0","0","0","0","","","","","","0.052","Wed, 02 Oct 2024 12:41:27 GMT","","","","","1.1","","","","","","https://www.bowlerhat.co.uk/wp-content/uploads/2024/10/6-Google-Ads-Enhanced-Conversions-Creating.gif","2026-07-30 14:26:02"
"https://www.bowlerhat.co.uk/wp-content/uploads/2024/10/unnamed-2.gif","image/gif","200","OK","Indexable","","","0","0","","0","0","","0","0","","0","","0","","0","","0","","0","","","","","","","","","","579139","579139","579139","221.857","","0","","","","","0.000","4","4","","3","3","0","0.450","0","0","0","0","0","0","","","","","","0.049","Wed, 02 Oct 2024 13:34:16 GMT","","","","","1.1","","","","","","https://www.bowlerhat.co.uk/wp-content/uploads/2024/10/unnamed-2.gif","2026-07-30 14:26:02"
"https://www.bowlerhat.co.uk/2024/10/02/","text/html; charset=UTF-8","200","OK","Non-Indexable","noindex","October 2, 2024 - Bowler Hat","28","254","","0","0","","0","0","","0","","0","","0","October 2, 2024","15","","0","noindex, follow","","","","","","","","","107240","20197","20197","7.737","","139","31","4.484","86.035","Easy","1.958","4","3","","5","3","0","0.450","68","37","0","8","4","0","","","","","f2c33a169b11b03d95bb5abba231f1b7","0.050","Thu, 30 Jul 2026 13:22:21 GMT","","","","en-US","1.1","","","","","","https://www.bowlerhat.co.uk/2024/10/02/","2026-07-30 14:26:02"
"https://www.bowlerhat.co.uk/wp-content/uploads/2024/10/Copy-Copy-selector.gif","image/gif","200","OK","Indexable","","","0","0","","0","0","","0","0","","0","","0","","0","","0","","0","","","","","","","","","","1677649","1677649","1677649","642.675","","0","","","","","0.000","4","4","","2","2","0","0.300","0","0","0","0","0","0","","","","","","0.019","Wed, 09 Oct 2024 12:46:10 GMT","","","","","1.1","","","","","","https://www.bowlerhat.co.uk/wp-content/uploads/2024/10/Copy-Copy-selector.gif","2026-07-30 14:26:02"
"https://www.bowlerhat.co.uk/wp-content/uploads/2024/10/4-Enhanced-Conversions.gif","image/gif","200","OK","Indexable","","","0","0","","0","0","","0","0","","0","","0","","0","","0","","0","","","","","","","","","","682273","682273","682273","261.366","","0","","","","","0.000","4","4","","2","2","0","0.300","0","0","0","0","0","0","","","","","","0.050","Wed, 02 Oct 2024 12:39:10 GMT","","","","","1.1","","","","","","https://www.bowlerhat.co.uk/wp-content/uploads/2024/10/4-Enhanced-Conversions.gif","2026-07-30 14:26:02"
"https://www.bowlerhat.co.uk/wp-content/uploads/2024/10/5-use-google-ads-only.png","image/webp","200","OK","Indexable","","","0","0","","0","0","","0","0","","0","","0","","0","","0","","0","","","","","","","","","","42832","42832","42832","16.408","","0","","","","","0.000","4","4","","3","3","0","0.450","0","0","0","0","0","0","","","","","","0.040","Wed, 02 Oct 2024 12:40:23 GMT","","","","","1.1","","","","","","https://www.bowlerhat.co.uk/wp-content/uploads/2024/10/5-use-google-ads-only.png","2026-07-30 14:26:02"
"https://www.bowlerhat.co.uk/wp-content/uploads/2024/10/unnamed-3.gif","image/gif","200","OK","Indexable","","","0","0","","0","0","","0","0","","0","","0","","0","","0","","0","","","","","","","","","","539102","539102","539102","206.520","","0","","","","","0.000","4","4","","3","3","0","0.450","0","0","0","0","0","0","","","","","","0.037","Wed, 02 Oct 2024 13:35:22 GMT","","","","","1.1","","","","","","https://www.bowlerhat.co.uk/wp-content/uploads/2024/10/unnamed-3.gif","2026-07-30 14:26:02"
"https://www.bowlerhat.co.uk/wp-content/uploads/2017/06/Google-Review-Link-Generator.jpg","image/jpeg","200","OK","Indexable","","","0","0","","0","0","","0","0","","0","","0","","0","","0","","0","","","","","","","","","","72264","72264","72264","27.683","","0","","","","","0.000","4","4","","0","0","0","0.000","0","0","0","0","0","0","","","","","","0.047","Mon, 25 Apr 2022 14:45:21 GMT","","","","","1.1","","","","","","https://www.bowlerhat.co.uk/wp-content/uploads/2017/06/Google-Review-Link-Generator.jpg","2026-07-30 14:26:02"
"https://www.bowlerhat.co.uk/submit-website-search-engines/","text/html; charset=UTF-8","200","OK","Indexable","","Should You Submit Your Website to Search Engines? | Bowler Hat","62","580","Getting your website indexed by Google is the first step in a successful SEO campaign. In this article, we show you the best and fastest way to get indexed.","156","949","","0","0","","0","Should You Submit Your Website to Search Engines?","49","","0","2 Responses","11","Leave a Reply Cancel reply","26","index, follow, max-image-preview:large, max-snippet:-1, max-video-preview:-1","","","https://www.bowlerhat.co.uk/submit-website-search-engines/","","","","","","137657","27383","27383","10.490","","1006","158","6.367","78.939","Fairly Easy","5.148","4","1","","32","11","0","1.630","97","52","0","16","11","0","","","","","db08feef8ea460e4806501d876814558","0.084","","","","","en-US","1.1","","","","","","https://www.bowlerhat.co.uk/submit-website-search-engines/","2026-07-30 14:26:02"
"https://www.bowlerhat.co.uk/wp-content/uploads/2018/03/PPC-Generic.jpg","image/jpeg","200","OK","Indexable","","","0","0","","0","0","","0","0","","0","","0","","0","","0","","0","","","","","","","","","","106706","106706","106706","40.877","","0","","","","","0.000","4","4","","0","0","0","0.000","0","0","0","0","0","0","","","","","","0.014","Mon, 25 Apr 2022 14:45:21 GMT","","","","","1.1","","","","","","https://www.bowlerhat.co.uk/wp-content/uploads/2018/03/PPC-Generic.jpg","2026-07-30 14:26:02"
"https://www.bowlerhat.co.uk/write-email-asking-google-review/","text/html; charset=UTF-8","200","OK","Indexable","","How to ask for a Google Review for your Business - Bowler Hat","61","554","This article looks at how to write an email to your clients asking for a Google review. A quick email can help your reviews grow and your SEO flourish.","151","910","","0","0","","0","How to ask for a Google Review for your Business","48","","0","Ensuring your Google reviews reflect the reality of your situation","66","The best way to get Google reviews","34","index, follow, max-image-preview:large, max-snippet:-1, max-video-preview:-1","","","https://www.bowlerhat.co.uk/write-email-asking-google-review/","","","","","","159036","30072","30072","11.520","","1730","306","5.654","77.864","Fairly Easy","7.603","4","1","","61","14","0","2.080","117","47","0","27","16","0","","","","","b5690007e2631f7d51678aa37049c99d","0.081","","","","","en-US","1.1","","","","","","https://www.bowlerhat.co.uk/write-email-asking-google-review/","2026-07-30 14:26:02"
"https://www.bowlerhat.co.uk/eat-checklist/","text/html; charset=UTF-8","200","OK","Indexable","","E-A-T Checklist: 13 Ways to Improve Your Website's E-A-T Rating and Boost Your SEO Ranking - Bowler Hat","103","945","E-A-T stands for Expertise, Authority & Trust and is used by Google to rank your website. Our checklist outlines 13 ways you can improve your E-A-T rating.","155","949","","0","0","","0","E-A-T Checklist: 13 Ways to Improve Your Website’s E-A-T Rating and Boost Your SEO Ranking","90","","0","1. Advertisements","17","2. Attribution","14","index, follow, max-image-preview:large, max-snippet:-1, max-video-preview:-1","","","https://www.bowlerhat.co.uk/eat-checklist/","","","","","","138841","28847","28847","11.051","","2243","331","6.776","72.208","Fairly Easy","10.257","4","1","","43","11","0","1.630","108","57","0","9","5","0","","","","","b56423f0b89c27658acd15dfe4318b50","0.054","","","","","en-US","1.1","","","","","","https://www.bowlerhat.co.uk/eat-checklist/","2026-07-30 14:26:02"
"https://www.bowlerhat.co.uk/tag/google/page/2/","text/html; charset=UTF-8","200","OK","Indexable","","Google Archives - Page 2 of 2 - Bowler Hat","42","376","","0","0","","0","0","","0","","0","","0","Google","6","","0","index, follow, max-image-preview:large, max-snippet:-1, max-video-preview:-1","","","https://www.bowlerhat.co.uk/tag/google/page/2/","","https://www.bowlerhat.co.uk/tag/google/","","","","108847","20556","20556","7.875","","139","28","4.964","83.721","Easy","1.922","4","4","","5","2","0","0.300","70","38","0","8","4","0","","","","","4ad1ae45a96f4ab20b5bbf5062fa138f","0.026","Thu, 30 Jul 2026 13:22:20 GMT","","","","en-US","1.1","","","","","","https://www.bowlerhat.co.uk/tag/google/page/2/","2026-07-30 14:26:03"
"https://www.bowlerhat.co.uk/wp-content/uploads/2017/09/how-to-optimise-your-google-my-business-listing.jpg","image/jpeg","200","OK","Indexable","","","0","0","","0","0","","0","0","","0","","0","","0","","0","","0","","","","","","","","","","80748","80748","80748","30.933","","0","","","","","0.000","4","4","","0","0","0","0.000","0","0","0","0","0","0","","","","","","0.027","Mon, 25 Apr 2022 14:45:21 GMT","","","","","1.1","","","","","","https://www.bowlerhat.co.uk/wp-content/uploads/2017/09/how-to-optimise-your-google-my-business-listing.jpg","2026-07-30 14:26:03"
"https://www.bowlerhat.co.uk/wp-content/uploads/2017/09/Should-I-Submit-my-website-to-a-search-engine.jpg","image/jpeg","200","OK","Indexable","","","0","0","","0","0","","0","0","","0","","0","","0","","0","","0","","","","","","","","","","83316","83316","83316","31.917","","0","","","","","0.000","4","4","","0","0","0","0.000","0","0","0","0","0","0","","","","","","0.047","Mon, 25 Apr 2022 14:45:21 GMT","","","","","1.1","","","","","","https://www.bowlerhat.co.uk/wp-content/uploads/2017/09/Should-I-Submit-my-website-to-a-search-engine.jpg","2026-07-30 14:26:03"
"https://www.bowlerhat.co.uk/wp-content/uploads/2017/07/How-To-Write-High-Performing-PPC-Ads-That-Will-Convert.jpg","image/jpeg","200","OK","Indexable","","","0","0","","0","0","","0","0","","0","","0","","0","","0","","0","","","","","","","","","","38660","38660","38660","14.810","","0","","","","","0.000","4","4","","0","0","0","0.000","0","0","0","0","0","0","","","","","","0.051","Mon, 25 Apr 2022 14:45:21 GMT","","","","","1.1","","","","","","https://www.bowlerhat.co.uk/wp-content/uploads/2017/07/How-To-Write-High-Performing-PPC-Ads-That-Will-Convert.jpg","2026-07-30 14:26:03"
"https://www.bowlerhat.co.uk/google-review-link-generator/","text/html; charset=UTF-8","200","OK","Indexable","","How to Generate a Google Review Link | Bowler Hat","49","459","Generating your Google review URL is quick and easy. This article highlights how you can create a Google review link to get those reviews piling in.","148","895","","0","0","","0","How to Generate a Google Review Link","36","","0","Generate Your URL","17","Leave a Reply Cancel reply","26","index, follow, max-image-preview:large, max-snippet:-1, max-video-preview:-1","","","https://www.bowlerhat.co.uk/google-review-link-generator/","","","","","","124480","23606","23606","9.043","","425","73","5.822","91.244","Very Easy","2.865","4","1","","23","11","0","1.630","81","44","0","9","5","0","","","","","50f075bc3557108fb1bacc796e83ae18","0.075","","","","","en-US","1.1","","","","","","https://www.bowlerhat.co.uk/google-review-link-generator/","2026-07-30 14:26:03"
"https://www.bowlerhat.co.uk/optimise-google-business-listing/","text/html; charset=UTF-8","200","OK","Indexable","","How to Optimise Your Google My Business Listing | Bowler Hat","60","557","How to optimise your Google My Business listing to help your business’s local ranking and enhance your presence in Google search to boost your business.","152","953","","0","0","","0","How to Optimise Your Google My Business Listing","47","","0","4 Responses","11","Leave a Reply Cancel reply","26","index, follow, max-image-preview:large, max-snippet:-1, max-video-preview:-1","","","https://www.bowlerhat.co.uk/optimise-google-business-listing/","","","","","","147646","30414","30414","11.651","","2379","301","7.904","72.215","Fairly Easy","10.347","4","1","","43","16","0","2.370","106","58","0","15","10","0","","","","","398baf98f8f3ddcdd706e51d882015c3","0.080","","","","","en-US","1.1","","","","","","https://www.bowlerhat.co.uk/optimise-google-business-listing/","2026-07-30 14:26:03"
"https://www.bowlerhat.co.uk/wp-content/uploads/2017/06/How-to-Write-an-Email-Asking-for-a-Google-Review-.jpg","image/jpeg","200","OK","Indexable","","","0","0","","0","0","","0","0","","0","","0","","0","","0","","0","","","","","","","","","","68541","68541","68541","26.257","","0","","","","","0.000","4","4","","0","0","0","0.000","0","0","0","0","0","0","","","","","","0.029","Mon, 25 Apr 2022 14:45:21 GMT","","","","","1.1","","","","","","https://www.bowlerhat.co.uk/wp-content/uploads/2017/06/How-to-Write-an-Email-Asking-for-a-Google-Review-.jpg","2026-07-30 14:26:03"
"https://www.bowlerhat.co.uk/wp-content/uploads/2018/12/The-Four-Pillars-of-an-effective-SEO-Strategy.jpg","image/jpeg","200","OK","Indexable","","","0","0","","0","0","","0","0","","0","","0","","0","","0","","0","","","","","","","","","","65168","65168","65168","24.965","","0","","","","","0.000","4","4","","0","0","0","0.000","0","0","0","0","0","0","","","","","","0.033","Mon, 25 Apr 2022 14:45:20 GMT","","","","","1.1","","","","","","https://www.bowlerhat.co.uk/wp-content/uploads/2018/12/The-Four-Pillars-of-an-effective-SEO-Strategy.jpg","2026-07-30 14:26:03"
"https://www.bowlerhat.co.uk/wp-content/uploads/2012/04/Screen-Shot-2017-03-23-at-11.37.36.png","image/png","200","OK","Indexable","","","0","0","","0","0","","0","0","","0","","0","","0","","0","","0","","","","","","","","","","153624","153624","153624","58.850","","0","","","","","0.000","4","4","","0","0","0","0.000","0","0","0","0","0","0","","","","","","0.051","Mon, 25 Apr 2022 14:45:22 GMT","","","","","1.1","","","","","","https://www.bowlerhat.co.uk/wp-content/uploads/2012/04/Screen-Shot-2017-03-23-at-11.37.36.png","2026-07-30 14:26:03"
"https://www.bowlerhat.co.uk/wp-content/uploads/2024/10/unnamed-5.gif","image/gif","200","OK","Indexable","","","0","0","","0","0","","0","0","","0","","0","","0","","0","","0","","","","","","","","","","677680","677680","677680","259.606","","0","","","","","0.000","4","4","","3","3","0","0.450","0","0","0","0","0","0","","","","","","1.048","Wed, 02 Oct 2024 13:38:15 GMT","","","","","1.1","","","","","","https://www.bowlerhat.co.uk/wp-content/uploads/2024/10/unnamed-5.gif","2026-07-30 14:26:02"
"https://www.bowlerhat.co.uk/design-website-achieves-business-goals/","text/html; charset=UTF-8","200","OK","Indexable","","How to Design a Website That Achieves Your Business Goals - Bowler Hat","70","656","A site’s design is key in helping a business achieve their marketing goals. Here's what you should consider when designing a marketing-focused website.","151","933","","0","0","","0","How to Design a Website That Achieves Your Business Goals","57","","0","2 Responses","11","Leave a Reply Cancel reply","26","index, follow, max-image-preview:large, max-snippet:-1, max-video-preview:-1","","","https://www.bowlerhat.co.uk/design-website-achieves-business-goals/","","","","","","136970","27717","27717","10.618","","1415","188","7.527","76.750","Fairly Easy","6.896","4","1","","36","17","0","2.520","103","60","0","11","7","0","","","","","94670c8ad6dbb51eb93ab8d61edf59e0","0.078","","","","","en-US","1.1","","","","","","https://www.bowlerhat.co.uk/design-website-achieves-business-goals/","2026-07-30 14:26:03"
"https://www.bowlerhat.co.uk/wordpress-plugins-speed-development-website/","text/html; charset=UTF-8","200","OK","Indexable","","5 WordPress Plugins To Speed Up Development of Your Site | Bowler Hat","69","649","These top 5 WordPress plugins will help you speed up the development of your WordPress website to help you reach that deadline faster.","134","840","","0","0","","0","Top 5 WordPress Plugins That Will Speed Up Development of Your Website","70","","0","Leave a Reply Cancel reply","26","","0","index, follow, max-image-preview:large, max-snippet:-1, max-video-preview:-1","","","https://www.bowlerhat.co.uk/wordpress-plugins-speed-development-website/","","","","","","130114","25522","25522","9.777","","858","121","7.091","74.611","Fairly Easy","4.820","4","1","","31","16","0","2.370","86","51","0","15","11","0","","","","","9a89a4cd89a00947b1b39df4e8c20540","0.065","","","","","en-US","1.1","","","","","","https://www.bowlerhat.co.uk/wordpress-plugins-speed-development-website/","2026-07-30 14:26:03"
"https://www.bowlerhat.co.uk/wp-content/uploads/2017/07/Bowler-Hat-Blog-Post-1.png","image/png","200","OK","Indexable","","","0","0","","0","0","","0","0","","0","","0","","0","","0","","0","","","","","","","","","","24956","24956","24956","9.560","","0","","","","","0.000","4","4","","0","0","0","0.000","0","0","0","0","0","0","","","","","","0.059","Mon, 25 Apr 2022 14:45:21 GMT","","","","","1.1","","","","","","https://www.bowlerhat.co.uk/wp-content/uploads/2017/07/Bowler-Hat-Blog-Post-1.png","2026-07-30 14:26:03"
"https://www.bowlerhat.co.uk/wp-content/uploads/2017/07/Capture1.png","image/png","200","OK","Indexable","","","0","0","","0","0","","0","0","","0","","0","","0","","0","","0","","","","","","","","","","144879","144879","144879","55.500","","0","","","","","0.000","4","4","","0","0","0","0.000","0","0","0","0","0","0","","","","","","0.028","Mon, 25 Apr 2022 14:45:21 GMT","","","","","1.1","","","","","","https://www.bowlerhat.co.uk/wp-content/uploads/2017/07/Capture1.png","2026-07-30 14:26:03"
"https://www.bowlerhat.co.uk/wp-content/uploads/2017/07/Capture.png","image/png","200","OK","Indexable","","","0","0","","0","0","","0","0","","0","","0","","0","","0","","0","","","","","","","","","","71443","71443","71443","27.368","","0","","","","","0.000","4","4","","0","0","0","0.000","0","0","0","0","0","0","","","","","","0.054","Mon, 25 Apr 2022 14:45:21 GMT","","","","","1.1","","","","","","https://www.bowlerhat.co.uk/wp-content/uploads/2017/07/Capture.png","2026-07-30 14:26:03"
"https://www.bowlerhat.co.uk/2017/07/21/","text/html; charset=UTF-8","200","OK","Non-Indexable","noindex","July 21, 2017 - Bowler Hat","26","230","","0","0","","0","0","","0","","0","","0","July 21, 2017","13","","0","noindex, follow","","","","","","","","","107767","20361","20361","7.800","","139","27","5.148","89.013","Easy","1.921","4","3","","4","2","0","0.300","68","37","0","8","4","0","","","","","39084bb2f636a6f70008cfe8f95ed151","0.059","Thu, 30 Jul 2026 13:22:21 GMT","","","","en-US","1.1","","","","","","https://www.bowlerhat.co.uk/2017/07/21/","2026-07-30 14:26:03"
"https://www.bowlerhat.co.uk/wp-content/uploads/2017/04/mountain-bikes.png","image/png","200","OK","Indexable","","","0","0","","0","0","","0","0","","0","","0","","0","","0","","0","","","","","","","","","","63487","63487","63487","24.321","","0","","","","","0.000","4","4","","0","0","0","0.000","0","0","0","0","0","0","","","","","","0.062","Mon, 25 Apr 2022 14:45:21 GMT","","","","","1.1","","","","","","https://www.bowlerhat.co.uk/wp-content/uploads/2017/04/mountain-bikes.png","2026-07-30 14:26:03"
"https://www.bowlerhat.co.uk/resources/","text/html; charset=UTF-8","301","Moved Permanently","Non-Indexable","Redirected","","0","0","","0","0","","0","0","","0","","0","","0","","0","","0","","","","","","","","","","0","0","0","0.000","","0","","","","","0.000","4","1","","1","1","0","0.150","0","0","0","0","0","0","","","","","","0.059","","https://www.bowlerhat.co.uk/resources-master-seo/","HTTP Redirect","","","1.1","","","","","","https://www.bowlerhat.co.uk/resources/","2026-07-30 14:26:03"
"https://www.bowlerhat.co.uk/tag/online-advertising/","text/html; charset=UTF-8","200","OK","Indexable","","online advertising Archives - Bowler Hat","40","354","","0","0","","0","0","","0","","0","","0","online advertising","18","","0","index, follow, max-image-preview:large, max-snippet:-1, max-video-preview:-1","","","https://www.bowlerhat.co.uk/tag/online-advertising/","","","","","","116120","21369","21369","8.186","","266","45","5.911","80.296","Easy","2.441","4","2","","7","5","0","0.740","77","40","0","8","4","0","","","","","6ab3a47f6d8a3df42bd32951d9699b4a","0.033","Thu, 30 Jul 2026 13:22:21 GMT","","","","en-US","1.1","","","","","","https://www.bowlerhat.co.uk/tag/online-advertising/","2026-07-30 14:26:03"
"https://www.bowlerhat.co.uk/2017/04/21/","text/html; charset=UTF-8","200","OK","Non-Indexable","noindex","April 21, 2017 - Bowler Hat","27","235","","0","0","","0","0","","0","","0","","0","April 21, 2017","14","","0","noindex, follow","","","","","","","","","107865","20338","20338","7.791","","138","27","5.111","82.717","Easy","1.921","4","3","","4","2","0","0.300","68","37","0","8","4","0","","","","","fa27edb8f1f718eacf89068fb09a4909","0.054","Thu, 30 Jul 2026 13:22:21 GMT","","","","en-US","1.1","","","","","","https://www.bowlerhat.co.uk/2017/04/21/","2026-07-30 14:26:03"
"https://www.bowlerhat.co.uk/wp-content/uploads/2017/10/slideshow-ads.png","image/png","200","OK","Indexable","","","0","0","","0","0","","0","0","","0","","0","","0","","0","","0","","","","","","","","","","248456","248456","248456","95.179","","0","","","","","0.000","4","4","","0","0","0","0.000","0","0","0","0","0","0","","","","","","0.023","Mon, 25 Apr 2022 14:45:21 GMT","","","","","1.1","","","","","","https://www.bowlerhat.co.uk/wp-content/uploads/2017/10/slideshow-ads.png","2026-07-30 14:26:03"
"https://www.bowlerhat.co.uk/wp-content/uploads/2017/04/virtual-office-birmingham.png","image/png","200","OK","Indexable","","","0","0","","0","0","","0","0","","0","","0","","0","","0","","0","","","","","","","","","","88842","88842","88842","34.034","","0","","","","","0.000","4","4","","0","0","0","0.000","0","0","0","0","0","0","","","","","","0.056","Mon, 25 Apr 2022 14:45:21 GMT","","","","","1.1","","","","","","https://www.bowlerhat.co.uk/wp-content/uploads/2017/04/virtual-office-birmingham.png","2026-07-30 14:26:03"
"https://www.bowlerhat.co.uk/wp-content/uploads/2017/10/video-ad.png","image/png","200","OK","Indexable","","","0","0","","0","0","","0","0","","0","","0","","0","","0","","0","","","","","","","","","","103916","103916","103916","39.808","","0","","","","","0.000","4","4","","0","0","0","0.000","0","0","0","0","0","0","","","","","","0.022","Mon, 25 Apr 2022 14:45:21 GMT","","","","","1.1","","","","","","https://www.bowlerhat.co.uk/wp-content/uploads/2017/10/video-ad.png","2026-07-30 14:26:03"
"https://www.bowlerhat.co.uk/wp-content/uploads/2017/10/collection-ads.png","image/png","200","OK","Indexable","","","0","0","","0","0","","0","0","","0","","0","","0","","0","","0","","","","","","","","","","138964","138964","138964","53.234","","0","","","","","0.000","4","4","","0","0","0","0.000","0","0","0","0","0","0","","","","","","0.046","Mon, 25 Apr 2022 14:45:21 GMT","","","","","1.1","","","","","","https://www.bowlerhat.co.uk/wp-content/uploads/2017/10/collection-ads.png","2026-07-30 14:26:03"
"https://www.bowlerhat.co.uk/wp-content/uploads/2017/10/lead-gen-ad.png","image/png","200","OK","Indexable","","","0","0","","0","0","","0","0","","0","","0","","0","","0","","0","","","","","","","","","","60628","60628","60628","23.225","","0","","","","","0.000","4","4","","0","0","0","0.000","0","0","0","0","0","0","","","","","","0.066","Mon, 25 Apr 2022 14:45:21 GMT","","","","","1.1","","","","","","https://www.bowlerhat.co.uk/wp-content/uploads/2017/10/lead-gen-ad.png","2026-07-30 14:26:03"
"https://www.bowlerhat.co.uk/wp-content/uploads/2017/10/link-ads.png","image/png","200","OK","Indexable","","","0","0","","0","0","","0","0","","0","","0","","0","","0","","0","","","","","","","","","","217736","217736","217736","83.411","","0","","","","","0.000","4","4","","0","0","0","0.000","0","0","0","0","0","0","","","","","","0.046","Mon, 25 Apr 2022 14:45:21 GMT","","","","","1.1","","","","","","https://www.bowlerhat.co.uk/wp-content/uploads/2017/10/link-ads.png","2026-07-30 14:26:03"
"https://www.bowlerhat.co.uk/wp-content/uploads/2017/10/facebook-ad-placements-1.png","image/png","200","OK","Indexable","","","0","0","","0","0","","0","0","","0","","0","","0","","0","","0","","","","","","","","","","11695","11695","11695","4.480","","0","","","","","0.000","4","4","","0","0","0","0.000","0","0","0","0","0","0","","","","","","0.041","Mon, 25 Apr 2022 14:45:21 GMT","","","","","1.1","","","","","","https://www.bowlerhat.co.uk/wp-content/uploads/2017/10/facebook-ad-placements-1.png","2026-07-30 14:26:03"
"https://www.bowlerhat.co.uk/wp-content/uploads/2017/10/canvas-ad.png","image/png","200","OK","Indexable","","","0","0","","0","0","","0","0","","0","","0","","0","","0","","0","","","","","","","","","","271427","271427","271427","103.979","","0","","","","","0.000","4","4","","0","0","0","0.000","0","0","0","0","0","0","","","","","","0.064","Mon, 25 Apr 2022 14:45:21 GMT","","","","","1.1","","","","","","https://www.bowlerhat.co.uk/wp-content/uploads/2017/10/canvas-ad.png","2026-07-30 14:26:04"
"https://www.bowlerhat.co.uk/tag/social-media/","text/html; charset=UTF-8","200","OK","Indexable","","social media Archives - Bowler Hat","34","309","","0","0","","0","0","","0","","0","","0","social media","12","","0","index, follow, max-image-preview:large, max-snippet:-1, max-video-preview:-1","","","https://www.bowlerhat.co.uk/tag/social-media/","https://www.bowlerhat.co.uk/tag/social-media/page/2/","","","","","129645","22830","22830","8.746","","482","76","6.342","77.886","Fairly Easy","3.126","4","2","","15","12","0","1.780","94","46","0","8","4","0","","","","","d8dfc7b33a744364caee65a15a45fef8","0.054","Thu, 30 Jul 2026 13:22:23 GMT","","","","en-US","1.1","","","","","","https://www.bowlerhat.co.uk/tag/social-media/","2026-07-30 14:26:03"
"https://www.bowlerhat.co.uk/wp-content/uploads/2017/10/dynamic-ad.png","image/png","200","OK","Indexable","","","0","0","","0","0","","0","0","","0","","0","","0","","0","","0","","","","","","","","","","276104","276104","276104","105.770","","0","","","","","0.000","4","4","","0","0","0","0.000","0","0","0","0","0","0","","","","","","0.032","Mon, 25 Apr 2022 14:45:21 GMT","","","","","1.1","","","","","","https://www.bowlerhat.co.uk/wp-content/uploads/2017/10/dynamic-ad.png","2026-07-30 14:26:04"
"https://www.bowlerhat.co.uk/sign-up-to-our-newsletter-why-why-why/","text/html; charset=UTF-8","200","OK","Indexable","","Sign up to our newsletter - why, why, why? | Bowler Hat","55","484","Understanding your site visitors and the context of the visit is crucial in developing a strategy to drive more email sign ups and building your list.","150","880","","0","0","","0","Sign Up To Our Newsletter – Why, Why, Why?","42","","0","Leave a Reply Cancel reply","26","","0","index, follow, max-image-preview:large, max-snippet:-1, max-video-preview:-1","","","https://www.bowlerhat.co.uk/sign-up-to-our-newsletter-why-why-why/","","","","","","130392","26277","26277","10.066","","1282","173","7.410","85.876","Easy","6.282","4","1","","24","13","0","1.930","75","42","0","8","4","0","","","","","4307f83b9c5df06eeb1abbaf5ccdb2e7","0.297","","","","","en-US","1.1","","","","","","https://www.bowlerhat.co.uk/sign-up-to-our-newsletter-why-why-why/","2026-07-30 14:26:03"
"https://www.bowlerhat.co.uk/wp-content/uploads/2017/10/14129663_169310993496011_788355809_n.gif","image/gif","200","OK","Indexable","","","0","0","","0","0","","0","0","","0","","0","","0","","0","","0","","","","","","","","","","1139052","1139052","1139052","436.349","","0","","","","","0.000","4","4","","0","0","0","0.000","0","0","0","0","0","0","","","","","","0.034","Mon, 25 Apr 2022 14:45:21 GMT","","","","","1.1","","","","","","https://www.bowlerhat.co.uk/wp-content/uploads/2017/10/14129663_169310993496011_788355809_n.gif","2026-07-30 14:26:04"
"https://www.bowlerhat.co.uk/bulk-redirects-wordpress/","text/html; charset=UTF-8","200","OK","Indexable","","How To Do Bulk Redirects in WordPress | Bowler Hat","50","466","This article highlights the best and most effective way to do bulk redirects in WordPress in 5 simple steps to save time and make your job easier.","146","881","","0","0","","0","How To Do Bulk Redirects in WordPress","37","","0","Introduction","12","Method 1 – Redirection Plugin","29","index, follow, max-image-preview:large, max-snippet:-1, max-video-preview:-1","","","https://www.bowlerhat.co.uk/bulk-redirects-wordpress/","","","","","","134728","26814","26814","10.272","","1590","278","5.719","78.174","Fairly Easy","7.966","4","1","","27","10","0","1.480","79","46","0","10","6","0","","","","","ce4ba3622cad74cff4f2966cc5e95bd6","0.067","","","","","en-US","1.1","","","","","","https://www.bowlerhat.co.uk/bulk-redirects-wordpress/","2026-07-30 14:26:04"
"https://www.bowlerhat.co.uk/2017/10/23/","text/html; charset=UTF-8","200","OK","Non-Indexable","noindex","October 23, 2017 - Bowler Hat","29","265","","0","0","","0","0","","0","","0","","0","October 23, 2017","16","","0","noindex, follow","","","","","","","","","108270","20432","20432","7.827","","144","27","5.333","83.334","Easy","1.954","4","3","","4","2","0","0.300","68","37","0","8","4","0","","","","","376a01540e88cbce54e9792413d956cb","0.048","Thu, 30 Jul 2026 13:22:23 GMT","","","","en-US","1.1","","","","","","https://www.bowlerhat.co.uk/2017/10/23/","2026-07-30 14:26:04"
"https://www.bowlerhat.co.uk/make-ctas-effective/","text/html; charset=UTF-8","200","OK","Indexable","","How to Make Your CTAs Effective, Not Irritating - Bowler Hat","60","536","Popovers and CTAs can be incredibly effective, however, it all comes down to how you choose to use them. Here are three key things to consider.","143","888","","0","0","","0","How to Make Your CTAs Effective, Not Irritating","47","","0","Leave a Reply Cancel reply","26","","0","index, follow, max-image-preview:large, max-snippet:-1, max-video-preview:-1","","","https://www.bowlerhat.co.uk/make-ctas-effective/","","","","","","129519","25899","25899","9.921","","1046","148","7.068","84.974","Easy","5.443","4","1","","38","23","0","3.410","80","46","0","11","7","0","","","","","248d5b97c2e739d167281ab72e82112c","0.083","","","","","en-US","1.1","","","","","","https://www.bowlerhat.co.uk/make-ctas-effective/","2026-07-30 14:26:04"
"https://www.bowlerhat.co.uk/wp-content/uploads/2017/10/photo-ad.png","image/png","200","OK","Indexable","","","0","0","","0","0","","0","0","","0","","0","","0","","0","","0","","","","","","","","","","125494","125494","125494","48.074","","0","","","","","0.000","4","4","","0","0","0","0.000","0","0","0","0","0","0","","","","","","0.026","Mon, 25 Apr 2022 14:45:21 GMT","","","","","1.1","","","","","","https://www.bowlerhat.co.uk/wp-content/uploads/2017/10/photo-ad.png","2026-07-30 14:26:04"
"https://www.bowlerhat.co.uk/how-important-are-links-for-seo/","text/html; charset=UTF-8","200","OK","Indexable","","How important are links for SEO? - Bowler Hat","45","408","In the post Panda landscape just how important are links for SEO? Let me help you out, very important but you need the right kind of links.","139","848","","0","0","","0","How important are links for SEO?","32","","0","Leave a Reply Cancel reply","26","","0","index, follow, max-image-preview:large, max-snippet:-1, max-video-preview:-1","","","https://www.bowlerhat.co.uk/how-important-are-links-for-seo/","","","","","","129382","26193","26193","10.034","","1282","156","8.218","81.096","Easy","6.494","4","1","","18","10","0","1.480","78","41","0","8","4","0","","","","","6f601acd04df171cf2b875b60a2f997f","0.068","","","","","en-US","1.1","","","","","","https://www.bowlerhat.co.uk/how-important-are-links-for-seo/","2026-07-30 14:26:04"
"https://www.bowlerhat.co.uk/unnatural-links-penalty/","text/html; charset=UTF-8","200","OK","Indexable","","Unnatural Links & Techniques outside Google's Webmaster Guidelines","66","624","What to do if you get an unnatural link penalty and tips in putting together a reconsideration request and digging yourself out the hole.","137","825","","0","0","","0","Unnatural Links & Techniques outside Google’s Webmaster Guidelines","66","","0","","0","2 Responses","11","index, follow, max-image-preview:large, max-snippet:-1, max-video-preview:-1","","","https://www.bowlerhat.co.uk/unnatural-links-penalty/","","","","","","139395","29597","29597","11.338","","2354","283","8.318","84.574","Easy","10.278","4","1","","17","6","0","0.890","81","43","0","16","12","0","","","","","fb5b3b7a1860c5d0f892b2cdfe564837","0.065","","","","","en-US","1.1","","","","","","https://www.bowlerhat.co.uk/unnatural-links-penalty/","2026-07-30 14:26:04"
"https://www.bowlerhat.co.uk/wp-content/uploads/2018/03/Capture.jpg","image/jpeg","200","OK","Indexable","","","0","0","","0","0","","0","0","","0","","0","","0","","0","","0","","","","","","","","","","75996","75996","75996","29.113","","0","","","","","0.000","4","4","","0","0","0","0.000","0","0","0","0","0","0","","","","","","0.037","Mon, 25 Apr 2022 14:45:21 GMT","","","","","1.1","","","","","","https://www.bowlerhat.co.uk/wp-content/uploads/2018/03/Capture.jpg","2026-07-30 14:26:04"
"https://www.bowlerhat.co.uk/wp-content/uploads/2018/03/funny-penguin-seo-meme.jpg","image/jpeg","200","OK","Indexable","","","0","0","","0","0","","0","0","","0","","0","","0","","0","","0","","","","","","","","","","45921","45921","45921","17.591","","0","","","","","0.000","4","4","","0","0","0","0.000","0","0","0","0","0","0","","","","","","0.066","Mon, 25 Apr 2022 14:45:21 GMT","","","","","1.1","","","","","","https://www.bowlerhat.co.uk/wp-content/uploads/2018/03/funny-penguin-seo-meme.jpg","2026-07-30 14:26:04"
"https://www.bowlerhat.co.uk/author/amrita-aujla/","text/html; charset=UTF-8","200","OK","Indexable","","Amrita Aujla, Author at Bowler Hat","34","306","","0","0","","0","0","","0","","0","","0","Amrita Aujla","12","","0","index, follow, max-image-preview:large, max-snippet:-1, max-video-preview:-1","","","https://www.bowlerhat.co.uk/author/amrita-aujla/","","","","","","109483","20744","20744","7.947","","139","27","5.148","86.578","Easy","1.888","4","2","","7","2","0","0.300","68","37","0","8","4","0","","","","","6ce47fc0e0005e62faaf3dedf3f8dbe6","0.051","Thu, 30 Jul 2026 13:22:22 GMT","","","","en-US","1.1","","","","","","https://www.bowlerhat.co.uk/author/amrita-aujla/","2026-07-30 14:26:04"
"https://www.bowlerhat.co.uk/recovering-from-a-google-penguin-attack/","text/html; charset=UTF-8","200","OK","Indexable","","Recovering from a Google Penguin Attack - Bowler Hat","52","486","Some thoughts on the Penguin update and some tips on how to recover if the penguin has paid you a visit and left you out in the cold.","133","820","","0","0","","0","Recovering from a Google Penguin Attack","39","","0","Leave a Reply Cancel reply","26","","0","index, follow, max-image-preview:large, max-snippet:-1, max-video-preview:-1","","","https://www.bowlerhat.co.uk/recovering-from-a-google-penguin-attack/","","","","","","130554","26920","26920","10.313","","1444","183","7.891","80.128","Easy","7.175","4","1","","14","6","0","0.890","74","41","0","13","9","0","","","","","b2bc5a45c8d8958a50aa6f54b13c45e7","0.084","","","","","en-US","1.1","","","","","","https://www.bowlerhat.co.uk/recovering-from-a-google-penguin-attack/","2026-07-30 14:26:04"
"https://www.bowlerhat.co.uk/services/seo/link-authority-building/","text/html; charset=UTF-8","301","Moved Permanently","Non-Indexable","Redirected","","0","0","","0","0","","0","0","","0","","0","","0","","0","","0","","","","","","","","","","0","0","0","0.000","","0","","","","","0.000","4","3","","4","3","0","0.450","0","0","0","0","0","0","","","","","","0.025","","https://www.bowlerhat.co.uk/services/seo/","HTTP Redirect","","","1.1","","","","","","https://www.bowlerhat.co.uk/services/seo/link-authority-building/","2026-07-30 14:26:04"
"https://www.bowlerhat.co.uk/wp-content/uploads/2018/03/googlecharta.jpg","image/jpeg","200","OK","Indexable","","","0","0","","0","0","","0","0","","0","","0","","0","","0","","0","","","","","","","","","","23028","23028","23028","8.822","","0","","","","","0.000","4","4","","0","0","0","0.000","0","0","0","0","0","0","","","","","","0.034","Mon, 25 Apr 2022 14:45:21 GMT","","","","","1.1","","","","","","https://www.bowlerhat.co.uk/wp-content/uploads/2018/03/googlecharta.jpg","2026-07-30 14:26:04"
"https://www.bowlerhat.co.uk/how-not-to-build-links/","text/html; charset=UTF-8","200","OK","Indexable","","How Not To Build Links for SEO - Bowler Hat","43","392","An overview of the kind of linking practices that fall outside of the Google Webmaster Guidelines and may hurt your site and trigger an algorithmic penalty.","156","947","","0","0","","0","How Not To Build Links for SEO","30","","0","Leave a Reply Cancel reply","26","","0","index, follow, max-image-preview:large, max-snippet:-1, max-video-preview:-1","","","https://www.bowlerhat.co.uk/how-not-to-build-links/","","","","","","126557","25219","25219","9.661","","853","120","7.108","86.456","Easy","4.740","4","1","","14","7","0","1.040","77","43","0","10","6","0","","","","","ae668bc201e95fe849e5462cfc8b82af","0.079","","","","","en-US","1.1","","","","","","https://www.bowlerhat.co.uk/how-not-to-build-links/","2026-07-30 14:26:04"
"https://www.bowlerhat.co.uk/wp-content/uploads/2018/03/f2d3afc6052e2958843bc7f8f56101f2-the-funniest-meme.jpg","image/jpeg","200","OK","Indexable","","","0","0","","0","0","","0","0","","0","","0","","0","","0","","0","","","","","","","","","","12732","12732","12732","4.877","","0","","","","","0.000","4","4","","0","0","0","0.000","0","0","0","0","0","0","","","","","","0.033","Mon, 25 Apr 2022 14:45:21 GMT","","","","","1.1","","","","","","https://www.bowlerhat.co.uk/wp-content/uploads/2018/03/f2d3afc6052e2958843bc7f8f56101f2-the-funniest-meme.jpg","2026-07-30 14:26:05"
"https://www.bowlerhat.co.uk/penguin-diagnosis-and-recovery-strategy/","text/html; charset=UTF-8","200","OK","Indexable","","Penguin - Diagnosis and Recovery Strategies - Bowler Hat","56","511","A couple of months in we are now seeing Penguin recovery strategies and with a little hard work, often, you can put things straight.","132","805","","0","0","","0","Penguin – Diagnosis and Recovery Strategies","43","","0","Leave a Reply Cancel reply","26","","0","index, follow, max-image-preview:large, max-snippet:-1, max-video-preview:-1","","","https://www.bowlerhat.co.uk/penguin-diagnosis-and-recovery-strategy/","","","","","","133888","27678","27678","10.603","","1886","211","8.938","84.006","Easy","8.663","4","1","","24","15","0","2.230","76","41","0","10","6","0","","","","","1e7b711912c89841dbbe6359a5439000","0.083","","","","","en-US","1.1","","","","","","https://www.bowlerhat.co.uk/penguin-diagnosis-and-recovery-strategy/","2026-07-30 14:26:05"
"https://www.bowlerhat.co.uk/2018/03/23/","text/html; charset=UTF-8","200","OK","Non-Indexable","noindex","March 23, 2018 - Bowler Hat","27","250","","0","0","","0","0","","0","","0","","0","March 23, 2018","14","","0","noindex, follow","","","","","","","","","107986","20385","20385","7.809","","140","27","5.185","89.779","Easy","1.916","4","3","","4","2","0","0.300","68","37","0","8","4","0","","","","","cbf89233a0833b86f69f83a5202fd15d","0.035","Thu, 30 Jul 2026 13:22:22 GMT","","","","en-US","1.1","","","","","","https://www.bowlerhat.co.uk/2018/03/23/","2026-07-30 14:26:05"
"https://www.bowlerhat.co.uk/google-panda-problems-and-solutions/","text/html; charset=UTF-8","200","OK","Indexable","","Google Panda - Problems and Solutions - Bowler Hat","50","467","Understand how Google Panda may be affecting your site and what you can do to ensure you regain any lost rankings or retain ones you have.","138","879","","0","0","","0","Google Panda – Problems and Solutions","37","","0","Leave a Reply Cancel reply","26","","0","index, follow, max-image-preview:large, max-snippet:-1, max-video-preview:-1","","","https://www.bowlerhat.co.uk/google-panda-problems-and-solutions/","","","","","","134047","27844","27844","10.667","","1979","264","7.496","76.922","Fairly Easy","9.318","4","1","","21","12","0","1.780","74","40","0","11","7","0","","","","","c6f79c0cb1fb6234d548b5651a6d96b0","0.057","","","","","en-US","1.1","","","","","","https://www.bowlerhat.co.uk/google-panda-problems-and-solutions/","2026-07-30 14:26:05"
"https://www.bowlerhat.co.uk/2012/11/16/","text/html; charset=UTF-8","200","OK","Non-Indexable","noindex","November 16, 2012 - Bowler Hat","30","287","","0","0","","0","0","","0","","0","","0","November 16, 2012","17","","0","noindex, follow","","","","","","","","","107512","20284","20284","7.770","","139","26","5.346","82.117","Easy","1.951","4","3","","4","2","0","0.300","68","37","0","8","4","0","","","","","ba547e4eb062f62a4d7bd7c79dd143df","0.046","Thu, 30 Jul 2026 13:22:23 GMT","","","","en-US","1.1","","","","","","https://www.bowlerhat.co.uk/2012/11/16/","2026-07-30 14:26:05"
"https://www.bowlerhat.co.uk/wp2/wp-content/uploads/2012/11/blended-1.jpg","image/jpeg","200","OK","Indexable","","","0","0","","0","0","","0","0","","0","","0","","0","","0","","0","","","","","","","","","","157976","157976","157976","60.518","","0","","","","","0.000","4","5","","0","0","0","0.000","0","0","0","0","0","0","","","","","","0.028","Mon, 25 Apr 2022 14:45:19 GMT","","","","","1.1","","","","","","https://www.bowlerhat.co.uk/wp2/wp-content/uploads/2012/11/blended-1.jpg","2026-07-30 14:26:05"
"https://www.bowlerhat.co.uk/wp2/wp-content/uploads/2012/11/blended-local-image.jpg","image/jpeg","200","OK","Indexable","","","0","0","","0","0","","0","0","","0","","0","","0","","0","","0","","","","","","","","","","182428","182428","182428","69.885","","0","","","","","0.000","4","5","","0","0","0","0.000","0","0","0","0","0","0","","","","","","0.058","Mon, 25 Apr 2022 14:45:19 GMT","","","","","1.1","","","","","","https://www.bowlerhat.co.uk/wp2/wp-content/uploads/2012/11/blended-local-image.jpg","2026-07-30 14:26:05"
"https://www.bowlerhat.co.uk/how-much-does-seo-cost/","text/html; charset=UTF-8","200","OK","Indexable","","How Much Does SEO Cost? - Bowler Hat","36","355","How much does SEO cost? Heck of a question and not one with an easy answer. This article explains what you need to know to get a price for your SEO.","148","934","","0","0","","0","How Much Does SEO Cost?","23","","0","Leave a Reply Cancel reply","26","","0","index, follow, max-image-preview:large, max-snippet:-1, max-video-preview:-1","","","https://www.bowlerhat.co.uk/how-much-does-seo-cost/","","","","","","131463","27206","27206","10.422","","1819","202","9.005","88.399","Easy","8.292","4","1","","12","5","0","0.740","74","40","0","9","5","0","","","","","a707b6fcd2627af670bfc66e397e8f48","0.078","","","","","en-US","1.1","","","","","","https://www.bowlerhat.co.uk/how-much-does-seo-cost/","2026-07-30 14:26:05"
"https://www.bowlerhat.co.uk/wp-content/uploads/2019/11/Search-Advertising-with-PPC-an-overview.jpg","image/jpeg","200","OK","Indexable","","","0","0","","0","0","","0","0","","0","","0","","0","","0","","0","","","","","","","","","","85724","85724","85724","32.839","","0","","","","","0.000","4","4","","0","0","0","0.000","0","0","0","0","0","0","","","","","","0.052","Mon, 25 Apr 2022 14:45:20 GMT","","","","","1.1","","","","","","https://www.bowlerhat.co.uk/wp-content/uploads/2019/11/Search-Advertising-with-PPC-an-overview.jpg","2026-07-30 14:26:05"
"https://www.bowlerhat.co.uk/google-ads-ppc-roofers/","text/html; charset=UTF-8","200","OK","Indexable","","Google Ads PPC for Roofers - 7 Tips to Improve Results - Bowler Hat","67","606","Google Ads is a powerful way to promote your roofing business. We look at 7 tips to help you save money and generate more return from your ad spend.","148","936","","0","0","","0","Google Ads PPC for Roofers – 7 Tips to Improve Results","54","","0","Tip 1 – Optimise Account Structure","34","Tip 2 – Split Ad Groups by Keyword Match Type","45","index, follow, max-image-preview:large, max-snippet:-1, max-video-preview:-1","","","https://www.bowlerhat.co.uk/google-ads-ppc-roofers/","","","","","","141699","29080","29080","11.140","","2295","293","7.833","75.689","Fairly Easy","10.293","4","1","","24","9","0","1.340","83","46","0","17","6","0","","","","","a89a173b63927e09066a403ca0d7ea49","0.040","","","","","en-US","1.1","","","","","","https://www.bowlerhat.co.uk/google-ads-ppc-roofers/","2026-07-30 14:26:05"
"https://www.bowlerhat.co.uk/wp-content/uploads/2017/04/Online-Advertising-What-Are-Your-Options_.jpg","image/jpeg","200","OK","Indexable","","","0","0","","0","0","","0","0","","0","","0","","0","","0","","0","","","","","","","","","","84989","84989","84989","32.558","","0","","","","","0.000","4","4","","0","0","0","0.000","0","0","0","0","0","0","","","","","","0.031","Mon, 25 Apr 2022 14:45:21 GMT","","","","","1.1","","","","","","https://www.bowlerhat.co.uk/wp-content/uploads/2017/04/Online-Advertising-What-Are-Your-Options_.jpg","2026-07-30 14:26:05"
"https://www.bowlerhat.co.uk/wp-content/uploads/2017/04/Search-Advertising-with-PPC-an-overview.jpg","image/jpeg","200","OK","Indexable","","","0","0","","0","0","","0","0","","0","","0","","0","","0","","0","","","","","","","","","","85724","85724","85724","32.839","","0","","","","","0.000","4","4","","0","0","0","0.000","0","0","0","0","0","0","","","","","","0.045","Mon, 25 Apr 2022 14:45:21 GMT","","","","","1.1","","","","","","https://www.bowlerhat.co.uk/wp-content/uploads/2017/04/Search-Advertising-with-PPC-an-overview.jpg","2026-07-30 14:26:05"
"https://www.bowlerhat.co.uk/tag/digital-marketing/page/6/","text/html; charset=UTF-8","200","OK","Indexable","","digital marketing Archives - Page 6 of 6 - Bowler Hat","53","464","","0","0","","0","0","","0","","0","","0","digital marketing","17","","0","index, follow, max-image-preview:large, max-snippet:-1, max-video-preview:-1","","","https://www.bowlerhat.co.uk/tag/digital-marketing/page/6/","","https://www.bowlerhat.co.uk/tag/digital-marketing/page/5/","","","","119421","21856","21856","8.373","","302","51","5.922","82.329","Easy","2.551","4","4","","9","6","0","0.890","84","44","0","8","4","0","","","","","3cc05931d7ee18ef24572d836b53d793","0.049","Thu, 30 Jul 2026 13:22:24 GMT","","","","en-US","1.1","","","","","","https://www.bowlerhat.co.uk/tag/digital-marketing/page/6/","2026-07-30 14:26:05"
"https://www.bowlerhat.co.uk/wp-content/uploads/2018/10/How-much-does-SEO-cost.jpg","image/jpeg","200","OK","Indexable","","","0","0","","0","0","","0","0","","0","","0","","0","","0","","0","","","","","","","","","","58771","58771","58771","22.514","","0","","","","","0.000","4","4","","0","0","0","0.000","0","0","0","0","0","0","","","","","","0.050","Mon, 25 Apr 2022 14:45:20 GMT","","","","","1.1","","","","","","https://www.bowlerhat.co.uk/wp-content/uploads/2018/10/How-much-does-SEO-cost.jpg","2026-07-30 14:26:05"
"https://www.bowlerhat.co.uk/tag/digital-marketing/page/3/","text/html; charset=UTF-8","200","OK","Indexable","","digital marketing Archives - Page 3 of 6 - Bowler Hat","53","464","","0","0","","0","0","","0","","0","","0","digital marketing","17","","0","index, follow, max-image-preview:large, max-snippet:-1, max-video-preview:-1","","","https://www.bowlerhat.co.uk/tag/digital-marketing/page/3/","https://www.bowlerhat.co.uk/tag/digital-marketing/page/4/","https://www.bowlerhat.co.uk/tag/digital-marketing/page/2/","","","","130749","23041","23041","8.827","","478","75","6.373","79.838","Fairly Easy","3.129","4","4","","9","5","0","0.740","99","50","0","8","4","0","","","","","10cf59b73786346b9fa4a2e347bc3562","0.034","Thu, 30 Jul 2026 13:22:24 GMT","","","","en-US","1.1","","","","","","https://www.bowlerhat.co.uk/tag/digital-marketing/page/3/","2026-07-30 14:26:05"
"https://www.bowlerhat.co.uk/tag/digital-marketing/page/2/","text/html; charset=UTF-8","200","OK","Indexable","","digital marketing Archives - Page 2 of 6 - Bowler Hat","53","464","","0","0","","0","0","","0","","0","","0","digital marketing","17","","0","index, follow, max-image-preview:large, max-snippet:-1, max-video-preview:-1","","","https://www.bowlerhat.co.uk/tag/digital-marketing/page/2/","https://www.bowlerhat.co.uk/tag/digital-marketing/page/3/","https://www.bowlerhat.co.uk/tag/digital-marketing/","","","","129278","23128","23128","8.860","","479","81","5.914","89.034","Easy","3.100","4","4","","8","4","0","0.590","98","48","0","8","4","0","","","","","3fb532d4e3fa02e119367a5482da339d","0.049","Thu, 30 Jul 2026 13:22:24 GMT","","","","en-US","1.1","","","","","","https://www.bowlerhat.co.uk/tag/digital-marketing/page/2/","2026-07-30 14:26:05"
"https://www.bowlerhat.co.uk/tag/cta/","text/html; charset=UTF-8","200","OK","Indexable","","CTA Archives - Bowler Hat","25","234","","0","0","","0","0","","0","","0","","0","CTA","3","","0","index, follow, max-image-preview:large, max-snippet:-1, max-video-preview:-1","","","https://www.bowlerhat.co.uk/tag/cta/","","","","","","110475","20738","20738","7.944","","176","32","5.500","84.447","Easy","2.059","4","2","","5","3","0","0.450","71","38","0","8","4","0","","","","","d537348e41a279904fd27c8c86407f71","0.034","Thu, 30 Jul 2026 13:22:23 GMT","","","","en-US","1.1","","","","","","https://www.bowlerhat.co.uk/tag/cta/","2026-07-30 14:26:05"
"https://www.bowlerhat.co.uk/2016/09/16/","text/html; charset=UTF-8","200","OK","Non-Indexable","noindex","September 16, 2016 - Bowler Hat","31","293","","0","0","","0","0","","0","","0","","0","September 16, 2016","18","","0","noindex, follow","","","","","","","","","107466","20277","20277","7.768","","138","26","5.308","86.809","Easy","1.923","4","3","","4","2","0","0.300","68","37","0","8","4","0","","","","","c1593f47861d80132697f4d6ba1cb520","0.026","Thu, 30 Jul 2026 13:22:24 GMT","","","","en-US","1.1","","","","","","https://www.bowlerhat.co.uk/2016/09/16/","2026-07-30 14:26:05"
"https://www.bowlerhat.co.uk/wp-content/uploads/2010/07/Screen-Shot-2017-03-23-at-12.04.03.png","image/png","200","OK","Indexable","","","0","0","","0","0","","0","0","","0","","0","","0","","0","","0","","","","","","","","","","140937","140937","140937","53.990","","0","","","","","0.000","4","4","","0","0","0","0.000","0","0","0","0","0","0","","","","","","0.029","Mon, 25 Apr 2022 14:45:22 GMT","","","","","1.1","","","","","","https://www.bowlerhat.co.uk/wp-content/uploads/2010/07/Screen-Shot-2017-03-23-at-12.04.03.png","2026-07-30 14:26:05"
"https://www.bowlerhat.co.uk/how-to-read-more-books-with-the-10-method/","text/html; charset=UTF-8","200","OK","Indexable","","How To Read More Books With The 10% Method - Bowler Hat","55","542","Books offer so much insight and guidance for marketers but who has time to read? This simple strategy will allow you to easily read three books per month.","154","955","","0","0","","0","How To Read More Books With The 10% Method","42","","0","Leave a Reply Cancel reply","26","","0","index, follow, max-image-preview:large, max-snippet:-1, max-video-preview:-1","","","https://www.bowlerhat.co.uk/how-to-read-more-books-with-the-10-method/","","","","","","126012","24627","24627","9.434","","641","103","6.223","84.375","Easy","3.812","4","1","","15","6","0","0.890","76","42","0","8","4","0","","","","","abc120175b650a2998b4bc9679025554","0.057","","","","","en-US","1.1","","","","","","https://www.bowlerhat.co.uk/how-to-read-more-books-with-the-10-method/","2026-07-30 14:26:05"
"https://www.bowlerhat.co.uk/what-buzzfeed-can-teach-us-about-writing-better-headlines/","text/html; charset=UTF-8","200","OK","Indexable","","What Buzzfeed Can Teach Us About Writing Better Headlines - Bowler Hat","70","658","How you can wildly improve your content marketing efforts by learning from content marketing masters like Buzzfeed.","115","728","","0","0","","0","What Buzzfeed Can Teach Us About Writing Better Headlines","57","","0","Leave a Reply Cancel reply","26","","0","index, follow, max-image-preview:large, max-snippet:-1, max-video-preview:-1","","","https://www.bowlerhat.co.uk/what-buzzfeed-can-teach-us-about-writing-better-headlines/","","","","","","127748","25213","25213","9.659","","779","121","6.438","79.536","Fairly Easy","4.545","4","1","","20","9","0","1.340","75","42","0","9","5","0","","","","","6a58f201cc6943fa30861c9ace8cd735","0.070","","","","","en-US","1.1","","","","","","https://www.bowlerhat.co.uk/what-buzzfeed-can-teach-us-about-writing-better-headlines/","2026-07-30 14:26:06"
"https://www.bowlerhat.co.uk/consistent-branding/","text/html; charset=UTF-8","200","OK","Indexable","","How to Keep Your Branding Consistent Online - Bowler Hat","56","521","Brand consistency and brand recognition come hand in hand and can allow smaller businesses to gain the edge over their larger competitors.","138","869","","0","0","","0","How to Keep Your Branding Consistent Online","43","","0","So How Can You Ensure Your Brand is Consistently Applied Across the Web?","72","Leave a Reply Cancel reply","26","index, follow, max-image-preview:large, max-snippet:-1, max-video-preview:-1","","","https://www.bowlerhat.co.uk/consistent-branding/","","","","","","128446","25252","25252","9.674","","870","121","7.190","73.998","Fairly Easy","4.907","4","1","","31","16","0","2.370","82","48","0","9","5","0","","","","","3e66efc19bd740fab3d821abc2abb8ff","0.051","","","","","en-US","1.1","","","","","","https://www.bowlerhat.co.uk/consistent-branding/","2026-07-30 14:26:06"
"https://www.bowlerhat.co.uk/how-to-target-local-customers/","text/html; charset=UTF-8","200","OK","Indexable","","How to Target Local Customers - Bowler Hat","42","397","Targeting local businesses is easy - if your a local business. But how do you manage this if you are a national or international business? ","139","831","","0","0","","0","How to Target Local Customers","29","","0","One Response","12","Leave a Reply Cancel reply","26","index, follow, max-image-preview:large, max-snippet:-1, max-video-preview:-1","","","https://www.bowlerhat.co.uk/how-to-target-local-customers/","","","","","","131140","26698","26698","10.227","","1323","201","6.582","69.641","Normal","6.980","4","1","","20","11","0","1.630","76","40","0","10","6","0","","","","","ee800efc11c3558d64995380c957d73","0.049","","","","","en-US","1.1","","","","","","https://www.bowlerhat.co.uk/how-to-target-local-customers/","2026-07-30 14:26:06"
"https://www.bowlerhat.co.uk/pros-cons-small-business-using-wordpress/","text/html; charset=UTF-8","200","OK","Indexable","","The Pros and Cons of a Small Business Using WordPress - Bowler Hat","66","620","This post outlines what every small business should consider when deciding whether to build their website in WordPress.","119","741","","0","0","","0","The Pros and Cons of a Small Business Using WordPress","53","","0","","0","Leave a Reply Cancel reply","26","index, follow, max-image-preview:large, max-snippet:-1, max-video-preview:-1","","","https://www.bowlerhat.co.uk/pros-cons-small-business-using-wordpress/","","","","","","133951","26858","26858","10.289","","1481","192","7.714","76.761","Fairly Easy","7.317","4","1","","34","19","0","2.820","89","52","0","11","7","0","","","","","d8097319c1969bf5a2d40e0ac4daba5b","0.066","","","","","en-US","1.1","","","","","","https://www.bowlerhat.co.uk/pros-cons-small-business-using-wordpress/","2026-07-30 14:26:06"
"https://www.bowlerhat.co.uk/2017/04/11/","text/html; charset=UTF-8","200","OK","Non-Indexable","noindex","April 11, 2017 - Bowler Hat","27","235","","0","0","","0","0","","0","","0","","0","April 11, 2017","14","","0","noindex, follow","","","","","","","","","107766","20299","20299","7.776","","138","28","4.929","80.450","Easy","1.945","4","3","","4","2","0","0.300","68","37","0","8","4","0","","","","","f37440ab90e22f8b2acb6aefa93ad01d","0.037","Thu, 30 Jul 2026 13:22:24 GMT","","","","en-US","1.1","","","","","","https://www.bowlerhat.co.uk/2017/04/11/","2026-07-30 14:26:06"
"https://www.bowlerhat.co.uk/wp-content/uploads/2016/10/Making-your-calls-to-action-effective-not-spammy.jpg","image/jpeg","200","OK","Indexable","","","0","0","","0","0","","0","0","","0","","0","","0","","0","","0","","","","","","","","","","78558","78558","78558","30.094","","0","","","","","0.000","4","4","","0","0","0","0.000","0","0","0","0","0","0","","","","","","0.022","Mon, 25 Apr 2022 14:45:21 GMT","","","","","1.1","","","","","","https://www.bowlerhat.co.uk/wp-content/uploads/2016/10/Making-your-calls-to-action-effective-not-spammy.jpg","2026-07-30 14:26:06"
"https://www.bowlerhat.co.uk/wp-content/uploads/2016/10/Website-Generic.jpg","image/jpeg","200","OK","Indexable","","","0","0","","0","0","","0","0","","0","","0","","0","","0","","0","","","","","","","","","","87607","87607","87607","33.561","","0","","","","","0.000","4","4","","0","0","0","0.000","0","0","0","0","0","0","","","","","","0.044","Mon, 25 Apr 2022 14:45:21 GMT","","","","","1.1","","","","","","https://www.bowlerhat.co.uk/wp-content/uploads/2016/10/Website-Generic.jpg","2026-07-30 14:26:06"
"https://www.bowlerhat.co.uk/changes-facebook-news-feed-advertisers/","text/html; charset=UTF-8","200","OK","Indexable","","Changes to the Facebook News Feed for Advertisers | Bowler Hat","62","580","We discuss how the recent changes to Facebook's news feed will impact advertisers. The important thing to note is that ads will not be affected by the coming change and it is business as usual for advertisers. Only organic page reach will really be hit. Facebook is simply becoming more pay to play than it is already.","318","1933","","0","0","","0","How Will Changes To The Facebook News Feed Impact Advertisers?","62","","0","But How Will This Affect Advertisers?","37","Key Points","10","index, follow, max-image-preview:large, max-snippet:-1, max-video-preview:-1","","","https://www.bowlerhat.co.uk/changes-facebook-news-feed-advertisers/","","","","","","133104","27036","27036","10.357","","1322","177","7.469","75.170","Fairly Easy","6.713","4","1","","24","10","0","1.480","77","43","0","11","7","0","","","","","89dd134e6c05ee73e925b1e60baf2065","0.067","","","","","en-US","1.1","","","","","","https://www.bowlerhat.co.uk/changes-facebook-news-feed-advertisers/","2026-07-30 14:26:06"
"https://www.bowlerhat.co.uk/wp-content/uploads/2016/09/Productivity-generic.jpg","image/jpeg","200","OK","Indexable","","","0","0","","0","0","","0","0","","0","","0","","0","","0","","0","","","","","","","","","","76643","76643","76643","29.360","","0","","","","","0.000","4","4","","0","0","0","0.000","0","0","0","0","0","0","","","","","","0.031","Mon, 25 Apr 2022 14:45:21 GMT","","","","","1.1","","","","","","https://www.bowlerhat.co.uk/wp-content/uploads/2016/09/Productivity-generic.jpg","2026-07-30 14:26:06"
"https://www.bowlerhat.co.uk/wp-content/uploads/2016/09/banner-ads.jpg","image/jpeg","200","OK","Indexable","","","0","0","","0","0","","0","0","","0","","0","","0","","0","","0","","","","","","","","","","135810","135810","135810","52.026","","0","","","","","0.000","4","4","","0","0","0","0.000","0","0","0","0","0","0","","","","","","0.048","Mon, 25 Apr 2022 14:45:21 GMT","","","","","1.1","","","","","","https://www.bowlerhat.co.uk/wp-content/uploads/2016/09/banner-ads.jpg","2026-07-30 14:26:06"
"https://www.bowlerhat.co.uk/tag/ppc/page/2/","text/html; charset=UTF-8","200","OK","Indexable","","ppc Archives - Page 2 of 2 - Bowler Hat","39","345","","0","0","","0","0","","0","","0","","0","ppc","3","","0","index, follow, max-image-preview:large, max-snippet:-1, max-video-preview:-1","","","https://www.bowlerhat.co.uk/tag/ppc/page/2/","","https://www.bowlerhat.co.uk/tag/ppc/","","","","108669","20570","20570","7.880","","135","27","5.000","86.453","Easy","1.901","4","4","","5","2","0","0.300","70","38","0","8","4","0","","","","","28067d05908e693d8622c707b5e71366","0.068","Thu, 30 Jul 2026 13:22:24 GMT","","","","en-US","1.1","","","","","","https://www.bowlerhat.co.uk/tag/ppc/page/2/","2026-07-30 14:26:06"
"https://www.bowlerhat.co.uk/yell-yell-aka-small-business-marketing-hell/","text/html; charset=UTF-8","200","OK","Indexable","","Yell Small Business Digital Marketing - Good, Bad or Ugly? | Bowler Hat","71","625","Is Yell Digital Marketing a good fit for small local businesses? Or are they biased towards selling listings on their own directory?","132","777","","0","0","","0","Yell Digital Marketing – Small Business Marketing Hell","54","","0","A Small Business Tale of Woe","28","Yell Have a Product to Sell – Yell.com","38","index, follow, max-image-preview:large, max-snippet:-1, max-video-preview:-1","","","https://www.bowlerhat.co.uk/yell-yell-aka-small-business-marketing-hell/","","","","","","139241","28383","28383","10.873","","1783","255","6.992","82.494","Easy","8.197","4","1","","35","12","0","1.780","94","47","0","8","4","0","","","","","7888e4ea8c1fb65ba37e7f06cabba70","0.070","","","","","en-US","1.1","","","","","","https://www.bowlerhat.co.uk/yell-yell-aka-small-business-marketing-hell/","2026-07-30 14:26:06"
"https://www.bowlerhat.co.uk/wp-content/uploads/2017/08/Asset-2.png","image/png","200","OK","Indexable","","","0","0","","0","0","","0","0","","0","","0","","0","","0","","0","","","","","","","","","","78704","78704","78704","30.150","","0","","","","","0.000","4","4","","0","0","0","0.000","0","0","0","0","0","0","","","","","","0.030","Mon, 25 Apr 2022 14:45:21 GMT","","","","","1.1","","","","","","https://www.bowlerhat.co.uk/wp-content/uploads/2017/08/Asset-2.png","2026-07-30 14:26:06"
"https://www.bowlerhat.co.uk/wordpress-beginners-basics/","text/html; charset=UTF-8","200","OK","Indexable","","WordPress for Beginners - The Basics | Bowler Hat","49","448","WordPress is one of the largest content management systems for web design and development, so it is vital to know some of the basic ground knowledge. This blog will identify some of the key aspects of WordPress, outline how you can benefit from learning the basics, and help you familiarise yourself with the platform.","318","1966","","0","0","","0","WordPress for Beginners – The Basics","36","","0","What Is WordPress?","18","WordPress.com vs WordPress.org","30","index, follow, max-image-preview:large, max-snippet:-1, max-video-preview:-1","","","https://www.bowlerhat.co.uk/wordpress-beginners-basics/","","","","","","136681","27772","27772","10.639","","1712","227","7.542","74.948","Fairly Easy","8.249","4","1","","38","20","0","2.970","89","52","0","16","12","0","","","","","7ead1d1a18e3cca0b668a5ad71607b29","0.048","","","","","en-US","1.1","","","","","","https://www.bowlerhat.co.uk/wordpress-beginners-basics/","2026-07-30 14:26:06"
"https://www.bowlerhat.co.uk/choose-perfect-wordpress-theme/","text/html; charset=UTF-8","200","OK","Indexable","","How to Choose Your Perfect WordPress Theme - Bowler Hat","55","537","With thousands of WordPress themes available, finding the right one can be tough. This checklist will help you find the WordPress theme best suited for you.","156","959","","0","0","","0","How to Choose Your Perfect WordPress Theme","42","","0","Leave a Reply Cancel reply","26","","0","index, follow, max-image-preview:large, max-snippet:-1, max-video-preview:-1","","","https://www.bowlerhat.co.uk/choose-perfect-wordpress-theme/","","","","","","130223","25766","25766","9.870","","1039","155","6.703","78.790","Fairly Easy","5.606","4","1","","31","16","0","2.370","82","49","0","13","9","0","","","","","508fd703fe0084b03b3b12597b297471","0.038","","","","","en-US","1.1","","","","","","https://www.bowlerhat.co.uk/choose-perfect-wordpress-theme/","2026-07-30 14:26:06"
"https://www.bowlerhat.co.uk/tag/websites/","text/html; charset=UTF-8","200","OK","Indexable","","websites Archives - Bowler Hat","30","276","","0","0","","0","0","","0","","0","","0","websites","8","","0","index, follow, max-image-preview:large, max-snippet:-1, max-video-preview:-1","","","https://www.bowlerhat.co.uk/tag/websites/","https://www.bowlerhat.co.uk/tag/websites/page/2/","","","","","128238","22832","22832","8.747","","476","79","6.025","86.616","Easy","3.076","4","2","","32","29","0","4.300","95","47","0","8","4","0","","","","","6bd22fdbc9f8b6a11e1d370c6b315b21","0.050","Thu, 30 Jul 2026 13:22:24 GMT","","","","en-US","1.1","","","","","","https://www.bowlerhat.co.uk/tag/websites/","2026-07-30 14:26:06"
"https://www.bowlerhat.co.uk/plugins-wordpress-site-needs-avoid-disaster/","text/html; charset=UTF-8","200","OK","Indexable","","The Free Plugins Every WordPress Site Needs to Avoid Disaster - Bowler Hat","74","679","These plugins will ensure that your WordPress website is optimised for maximum performance and nothing slips through the cracks.","128","814","","0","0","","0","The Free Plugins Every WordPress Site Needs to Avoid Disaster","61","","0","2 Responses","11","Leave a Reply Cancel reply","26","index, follow, max-image-preview:large, max-snippet:-1, max-video-preview:-1","","","https://www.bowlerhat.co.uk/plugins-wordpress-site-needs-avoid-disaster/","","","","","","135785","27197","27197","10.419","","1355","193","7.021","76.586","Fairly Easy","6.741","4","1","","42","21","0","3.120","83","46","0","19","14","0","","","","","65ebe174ee1e71e3e49a431581d3354e","0.041","","","","","en-US","1.1","","","","","","https://www.bowlerhat.co.uk/plugins-wordpress-site-needs-avoid-disaster/","2026-07-30 14:26:06"
"https://www.bowlerhat.co.uk/best-cms-small-business-websites/","text/html; charset=UTF-8","200","OK","Indexable","","What's The Best CMS For Small Business Websites? - Bowler Hat","61","577","I evaluate some of the main CMS platforms to see which is best for your small business website to try and help you decide where your time, money, and effort is going to be best used.","182","1117","","0","0","","0","What’s The Best CMS For Small Business Websites?","48","","0","E-commerce Platforms – Shopify","30","Wix","3","index, follow, max-image-preview:large, max-snippet:-1, max-video-preview:-1","","","https://www.bowlerhat.co.uk/best-cms-small-business-websites/","","","","","","135571","27529","27529","10.546","","1456","214","6.804","71.867","Fairly Easy","7.332","4","1","","32","13","0","1.930","94","54","0","17","12","0","","","","","1f753c6cf32b046c9349fb44f90464eb","0.051","","","","","en-US","1.1","","","","","","https://www.bowlerhat.co.uk/best-cms-small-business-websites/","2026-07-30 14:26:06"
"https://www.bowlerhat.co.uk/2018/04/06/","text/html; charset=UTF-8","200","OK","Non-Indexable","noindex","April 6, 2018 - Bowler Hat","26","224","","0","0","","0","0","","0","","0","","0","April 6, 2018","13","","0","noindex, follow","","","","","","","","","108184","20467","20467","7.841","","143","27","5.296","87.870","Easy","1.929","4","3","","4","2","0","0.300","68","37","0","8","4","0","","","","","349887e45e7facd5af1b8d8a52d3810a","0.018","Thu, 30 Jul 2026 13:22:25 GMT","","","","en-US","1.1","","","","","","https://www.bowlerhat.co.uk/2018/04/06/","2026-07-30 14:26:06"
"https://www.bowlerhat.co.uk/the-easiest-way-to-fix-wordpress-render-blocking-js-css-errors/","text/html; charset=UTF-8","200","OK","Indexable","","Easy Ways to Fix WordPress Render-Blocking JS & CSS Errors | Bowler Hat","71","658","Find the easiest ways you can fix Wordpress render blocking JS and CSS errors showing on your website with out blog. Read on to find out more.","142","890","","0","0","","0","The Easiest Way to Fix WordPress Render-Blocking JS & CSS Errors","64","","0","Leave a Reply Cancel reply","26","","0","index, follow, max-image-preview:large, max-snippet:-1, max-video-preview:-1","","","https://www.bowlerhat.co.uk/the-easiest-way-to-fix-wordpress-render-blocking-js-css-errors/","","","","","","126624","24780","24780","9.493","","603","100","6.030","84.547","Easy","3.727","4","1","","16","7","0","1.040","75","41","0","11","7","0","","","","","341a2f68b0d1d76a1bce156e4c1ee798","0.050","","","","","en-US","1.1","","","","","","https://www.bowlerhat.co.uk/the-easiest-way-to-fix-wordpress-render-blocking-js-css-errors/","2026-07-30 14:26:06"
"https://www.bowlerhat.co.uk/tag/wordpress/","text/html; charset=UTF-8","200","OK","Indexable","","wordpress Archives - Bowler Hat","31","289","","0","0","","0","0","","0","","0","","0","wordpress","9","","0","index, follow, max-image-preview:large, max-snippet:-1, max-video-preview:-1","","","https://www.bowlerhat.co.uk/tag/wordpress/","https://www.bowlerhat.co.uk/tag/wordpress/page/2/","","","","","129569","22865","22865","8.759","","476","81","5.877","86.767","Easy","3.081","4","2","","17","14","0","2.080","94","46","0","8","4","0","","","","","801917c01d110e5cf64616b11f38e211","0.045","Thu, 30 Jul 2026 13:17:18 GMT","","","","en-US","1.1","","","","","","https://www.bowlerhat.co.uk/tag/wordpress/","2026-07-30 14:26:07"
"https://www.bowlerhat.co.uk/configure-yoast-seo-plugin-wordpress/","text/html; charset=UTF-8","200","OK","Indexable","","How to Configure Yoast SEO for WordPress | Bowler Hat","53","499","Yoast SEO can improve the SEO performance of your WordPress website. These are the best configurations to use the plugin to its full potential.","143","885","","0","0","","0","How to Configure the Yoast SEO Plugin Upon Installation for WordPress","69","","0","3 Responses","11","Leave a Reply Cancel reply","26","index, follow, max-image-preview:large, max-snippet:-1, max-video-preview:-1","","","https://www.bowlerhat.co.uk/configure-yoast-seo-plugin-wordpress/","","","","","","139464","27819","27819","10.657","","1533","202","7.589","83.352","Easy","7.179","4","1","","39","15","0","2.230","90","50","0","12","8","0","","","","","41cfc15cd29b64a6131248bf2098626d","0.065","","","","","en-US","1.1","","","","","","https://www.bowlerhat.co.uk/configure-yoast-seo-plugin-wordpress/","2026-07-30 14:26:07"
"https://www.bowlerhat.co.uk/wp-content/uploads/2017/08/free-website-review.jpg","image/jpeg","200","OK","Indexable","","","0","0","","0","0","","0","0","","0","","0","","0","","0","","0","","","","","","","","","","60585","60585","60585","23.209","","0","","","","","0.000","4","4","","0","0","0","0.000","0","0","0","0","0","0","","","","","","0.017","Mon, 25 Apr 2022 14:45:21 GMT","","","","","1.1","","","","","","https://www.bowlerhat.co.uk/wp-content/uploads/2017/08/free-website-review.jpg","2026-07-30 14:26:07"
"https://www.bowlerhat.co.uk/services/web/","text/html; charset=UTF-8","301","Moved Permanently","Non-Indexable","Redirected","","0","0","","0","0","","0","0","","0","","0","","0","","0","","0","","","","","","","","","","0","0","0","0.000","","0","","","","","0.000","4","2","","34","32","0","4.750","0","0","0","0","0","0","","","","","","0.018","","https://www.bowlerhat.co.uk/services/web-design/","HTTP Redirect","","","1.1","","","","","","https://www.bowlerhat.co.uk/services/web/","2026-07-30 14:26:07"
"https://www.bowlerhat.co.uk/every-small-business-website/","text/html; charset=UTF-8","200","OK","Indexable","","What Every Small Business Needs for a Successful Website - Bowler Hat","69","643","If you’re a small business and you haven’t got a website yet, you’re missing out. These are the elements every small business needs for a successful site.","154","933","","0","0","","0","What Every Small Business Needs for a Successful Website","56","","0","Leave a Reply Cancel reply","26","","0","index, follow, max-image-preview:large, max-snippet:-1, max-video-preview:-1","","","https://www.bowlerhat.co.uk/every-small-business-website/","","","","","","131849","26409","26409","10.117","","1341","169","7.935","78.726","Fairly Easy","6.661","4","1","","35","22","0","3.260","80","44","0","15","11","0","","","","","86882101edf07ba0836d51e239672a0c","0.072","","","","","en-US","1.1","","","","","","https://www.bowlerhat.co.uk/every-small-business-website/","2026-07-30 14:26:07"
"https://www.bowlerhat.co.uk/tag/web-design/","text/html; charset=UTF-8","200","OK","Indexable","","web design Archives - Bowler Hat","32","297","","0","0","","0","0","","0","","0","","0","web design","10","","0","index, follow, max-image-preview:large, max-snippet:-1, max-video-preview:-1","","","https://www.bowlerhat.co.uk/tag/web-design/","https://www.bowlerhat.co.uk/tag/web-design/page/2/","","","","","127887","22696","22696","8.694","","470","77","6.104","89.220","Easy","3.045","4","2","","22","19","0","2.820","94","46","0","8","4","0","","","","","b78ab929ba7e850843384d791b93f476","0.066","Thu, 30 Jul 2026 13:22:25 GMT","","","","en-US","1.1","","","","","","https://www.bowlerhat.co.uk/tag/web-design/","2026-07-30 14:26:07"
"https://www.bowlerhat.co.uk/website-planning-guide/","text/html; charset=UTF-8","301","Moved Permanently","Non-Indexable","Redirected","","0","0","","0","0","","0","0","","0","","0","","0","","0","","0","","","","","","","","","","0","0","0","0.000","","0","","","","","0.000","4","1","","16","12","0","1.780","0","0","0","0","0","0","","","","","","0.019","","https://www.bowlerhat.co.uk/website-planning-guide-for-start-ups-and-small-businesses/","HTTP Redirect","","","1.1","","","","","","https://www.bowlerhat.co.uk/website-planning-guide/","2026-07-30 14:26:07"
"https://www.bowlerhat.co.uk/2016/09/06/","text/html; charset=UTF-8","200","OK","Non-Indexable","noindex","September 6, 2016 - Bowler Hat","30","282","","0","0","","0","0","","0","","0","","0","September 6, 2016","17","","0","noindex, follow","","","","","","","","","107691","20322","20322","7.785","","141","28","5.036","81.124","Easy","1.944","4","3","","4","2","0","0.300","68","37","0","8","4","0","","","","","f7e028eae8111918252efd4e9c7c8ce4","0.018","Thu, 30 Jul 2026 13:22:25 GMT","","","","en-US","1.1","","","","","","https://www.bowlerhat.co.uk/2016/09/06/","2026-07-30 14:26:07"
"https://www.bowlerhat.co.uk/tag/targeting/","text/html; charset=UTF-8","200","OK","Indexable","","targeting Archives - Bowler Hat","31","277","","0","0","","0","0","","0","","0","","0","targeting","9","","0","index, follow, max-image-preview:large, max-snippet:-1, max-video-preview:-1","","","https://www.bowlerhat.co.uk/tag/targeting/","","","","","","108115","20398","20398","7.814","","139","28","4.964","79.461","Fairly Easy","1.929","4","2","","4","2","0","0.300","68","37","0","8","4","0","","","","","8ba7746bfc71a5d5ed82bc3049db32bc","0.049","Thu, 30 Jul 2026 13:22:25 GMT","","","","en-US","1.1","","","","","","https://www.bowlerhat.co.uk/tag/targeting/","2026-07-30 14:26:07"
"https://www.bowlerhat.co.uk/product-positioning-terrible-cars-space-rides/","text/html; charset=UTF-8","200","OK","Indexable","","Product Positioning: Terrible Cars & Space Rides - Bowler Hat","61","545","","0","0","","0","0","","0","Product Positioning: Terrible Cars & Space Rides","48","","0","The World’s Worst Car","21","Space Riders","12","index, follow, max-image-preview:large, max-snippet:-1, max-video-preview:-1","","","https://www.bowlerhat.co.uk/product-positioning-terrible-cars-space-rides/","","","","","","124302","24304","24304","9.310","","557","85","6.553","83.688","Easy","3.569","4","1","","13","6","0","0.890","74","41","0","8","4","0","","","","","92561b03c468c4e4373c35fc8db84b85","0.048","","","","","en-US","1.1","","","","","","https://www.bowlerhat.co.uk/product-positioning-terrible-cars-space-rides/","2026-07-30 14:26:07"
"https://www.bowlerhat.co.uk/tag/positioning/","text/html; charset=UTF-8","200","OK","Indexable","","positioning Archives - Bowler Hat","33","294","","0","0","","0","0","","0","","0","","0","positioning","11","","0","index, follow, max-image-preview:large, max-snippet:-1, max-video-preview:-1","","","https://www.bowlerhat.co.uk/tag/positioning/","","","","","","110487","20672","20672","7.919","","177","33","5.364","86.679","Easy","2.052","4","2","","5","3","0","0.450","71","38","0","8","4","0","","","","","9c7cac1530fc3fa4e1e7a6653031aa12","0.024","Thu, 30 Jul 2026 13:22:25 GMT","","","","en-US","1.1","","","","","","https://www.bowlerhat.co.uk/tag/positioning/","2026-07-30 14:26:07"
"https://www.bowlerhat.co.uk/wp2/wp-content/uploads/2012/11/google-keyword-suggestions.jpg","image/jpeg","200","OK","Indexable","","","0","0","","0","0","","0","0","","0","","0","","0","","0","","0","","","","","","","","","","16783","16783","16783","6.429","","0","","","","","0.000","4","5","","0","0","0","0.000","0","0","0","0","0","0","","","","","","0.038","Mon, 25 Apr 2022 14:45:19 GMT","","","","","1.1","","","","","","https://www.bowlerhat.co.uk/wp2/wp-content/uploads/2012/11/google-keyword-suggestions.jpg","2026-07-30 14:26:08"
"https://www.bowlerhat.co.uk/wp2/wp-content/uploads/2012/11/keyword-research-adwords.jpg","image/jpeg","200","OK","Indexable","","","0","0","","0","0","","0","0","","0","","0","","0","","0","","0","","","","","","","","","","66190","66190","66190","25.356","","0","","","","","0.000","4","5","","0","0","0","0.000","0","0","0","0","0","0","","","","","","0.033","Mon, 25 Apr 2022 14:45:19 GMT","","","","","1.1","","","","","","https://www.bowlerhat.co.uk/wp2/wp-content/uploads/2012/11/keyword-research-adwords.jpg","2026-07-30 14:26:08"
"https://www.bowlerhat.co.uk/wp2/wp-content/uploads/2012/11/google-related-searches.jpg","image/jpeg","200","OK","Indexable","","","0","0","","0","0","","0","0","","0","","0","","0","","0","","0","","","","","","","","","","44616","44616","44616","17.092","","0","","","","","0.000","4","5","","0","0","0","0.000","0","0","0","0","0","0","","","","","","0.060","Mon, 25 Apr 2022 14:45:19 GMT","","","","","1.1","","","","","","https://www.bowlerhat.co.uk/wp2/wp-content/uploads/2012/11/google-related-searches.jpg","2026-07-30 14:26:08"
"https://www.bowlerhat.co.uk/changing-page-names-in-wordpress-for-seo/","text/html; charset=UTF-8","200","OK","Indexable","","Changing Page Names in WordPress for SEO - Bowler Hat","53","514","Simple guide covering how to change WordPress page names for SEO, what to change them to and a simple solution to ensure you don't run into any problems.","153","980","","0","0","","0","Changing Page Names in WordPress for SEO","40","","0","Default Page Names","18","Permalinks","10","index, follow, max-image-preview:large, max-snippet:-1, max-video-preview:-1","","","https://www.bowlerhat.co.uk/changing-page-names-in-wordpress-for-seo/","","","","","","135327","27503","27503","10.536","","1425","214","6.659","74.987","Fairly Easy","7.184","4","1","","18","5","0","0.740","80","40","0","15","11","0","","","","","2c4134f253c63ee933b7f22f2ffd5b91","0.070","","","","","en-US","1.1","","","","","","https://www.bowlerhat.co.uk/changing-page-names-in-wordpress-for-seo/","2026-07-30 14:26:08"
"https://www.bowlerhat.co.uk/2012/11/19/","text/html; charset=UTF-8","200","OK","Non-Indexable","noindex","November 19, 2012 - Bowler Hat","30","287","","0","0","","0","0","","0","","0","","0","November 19, 2012","17","","0","noindex, follow","","","","","","","","","107430","20258","20258","7.760","","142","26","5.462","90.477","Very Easy","1.922","4","3","","4","2","0","0.300","68","37","0","8","4","0","","","","","504a1d47f74250abad1c0967eef491df","0.028","Thu, 30 Jul 2026 13:22:27 GMT","","","","en-US","1.1","","","","","","https://www.bowlerhat.co.uk/2012/11/19/","2026-07-30 14:26:08"
"https://www.bowlerhat.co.uk/website-planning-guide/web-hosting/","text/html; charset=UTF-8","301","Moved Permanently","Non-Indexable","Redirected","","0","0","","0","0","","0","0","","0","","0","","0","","0","","0","","","","","","","","","","0","0","0","0.000","","0","","","","","0.000","4","2","","5","5","0","0.740","0","0","0","0","0","0","","","","","","0.019","","https://www.bowlerhat.co.uk/website-planning-guide-for-start-ups-and-small-businesses/","HTTP Redirect","","","1.1","","","","","","https://www.bowlerhat.co.uk/website-planning-guide/web-hosting/","2026-07-30 14:26:08"
"https://www.bowlerhat.co.uk/services/web/small-business-web-design/","text/html; charset=UTF-8","301","Moved Permanently","Non-Indexable","Redirected","","0","0","","0","0","","0","0","","0","","0","","0","","0","","0","","","","","","","","","","0","0","0","0.000","","0","","","","","0.000","4","3","","4","3","0","0.450","0","0","0","0","0","0","","","","","","0.051","","https://www.bowlerhat.co.uk/services/web/","HTTP Redirect","","","1.1","","","","","","https://www.bowlerhat.co.uk/services/web/small-business-web-design/","2026-07-30 14:26:09"
"https://www.bowlerhat.co.uk/yell-ppc-campaigns-are-they-any-good/","text/html; charset=UTF-8","200","OK","Indexable","","Yell PPC Campaigns - Are they any good? - Bowler Hat","52","481","Find out the best SEO tips and tricks to optimise your website in Bowler Hats blog. Read on to see the pros and cons on Yell PPC campaigns.","139","861","","0","0","","0","Yell PPC Campaigns – Are they any good?","39","","0","Better Options for PPC","22","Leave a Reply Cancel reply","26","index, follow, max-image-preview:large, max-snippet:-1, max-video-preview:-1","","","https://www.bowlerhat.co.uk/yell-ppc-campaigns-are-they-any-good/","","","","","","127377","25291","25291","9.689","","821","133","6.173","81.449","Easy","4.675","4","1","","16","7","0","1.040","78","45","0","10","6","0","","","","","65047bac5c9f30097e0ef7f9c774ac45","0.090","","","","","en-US","1.1","","","","","","https://www.bowlerhat.co.uk/yell-ppc-campaigns-are-they-any-good/","2026-07-30 14:26:09"
"https://www.bowlerhat.co.uk/2022/01/16/","text/html; charset=UTF-8","200","OK","Non-Indexable","noindex","January 16, 2022 - Bowler Hat","29","265","","0","0","","0","0","","0","","0","","0","January 16, 2022","16","","0","noindex, follow","","","","","","","","","107302","20242","20242","7.754","","144","28","5.143","84.703","Easy","1.962","4","3","","4","2","0","0.300","68","37","0","8","4","0","","","","","11b89ed40e4823399a2fb896eeb5fd2e","0.044","Thu, 30 Jul 2026 13:22:27 GMT","","","","en-US","1.1","","","","","","https://www.bowlerhat.co.uk/2022/01/16/","2026-07-30 14:26:09"
"https://www.bowlerhat.co.uk/wp-content/uploads/2018/04/pasted-image-0-8.png","image/png","200","OK","Indexable","","","0","0","","0","0","","0","0","","0","","0","","0","","0","","0","","","","","","","","","","26326","26326","26326","10.085","","0","","","","","0.000","4","4","","0","0","0","0.000","0","0","0","0","0","0","","","","","","0.054","Mon, 25 Apr 2022 14:45:21 GMT","","","","","1.1","","","","","","https://www.bowlerhat.co.uk/wp-content/uploads/2018/04/pasted-image-0-8.png","2026-07-30 14:26:09"
"https://www.bowlerhat.co.uk/yell-advertising/","text/html; charset=UTF-8","200","OK","Indexable","","Why Not To Use Yell Advertising - Bowler Hat","44","400","This post is not necessarily telling you to avoid Yell. I am simply pointing out the common issues that my clients have come across when using Yell.","148","898","","0","0","","0","Why Not To Use Yell Advertising","31","","0","True Story","10","The Figures","11","index, follow, max-image-preview:large, max-snippet:-1, max-video-preview:-1","","","https://www.bowlerhat.co.uk/yell-advertising/","","","","","","202259","41164","41164","15.769","","5803","816","7.112","90.175","Very Easy","16.677","4","1","","88","10","0","1.480","155","49","0","17","13","0","","","","","5baf23e335a45821a3962e348faea313","0.075","","","","","en-US","1.1","","","","","","https://www.bowlerhat.co.uk/yell-advertising/","2026-07-30 14:26:09"
"https://www.bowlerhat.co.uk/tag/yell/","text/html; charset=UTF-8","200","OK","Indexable","","yell Archives - Bowler Hat","26","226","","0","0","","0","0","","0","","0","","0","yell","4","","0","index, follow, max-image-preview:large, max-snippet:-1, max-video-preview:-1","","","https://www.bowlerhat.co.uk/tag/yell/","","","","","","112563","21020","21020","8.052","","222","42","5.286","81.048","Easy","2.275","4","2","","6","4","0","0.590","74","39","0","8","4","0","","","","","c754e6252146f9d0d40c78e68d745685","0.061","Thu, 30 Jul 2026 13:22:28 GMT","","","","en-US","1.1","","","","","","https://www.bowlerhat.co.uk/tag/yell/","2026-07-30 14:26:09"
"https://www.bowlerhat.co.uk/wp-content/uploads/elementor/css/post-14070.css?ver=1783415418","text/css","200","OK","Indexable","","","0","0","","0","0","","0","0","","0","","0","","0","","0","","0","","","","","","","","","","0","0","0","0.000","","0","","","","","0.000","4","4","","0","0","0","0.000","0","0","0","0","0","0","","","","","","0.022","Tue, 07 Jul 2026 09:10:18 GMT","","","","","1.1","","","","","","https://www.bowlerhat.co.uk/wp-content/uploads/elementor/css/post-14070.css?ver=1783415418","2026-07-30 14:26:09"
"https://www.bowlerhat.co.uk/wp-content/plugins/elementor/assets/lib/flatpickr/flatpickr.min.js?ver=4.6.13","application/javascript","200","OK","Indexable","","","0","0","","0","0","","0","0","","0","","0","","0","","0","","0","","","","","","","","","","0","0","0","0.000","","0","","","","","0.000","4","6","","0","0","0","0.000","0","0","0","0","0","0","","","","","","0.034","Thu, 02 Jul 2026 08:47:43 GMT","","","","","1.1","","","","","","https://www.bowlerhat.co.uk/wp-content/plugins/elementor/assets/lib/flatpickr/flatpickr.min.js?ver=4.6.13","2026-07-30 14:26:09"
"https://www.bowlerhat.co.uk/wp-content/uploads/2018/05/pasted-image-0-9.png","image/png","200","OK","Indexable","","","0","0","","0","0","","0","0","","0","","0","","0","","0","","0","","","","","","","","","","157904","157904","157904","60.490","","0","","","","","0.000","4","4","","0","0","0","0.000","0","0","0","0","0","0","","","","","","0.049","Mon, 25 Apr 2022 14:45:21 GMT","","","","","1.1","","","","","","https://www.bowlerhat.co.uk/wp-content/uploads/2018/05/pasted-image-0-9.png","2026-07-30 14:26:09"
"https://www.bowlerhat.co.uk/2021/01/14/","text/html; charset=UTF-8","200","OK","Non-Indexable","noindex","January 14, 2021 - Bowler Hat","29","265","","0","0","","0","0","","0","","0","","0","January 14, 2021","16","","0","noindex, follow","","","","","","","","","107323","20256","20256","7.760","","138","26","5.308","81.291","Easy","1.935","4","3","","4","2","0","0.300","68","37","0","8","4","0","","","","","bc7095284e5372cca59f0e29e98a1f49","0.050","Thu, 30 Jul 2026 13:22:28 GMT","","","","en-US","1.1","","","","","","https://www.bowlerhat.co.uk/2021/01/14/","2026-07-30 14:26:09"
"https://www.bowlerhat.co.uk/wp-content/uploads/2018/05/pasted-image-0-10.png","image/png","200","OK","Indexable","","","0","0","","0","0","","0","0","","0","","0","","0","","0","","0","","","","","","","","","","83467","83467","83467","31.975","","0","","","","","0.000","4","4","","0","0","0","0.000","0","0","0","0","0","0","","","","","","0.023","Mon, 25 Apr 2022 14:45:21 GMT","","","","","1.1","","","","","","https://www.bowlerhat.co.uk/wp-content/uploads/2018/05/pasted-image-0-10.png","2026-07-30 14:26:09"
"https://www.bowlerhat.co.uk/wp-content/uploads/2018/08/wpenginepingdom.png","image/png","200","OK","Indexable","","","0","0","","0","0","","0","0","","0","","0","","0","","0","","0","","","","","","","","","","99627","99627","99627","38.165","","0","","","","","0.000","4","4","","0","0","0","0.000","0","0","0","0","0","0","","","","","","0.034","Mon, 25 Apr 2022 14:45:20 GMT","","","","","1.1","","","","","","https://www.bowlerhat.co.uk/wp-content/uploads/2018/08/wpenginepingdom.png","2026-07-30 14:26:09"
"https://www.bowlerhat.co.uk/wp-content/uploads/2018/08/wpenginedesktop.png","image/png","200","OK","Indexable","","","0","0","","0","0","","0","0","","0","","0","","0","","0","","0","","","","","","","","","","102381","102381","102381","39.220","","0","","","","","0.000","4","4","","0","0","0","0.000","0","0","0","0","0","0","","","","","","0.053","Mon, 25 Apr 2022 14:45:21 GMT","","","","","1.1","","","","","","https://www.bowlerhat.co.uk/wp-content/uploads/2018/08/wpenginedesktop.png","2026-07-30 14:26:09"
"https://www.bowlerhat.co.uk/wp-content/uploads/2018/08/tmpurlpingdom.png","image/png","200","OK","Indexable","","","0","0","","0","0","","0","0","","0","","0","","0","","0","","0","","","","","","","","","","99740","99740","99740","38.208","","0","","","","","0.000","4","4","","0","0","0","0.000","0","0","0","0","0","0","","","","","","0.047","Mon, 25 Apr 2022 14:45:21 GMT","","","","","1.1","","","","","","https://www.bowlerhat.co.uk/wp-content/uploads/2018/08/tmpurlpingdom.png","2026-07-30 14:26:09"
"https://www.bowlerhat.co.uk/2018/08/24/","text/html; charset=UTF-8","200","OK","Non-Indexable","noindex","August 24, 2018 - Bowler Hat","28","257","","0","0","","0","0","","0","","0","","0","August 24, 2018","15","","0","noindex, follow","","","","","","","","","107340","20287","20287","7.772","","140","29","4.828","86.516","Easy","1.946","4","3","","4","2","0","0.300","68","37","0","8","4","0","","","","","b3f274bc9969fcfb209007f7dabff9b0","0.064","Thu, 30 Jul 2026 13:22:28 GMT","","","","en-US","1.1","","","","","","https://www.bowlerhat.co.uk/2018/08/24/","2026-07-30 14:26:09"
"https://www.bowlerhat.co.uk/wp-content/uploads/2018/08/tmpurl3Gtester.png","image/png","200","OK","Indexable","","","0","0","","0","0","","0","0","","0","","0","","0","","0","","0","","","","","","","","","","160652","160652","160652","61.543","","0","","","","","0.000","4","4","","0","0","0","0.000","0","0","0","0","0","0","","","","","","0.033","Mon, 25 Apr 2022 14:45:21 GMT","","","","","1.1","","","","","","https://www.bowlerhat.co.uk/wp-content/uploads/2018/08/tmpurl3Gtester.png","2026-07-30 14:26:09"
"https://www.bowlerhat.co.uk/wp-content/uploads/2018/08/wpengine3Gtester.png","image/png","200","OK","Indexable","","","0","0","","0","0","","0","0","","0","","0","","0","","0","","0","","","","","","","","","","159529","159529","159529","61.113","","0","","","","","0.000","4","4","","0","0","0","0.000","0","0","0","0","0","0","","","","","","0.054","Mon, 25 Apr 2022 14:45:21 GMT","","","","","1.1","","","","","","https://www.bowlerhat.co.uk/wp-content/uploads/2018/08/wpengine3Gtester.png","2026-07-30 14:26:09"
"https://www.bowlerhat.co.uk/improve-wordpress-website-speed-using-plugins/","text/html; charset=UTF-8","200","OK","Indexable","","How To Improve Your WordPress Website’s Speed Using Plugins - Bowler Hat","72","688","In this article, I highlight the best plugins to use to improve your WordPress website's page speed. Many site speed issues can be fixed by installing plugins. I list the common issues that arise in the Google PageSpeed Tester and which plugins can resolve them.","262","1587","","0","0","","0","How To Improve Your WordPress Website’s Speed Using Plugins","59","","0","Leverage Browser Caching","24","Minify HTML, CSS and JavaScript","31","index, follow, max-image-preview:large, max-snippet:-1, max-video-preview:-1","","","https://www.bowlerhat.co.uk/improve-wordpress-website-speed-using-plugins/","","","","","","130186","25657","25657","9.829","","924","130","7.108","76.383","Fairly Easy","5.116","4","1","","16","7","0","1.040","88","52","0","19","13","0","","","","","ff43b5fc94f6f851faba5675c5cf6e53","0.066","","","","","en-US","1.1","","","","","","https://www.bowlerhat.co.uk/improve-wordpress-website-speed-using-plugins/","2026-07-30 14:26:09"
"https://www.bowlerhat.co.uk/wp-content/uploads/2018/05/Website-PLanning-Guide-CTA-1.png","image/png","200","OK","Indexable","","","0","0","","0","0","","0","0","","0","","0","","0","","0","","0","","","","","","","","","","55388","55388","55388","21.218","","0","","","","","0.000","4","4","","0","0","0","0.000","0","0","0","0","0","0","","","","","","0.029","Mon, 25 Apr 2022 14:45:20 GMT","","","","","1.1","","","","","","https://www.bowlerhat.co.uk/wp-content/uploads/2018/05/Website-PLanning-Guide-CTA-1.png","2026-07-30 14:26:09"
"https://www.bowlerhat.co.uk/wp-content/uploads/2018/08/wpenginemobile.png","image/png","200","OK","Indexable","","","0","0","","0","0","","0","0","","0","","0","","0","","0","","0","","","","","","","","","","203206","203206","203206","77.844","","0","","","","","0.000","4","4","","0","0","0","0.000","0","0","0","0","0","0","","","","","","0.036","Mon, 25 Apr 2022 14:45:21 GMT","","","","","1.1","","","","","","https://www.bowlerhat.co.uk/wp-content/uploads/2018/08/wpenginemobile.png","2026-07-30 14:26:10"
"https://www.bowlerhat.co.uk/web-design-guide-beginners/","text/html; charset=UTF-8","200","OK","Indexable","","Web Design - A Quick Guide for Beginners - Bowler Hat","53","485","In this blog post, I will be deciphering all the main necessities you need to keep in mind when designing your website whilst revising some of the basics.","154","921","","0","0","","0","Web Design – A Quick Guide for Beginners","40","","0","Alignment, Margins & Rules","26","White Space","11","index, follow, max-image-preview:large, max-snippet:-1, max-video-preview:-1","","","https://www.bowlerhat.co.uk/web-design-guide-beginners/","","","","","","136210","28215","28215","10.809","","1912","278","6.878","77.866","Fairly Easy","9.078","4","1","","27","10","0","1.480","88","53","0","23","18","0","","","","","7fdd8d5b88b7fd75234563f87beb831a","0.051","","","","","en-US","1.1","","","","","","https://www.bowlerhat.co.uk/web-design-guide-beginners/","2026-07-30 14:26:09"
"https://www.bowlerhat.co.uk/wp-content/uploads/2018/08/tmpurldesktop.png","image/png","200","OK","Indexable","","","0","0","","0","0","","0","0","","0","","0","","0","","0","","0","","","","","","","","","","101297","101297","101297","38.805","","0","","","","","0.000","4","4","","0","0","0","0.000","0","0","0","0","0","0","","","","","","0.029","Mon, 25 Apr 2022 14:45:21 GMT","","","","","1.1","","","","","","https://www.bowlerhat.co.uk/wp-content/uploads/2018/08/tmpurldesktop.png","2026-07-30 14:26:10"
"https://www.bowlerhat.co.uk/wp-content/uploads/2018/08/tmpurlmobile.png","image/png","200","OK","Indexable","","","0","0","","0","0","","0","0","","0","","0","","0","","0","","0","","","","","","","","","","209507","209507","209507","80.258","","0","","","","","0.000","4","4","","0","0","0","0.000","0","0","0","0","0","0","","","","","","0.063","Mon, 25 Apr 2022 14:45:21 GMT","","","","","1.1","","","","","","https://www.bowlerhat.co.uk/wp-content/uploads/2018/08/tmpurlmobile.png","2026-07-30 14:26:10"
"https://www.bowlerhat.co.uk/optimise-images-site-speed/","text/html; charset=UTF-8","200","OK","Indexable","","How To Optimise Your Images For Site Speed | Bowler Hat","55","519","More often than not, images are the main reason why your website is producing poor results when it comes to speed. This blog post details how to optimise your images to improve site speed.","188","1173","","0","0","","0","How To Optimise Your Images For Site Speed","42","","0","","0","Image Dimension Size","20","index, follow, max-image-preview:large, max-snippet:-1, max-video-preview:-1","","","https://www.bowlerhat.co.uk/optimise-images-site-speed/","","","","","","135597","27175","27175","10.410","","1552","204","7.608","81.098","Easy","7.322","4","1","","30","11","0","1.630","92","52","0","15","8","0","","","","","bdb55e96d8b7bd815af2d9d834b741d4","0.075","","","","","en-US","1.1","","","","","","https://www.bowlerhat.co.uk/optimise-images-site-speed/","2026-07-30 14:26:10"
"https://www.bowlerhat.co.uk/wp-content/uploads/2017/06/Website-Review.png","image/png","200","OK","Indexable","","","0","0","","0","0","","0","0","","0","","0","","0","","0","","0","","","","","","","","","","27658","27658","27658","10.595","","0","","","","","0.000","4","4","","0","0","0","0.000","0","0","0","0","0","0","","","","","","0.025","Mon, 25 Apr 2022 14:45:21 GMT","","","","","1.1","","","","","","https://www.bowlerhat.co.uk/wp-content/uploads/2017/06/Website-Review.png","2026-07-30 14:26:10"
"https://www.bowlerhat.co.uk/website-planning-guide/marketing/","text/html; charset=UTF-8","301","Moved Permanently","Non-Indexable","Redirected","","0","0","","0","0","","0","0","","0","","0","","0","","0","","0","","","","","","","","","","0","0","0","0.000","","0","","","","","0.000","4","2","","2","2","0","0.300","0","0","0","0","0","0","","","","","","0.037","","https://www.bowlerhat.co.uk/website-planning-guide-for-start-ups-and-small-businesses/","HTTP Redirect","","","1.1","","","","","","https://www.bowlerhat.co.uk/website-planning-guide/marketing/","2026-07-30 14:26:10"
"https://www.bowlerhat.co.uk/2020/08/18/","text/html; charset=UTF-8","200","OK","Non-Indexable","noindex","August 18, 2020 - Bowler Hat","28","257","","0","0","","0","0","","0","","0","","0","August 18, 2020","15","","0","noindex, follow","","","","","","","","","107507","20225","20225","7.748","","128","26","4.923","84.852","Easy","1.881","4","3","","4","2","0","0.300","68","37","0","8","4","0","","","","","76b98f3cf1a7f34ae8e3251c595735c8","0.052","Thu, 30 Jul 2026 13:22:28 GMT","","","","en-US","1.1","","","","","","https://www.bowlerhat.co.uk/2020/08/18/","2026-07-30 14:26:10"
"https://www.bowlerhat.co.uk/website-planning-guide/domain-names/","text/html; charset=UTF-8","404","Not Found","Non-Indexable","Client Error","","0","0","","0","0","","0","0","","0","","0","","0","","0","","0","","","","","","","","","","0","0","0","0.000","","0","","","","","0.000","4","2","","3","3","0","0.450","0","0","0","0","0","0","","","","","","1.022","","","","","","1.1","","","","","","https://www.bowlerhat.co.uk/website-planning-guide/domain-names/","2026-07-30 14:26:10"
"https://www.bowlerhat.co.uk/small-businesses-chatbots/","text/html; charset=UTF-8","200","OK","Indexable","","How Small Businesses Can Leverage Chatbots - Bowler Hat","55","530","Small businesses can leverage chatbots to save time and money. Here are 5 effective ways you can use chatbots to achieve your business goals.","141","890","","0","0","","0","How Small Businesses Can Leverage Chatbots","42","","0","1. Create a Unique Social Experience","36","2. Generate Leads","17","index, follow, max-image-preview:large, max-snippet:-1, max-video-preview:-1","","","https://www.bowlerhat.co.uk/small-businesses-chatbots/","","","","","","130492","26259","26259","10.059","","1140","166","6.867","70.664","Fairly Easy","6.267","4","1","","17","6","0","0.890","75","40","0","14","10","0","","","","","e94fb0a756dcad7e5c5620501072b3e4","0.074","","","","","en-US","1.1","","","","","","https://www.bowlerhat.co.uk/small-businesses-chatbots/","2026-07-30 14:26:11"
"https://www.bowlerhat.co.uk/website-planning-guide/content/","text/html; charset=UTF-8","301","Moved Permanently","Non-Indexable","Redirected","","0","0","","0","0","","0","0","","0","","0","","0","","0","","0","","","","","","","","","","0","0","0","0.000","","0","","","","","0.000","4","2","","1","1","0","0.150","0","0","0","0","0","0","","","","","","0.034","","https://www.bowlerhat.co.uk/content-and-the-customer-buying-cycle/","HTTP Redirect","","","1.1","","","","","","https://www.bowlerhat.co.uk/website-planning-guide/content/","2026-07-30 14:26:11"
"https://www.bowlerhat.co.uk/content-and-the-customer-buying-cycle/","text/html; charset=UTF-8","200","OK","Indexable","","Content and the Customer Buying Cycle - Bowler Hat","50","467","The Bowler Hat blog is full of tips and tricks on improving your online appearance. Click here to read our content and customer buying circle blog.","147","889","","0","0","","0","Content and the Customer Buying Cycle","37","","0","Leave a Reply Cancel reply","26","","0","index, follow, max-image-preview:large, max-snippet:-1, max-video-preview:-1","","","https://www.bowlerhat.co.uk/content-and-the-customer-buying-cycle/","","","","","","126239","24766","24766","9.487","","842","128","6.578","73.560","Fairly Easy","4.931","4","1","","14","7","0","1.040","73","40","0","8","4","0","","","","","6fefc11c44e7f2d9877cd9572d97d71e","0.073","","","","","en-US","1.1","","","","","","https://www.bowlerhat.co.uk/content-and-the-customer-buying-cycle/","2026-07-30 14:26:11"
"https://www.bowlerhat.co.uk/what-is-a-citation-for-seo/","text/html; charset=UTF-8","200","OK","Indexable","","What is a Citation for SEO? - Bowler Hat","40","353","An Overview of what citations are and how they help small businesses gain more visibility in search by Marcus Miller of BowlerHat.co.uk.","136","839","","0","0","","0","What is a Citation for SEO?","27","","0","","0","2 Responses","11","index, follow, max-image-preview:large, max-snippet:-1, max-video-preview:-1","","","https://www.bowlerhat.co.uk/what-is-a-citation-for-seo/","","","","","","129165","25587","25587","9.802","","854","125","6.832","74.982","Fairly Easy","4.821","4","1","","21","9","0","1.340","78","40","0","12","7","0","","","","","4e1e983711017247e3efa075d94b25b","0.046","","","","","en-US","1.1","","","","","","https://www.bowlerhat.co.uk/what-is-a-citation-for-seo/","2026-07-30 14:26:11"
"https://www.bowlerhat.co.uk/2013/08/24/","text/html; charset=UTF-8","200","OK","Non-Indexable","noindex","August 24, 2013 - Bowler Hat","28","257","","0","0","","0","0","","0","","0","","0","August 24, 2013","15","","0","noindex, follow","","","","","","","","","107467","20279","20279","7.768","","140","26","5.385","83.534","Easy","1.940","4","3","","4","2","0","0.300","68","37","0","8","4","0","","","","","c4ee9d0fbe2fa4149644287c6e0b97a9","0.034","Thu, 30 Jul 2026 13:22:31 GMT","","","","en-US","1.1","","","","","","https://www.bowlerhat.co.uk/2013/08/24/","2026-07-30 14:26:12"
"https://www.bowlerhat.co.uk/wp2/wp-content/uploads/2013/08/99problems-300x227.jpg","image/jpeg","200","OK","Indexable","","","0","0","","0","0","","0","0","","0","","0","","0","","0","","0","","","","","","","","","","19848","19848","19848","7.603","","0","","","","","0.000","4","5","","0","0","0","0.000","0","0","0","0","0","0","","","","","","0.033","Mon, 25 Apr 2022 14:45:19 GMT","","","","","1.1","","","","","","https://www.bowlerhat.co.uk/wp2/wp-content/uploads/2013/08/99problems-300x227.jpg","2026-07-30 14:26:12"
"https://www.bowlerhat.co.uk/block-most-of-a-directory-in-robots-txt/","text/html; charset=UTF-8","200","OK","Indexable","","Block Most of a Directory in Robots.txt - Bowler Hat","52","453","A simple actionable solution showing how to block most of a directory in robots.txt with only 3 simple lines. By Marcus Miller from Bowler Hat.","143","872","","0","0","","0","Block Most of a Directory in Robots.txt","39","","0","Leave a Reply Cancel reply","26","","0","index, follow, max-image-preview:large, max-snippet:-1, max-video-preview:-1","","","https://www.bowlerhat.co.uk/block-most-of-a-directory-in-robots-txt/","","","","","","125461","24733","24733","9.475","","733","114","6.430","79.353","Fairly Easy","4.283","4","1","","12","5","0","0.740","74","40","0","8","4","0","","","","","92c85d201e91a045b66093d32e9fc2d3","0.100","","","","","en-US","1.1","","","","","","https://www.bowlerhat.co.uk/block-most-of-a-directory-in-robots-txt/","2026-07-30 14:26:12"
"https://www.bowlerhat.co.uk/wp2/wp-content/uploads/2013/08/mo-citations-mo-problems-295x300.jpg","image/jpeg","200","OK","Indexable","","","0","0","","0","0","","0","0","","0","","0","","0","","0","","0","","","","","","","","","","22391","22391","22391","8.578","","0","","","","","0.000","4","5","","0","0","0","0.000","0","0","0","0","0","0","","","","","","0.027","Mon, 25 Apr 2022 14:45:19 GMT","","","","","1.1","","","","","","https://www.bowlerhat.co.uk/wp2/wp-content/uploads/2013/08/mo-citations-mo-problems-295x300.jpg","2026-07-30 14:26:12"
"https://www.bowlerhat.co.uk/one-301-rewrite-to-rule-them-all/","text/html; charset=UTF-8","200","OK","Indexable","","One 301 Rewrite to Rule Them All - Bowler Hat","45","413","One killer 301 redirection rule that takes care of multiple domains and subdomains on your site in one fell swoop.","114","691","","0","0","","0","One 301 Rewrite to Rule Them All","32","","0","2 Responses","11","Leave a Reply Cancel reply","26","index, follow, max-image-preview:large, max-snippet:-1, max-video-preview:-1","","","https://www.bowlerhat.co.uk/one-301-rewrite-to-rule-them-all/","","","","","","131595","26605","26605","10.192","","1180","249","4.739","80.502","Easy","6.206","4","1","","19","7","0","1.040","78","40","0","8","4","0","","","","","a7b5d2f2e1f3d762224d3fb744c06d87","0.095","","","","","en-US","1.1","","","","","","https://www.bowlerhat.co.uk/one-301-rewrite-to-rule-them-all/","2026-07-30 14:26:12"
"https://www.bowlerhat.co.uk/the-importance-of-reviews-in-local-seo/","text/html; charset=UTF-8","200","OK","Indexable","","The Importance of Reviews for Local SEO | BowlerHat.co.uk","57","528","How important are reviews for local SEO? Specifically, what is it that is important about reviews and how can you use this to your advantage?","141","871","","0","0","","0","The Importance of Reviews for Local SEO","39","","0","2 Responses","11","Leave a Reply Cancel reply","26","index, follow, max-image-preview:large, max-snippet:-1, max-video-preview:-1","","","https://www.bowlerhat.co.uk/the-importance-of-reviews-in-local-seo/","","","","","","135946","28089","28089","10.760","","1797","239","7.519","81.319","Easy","8.256","4","1","","22","10","0","1.480","79","42","0","14","9","0","","","","","fac90ea1dbf8400b740d2dd08f8de233","0.038","","","","","en-US","1.1","","","","","","https://www.bowlerhat.co.uk/the-importance-of-reviews-in-local-seo/","2026-07-30 14:26:12"
"https://www.bowlerhat.co.uk/name-address-phone-number/","text/html; charset=UTF-8","200","OK","Indexable","","Name Address Phone number - NAP - Bowler Hat","44","438","Find out the best SEO tips and tricks to optimise your website in Bowler Hats blog. Read on to find out how to correctly format your NAP.","137","840","","0","0","","0","Name Address Phone number – NAP","31","","0","3 Responses","11","Leave a Reply Cancel reply","26","index, follow, max-image-preview:large, max-snippet:-1, max-video-preview:-1","","","https://www.bowlerhat.co.uk/name-address-phone-number/","","","","","","131991","26062","26062","9.984","","987","188","5.250","87.163","Easy","5.368","4","1","","25","9","0","1.340","81","41","0","12","7","0","","","","","6ebcc5b346e4eaae7868493e84eea133","0.055","","","","","en-US","1.1","","","","","","https://www.bowlerhat.co.uk/name-address-phone-number/","2026-07-30 14:26:12"
"https://www.bowlerhat.co.uk/wp-content/uploads/2018/03/Organic-Traffic-Link-Building-for-Small-Businesses.jpg","image/jpeg","200","OK","Indexable","","","0","0","","0","0","","0","0","","0","","0","","0","","0","","0","","","","","","","","","","106475","106475","106475","40.789","","0","","","","","0.000","4","4","","0","0","0","0.000","0","0","0","0","0","0","","","","","","0.022","Mon, 25 Apr 2022 14:45:21 GMT","","","","","1.1","","","","","","https://www.bowlerhat.co.uk/wp-content/uploads/2018/03/Organic-Traffic-Link-Building-for-Small-Businesses.jpg","2026-07-30 14:26:12"
"https://www.bowlerhat.co.uk/wp-content/uploads/2017/11/Web-1920-–-22.png","image/png","200","OK","Indexable","","","0","0","","0","0","","0","0","","0","","0","","0","","0","","0","","","","","","","","","","14040","14040","14040","5.378","","0","","","","","0.000","4","4","","0","0","0","0.000","0","0","0","0","0","0","","","","","","0.043","Mon, 25 Apr 2022 14:45:21 GMT","","","","","1.1","","","","","","https://www.bowlerhat.co.uk/wp-content/uploads/2017/11/Web-1920-%E2%80%93-22.png","2026-07-30 14:26:12"
"https://www.bowlerhat.co.uk/tag/small-business-seo/page/2/","text/html; charset=UTF-8","200","OK","Indexable","","Small Business SEO Archives - Page 2 of 2 - Bowler Hat","54","491","","0","0","","0","0","","0","","0","","0","Small Business SEO","18","","0","index, follow, max-image-preview:large, max-snippet:-1, max-video-preview:-1","","","https://www.bowlerhat.co.uk/tag/small-business-seo/page/2/","","https://www.bowlerhat.co.uk/tag/small-business-seo/","","","","119398","21913","21913","8.394","","306","49","6.245","88.802","Easy","2.493","4","4","","5","2","0","0.300","82","42","0","8","4","0","","","","","ad72d963fc2301c90a5b43384018f39c","0.051","Thu, 30 Jul 2026 13:22:32 GMT","","","","en-US","1.1","","","","","","https://www.bowlerhat.co.uk/tag/small-business-seo/page/2/","2026-07-30 14:26:12"
"https://www.bowlerhat.co.uk/2024/01/23/","text/html; charset=UTF-8","200","OK","Non-Indexable","noindex","January 23, 2024 - Bowler Hat","29","265","","0","0","","0","0","","0","","0","","0","January 23, 2024","16","","0","noindex, follow","","","","","","","","","107281","20234","20234","7.751","","135","27","5.000","79.560","Fairly Easy","1.933","4","3","","4","2","0","0.300","68","37","0","8","4","0","","","","","517e2ef448aa28d38a94ad7e6b6250d5","0.035","Thu, 30 Jul 2026 13:17:41 GMT","","","","en-US","1.1","","","","","","https://www.bowlerhat.co.uk/2024/01/23/","2026-07-30 14:26:12"
"https://www.bowlerhat.co.uk/wp-content/uploads/2025/10/alchemy24.jpg","image/jpeg","200","OK","Indexable","","","0","0","","0","0","","0","0","","0","","0","","0","","0","","0","","","","","","","","","","14085","14085","14085","5.396","","0","","","","","0.000","4","4","","0","0","0","0.000","0","0","0","0","0","0","","","","","","0.018","Mon, 20 Oct 2025 15:29:46 GMT","","","","","1.1","","","","","","https://www.bowlerhat.co.uk/wp-content/uploads/2025/10/alchemy24.jpg","2026-07-30 14:26:12"
"https://www.bowlerhat.co.uk/wp-content/uploads/2025/10/alchemy23.jpg","image/jpeg","200","OK","Indexable","","","0","0","","0","0","","0","0","","0","","0","","0","","0","","0","","","","","","","","","","60722","60722","60722","23.261","","0","","","","","0.000","4","4","","0","0","0","0.000","0","0","0","0","0","0","","","","","","0.051","Mon, 20 Oct 2025 15:28:57 GMT","","","","","1.1","","","","","","https://www.bowlerhat.co.uk/wp-content/uploads/2025/10/alchemy23.jpg","2026-07-30 14:26:12"
"https://www.bowlerhat.co.uk/wp-content/uploads/2025/10/alchemy26.jpg","image/jpeg","200","OK","Indexable","","","0","0","","0","0","","0","0","","0","","0","","0","","0","","0","","","","","","","","","","45593","45593","45593","17.466","","0","","","","","0.000","4","4","","0","0","0","0.000","0","0","0","0","0","0","","","","","","0.066","Mon, 20 Oct 2025 15:31:45 GMT","","","","","1.1","","","","","","https://www.bowlerhat.co.uk/wp-content/uploads/2025/10/alchemy26.jpg","2026-07-30 14:26:12"
"https://www.bowlerhat.co.uk/wp-content/uploads/2025/10/alchemy25.jpg","image/jpeg","200","OK","Indexable","","","0","0","","0","0","","0","0","","0","","0","","0","","0","","0","","","","","","","","","","39680","39680","39680","15.201","","0","","","","","0.000","4","4","","0","0","0","0.000","0","0","0","0","0","0","","","","","","0.051","Mon, 20 Oct 2025 15:30:30 GMT","","","","","1.1","","","","","","https://www.bowlerhat.co.uk/wp-content/uploads/2025/10/alchemy25.jpg","2026-07-30 14:26:12"
"https://www.bowlerhat.co.uk/wp-content/uploads/2025/10/alchemy28.jpg","image/jpeg","200","OK","Indexable","","","0","0","","0","0","","0","0","","0","","0","","0","","0","","0","","","","","","","","","","45079","45079","45079","17.269","","0","","","","","0.000","4","4","","0","0","0","0.000","0","0","0","0","0","0","","","","","","0.048","Mon, 20 Oct 2025 15:33:06 GMT","","","","","1.1","","","","","","https://www.bowlerhat.co.uk/wp-content/uploads/2025/10/alchemy28.jpg","2026-07-30 14:26:12"
"https://www.bowlerhat.co.uk/wp-content/uploads/2025/10/alchemy29-2.jpg","image/jpeg","200","OK","Indexable","","","0","0","","0","0","","0","0","","0","","0","","0","","0","","0","","","","","","","","","","30937","30937","30937","11.851","","0","","","","","0.000","4","4","","0","0","0","0.000","0","0","0","0","0","0","","","","","","0.048","Mon, 20 Oct 2025 15:48:46 GMT","","","","","1.1","","","","","","https://www.bowlerhat.co.uk/wp-content/uploads/2025/10/alchemy29-2.jpg","2026-07-30 14:26:12"
"https://www.bowlerhat.co.uk/wp-content/uploads/2025/10/alchemy27.jpg","image/jpeg","200","OK","Indexable","","","0","0","","0","0","","0","0","","0","","0","","0","","0","","0","","","","","","","","","","36076","36076","36076","13.820","","0","","","","","0.000","4","4","","0","0","0","0.000","0","0","0","0","0","0","","","","","","0.052","Mon, 20 Oct 2025 15:32:29 GMT","","","","","1.1","","","","","","https://www.bowlerhat.co.uk/wp-content/uploads/2025/10/alchemy27.jpg","2026-07-30 14:26:12"
"https://www.bowlerhat.co.uk/wp-content/uploads/2025/10/alchemy21.jpg","image/jpeg","200","OK","Indexable","","","0","0","","0","0","","0","0","","0","","0","","0","","0","","0","","","","","","","","","","38902","38902","38902","14.903","","0","","","","","0.000","4","4","","0","0","0","0.000","0","0","0","0","0","0","","","","","","0.049","Mon, 20 Oct 2025 15:23:22 GMT","","","","","1.1","","","","","","https://www.bowlerhat.co.uk/wp-content/uploads/2025/10/alchemy21.jpg","2026-07-30 14:26:12"
"https://www.bowlerhat.co.uk/wp-content/uploads/2025/10/alchemy22.jpg","image/jpeg","200","OK","Indexable","","","0","0","","0","0","","0","0","","0","","0","","0","","0","","0","","","","","","","","","","104473","104473","104473","40.022","","0","","","","","0.000","4","4","","0","0","0","0.000","0","0","0","0","0","0","","","","","","0.047","Mon, 20 Oct 2025 15:28:17 GMT","","","","","1.1","","","","","","https://www.bowlerhat.co.uk/wp-content/uploads/2025/10/alchemy22.jpg","2026-07-30 14:26:12"
"https://www.bowlerhat.co.uk/wp-content/uploads/2025/10/alchemy19.jpg","image/jpeg","200","OK","Indexable","","","0","0","","0","0","","0","0","","0","","0","","0","","0","","0","","","","","","","","","","36384","36384","36384","13.938","","0","","","","","0.000","4","4","","0","0","0","0.000","0","0","0","0","0","0","","","","","","0.047","Mon, 20 Oct 2025 15:22:11 GMT","","","","","1.1","","","","","","https://www.bowlerhat.co.uk/wp-content/uploads/2025/10/alchemy19.jpg","2026-07-30 14:26:12"
"https://www.bowlerhat.co.uk/wp-content/uploads/2025/10/alchemy20.jpg","image/jpeg","200","OK","Indexable","","","0","0","","0","0","","0","0","","0","","0","","0","","0","","0","","","","","","","","","","59284","59284","59284","22.711","","0","","","","","0.000","4","4","","0","0","0","0.000","0","0","0","0","0","0","","","","","","0.053","Mon, 20 Oct 2025 15:22:49 GMT","","","","","1.1","","","","","","https://www.bowlerhat.co.uk/wp-content/uploads/2025/10/alchemy20.jpg","2026-07-30 14:26:12"
"https://www.bowlerhat.co.uk/wp-content/uploads/elementor/css/post-15450.css?ver=1782986837","text/css","200","OK","Indexable","","","0","0","","0","0","","0","0","","0","","0","","0","","0","","0","","","","","","","","","","0","0","0","0.000","","0","","","","","0.000","4","4","","0","0","0","0.000","0","0","0","0","0","0","","","","","","0.044","Thu, 02 Jul 2026 10:07:17 GMT","","","","","1.1","","","","","","https://www.bowlerhat.co.uk/wp-content/uploads/elementor/css/post-15450.css?ver=1782986837","2026-07-30 14:26:12"
"https://www.bowlerhat.co.uk/wp-content/uploads/2025/10/alchemy3.jpg","image/jpeg","200","OK","Indexable","","","0","0","","0","0","","0","0","","0","","0","","0","","0","","0","","","","","","","","","","54392","54392","54392","20.837","","0","","","","","0.000","4","4","","0","0","0","0.000","0","0","0","0","0","0","","","","","","0.040","Mon, 20 Oct 2025 12:44:37 GMT","","","","","1.1","","","","","","https://www.bowlerhat.co.uk/wp-content/uploads/2025/10/alchemy3.jpg","2026-07-30 14:26:12"
"https://www.bowlerhat.co.uk/wp-content/uploads/2025/10/alchemy5.jpg","image/jpeg","200","OK","Indexable","","","0","0","","0","0","","0","0","","0","","0","","0","","0","","0","","","","","","","","","","49686","49686","49686","19.034","","0","","","","","0.000","4","4","","0","0","0","0.000","0","0","0","0","0","0","","","","","","0.034","Mon, 20 Oct 2025 12:46:35 GMT","","","","","1.1","","","","","","https://www.bowlerhat.co.uk/wp-content/uploads/2025/10/alchemy5.jpg","2026-07-30 14:26:12"
"https://www.bowlerhat.co.uk/wp-content/uploads/2025/10/alchemy7.jpg","image/jpeg","200","OK","Indexable","","","0","0","","0","0","","0","0","","0","","0","","0","","0","","0","","","","","","","","","","47991","47991","47991","18.384","","0","","","","","0.000","4","4","","0","0","0","0.000","0","0","0","0","0","0","","","","","","0.065","Mon, 20 Oct 2025 12:48:08 GMT","","","","","1.1","","","","","","https://www.bowlerhat.co.uk/wp-content/uploads/2025/10/alchemy7.jpg","2026-07-30 14:26:12"
"https://www.bowlerhat.co.uk/wp-content/uploads/2025/10/alchemy6.jpg","image/jpeg","200","OK","Indexable","","","0","0","","0","0","","0","0","","0","","0","","0","","0","","0","","","","","","","","","","37456","37456","37456","14.349","","0","","","","","0.000","4","4","","0","0","0","0.000","0","0","0","0","0","0","","","","","","0.057","Mon, 20 Oct 2025 12:47:25 GMT","","","","","1.1","","","","","","https://www.bowlerhat.co.uk/wp-content/uploads/2025/10/alchemy6.jpg","2026-07-30 14:26:12"
"https://www.bowlerhat.co.uk/wp-content/uploads/2025/10/alchemy4.jpg","image/jpeg","200","OK","Indexable","","","0","0","","0","0","","0","0","","0","","0","","0","","0","","0","","","","","","","","","","39205","39205","39205","15.019","","0","","","","","0.000","4","4","","0","0","0","0.000","0","0","0","0","0","0","","","","","","0.043","Mon, 20 Oct 2025 12:45:16 GMT","","","","","1.1","","","","","","https://www.bowlerhat.co.uk/wp-content/uploads/2025/10/alchemy4.jpg","2026-07-30 14:26:12"
"https://www.bowlerhat.co.uk/wp-content/uploads/elementor/css/post-15415.css?ver=1783022456","text/css","200","OK","Indexable","","","0","0","","0","0","","0","0","","0","","0","","0","","0","","0","","","","","","","","","","0","0","0","0.000","","0","","","","","0.000","4","4","","0","0","0","0.000","0","0","0","0","0","0","","","","","","0.048","Thu, 02 Jul 2026 20:00:56 GMT","","","","","1.1","","","","","","https://www.bowlerhat.co.uk/wp-content/uploads/elementor/css/post-15415.css?ver=1783022456","2026-07-30 14:26:12"
"https://www.bowlerhat.co.uk/wp-content/uploads/2025/10/alchemy1.jpg","image/jpeg","200","OK","Indexable","","","0","0","","0","0","","0","0","","0","","0","","0","","0","","0","","","","","","","","","","53071","53071","53071","20.330","","0","","","","","0.000","4","4","","0","0","0","0.000","0","0","0","0","0","0","","","","","","0.039","Mon, 20 Oct 2025 12:41:08 GMT","","","","","1.1","","","","","","https://www.bowlerhat.co.uk/wp-content/uploads/2025/10/alchemy1.jpg","2026-07-30 14:26:12"
"https://www.bowlerhat.co.uk/wp-content/uploads/elementor/css/post-15433.css?ver=1782987241","text/css","200","OK","Indexable","","","0","0","","0","0","","0","0","","0","","0","","0","","0","","0","","","","","","","","","","0","0","0","0.000","","0","","","","","0.000","4","4","","0","0","0","0.000","0","0","0","0","0","0","","","","","","0.049","Thu, 02 Jul 2026 10:14:01 GMT","","","","","1.1","","","","","","https://www.bowlerhat.co.uk/wp-content/uploads/elementor/css/post-15433.css?ver=1782987241","2026-07-30 14:26:12"
"https://www.bowlerhat.co.uk/wp-content/uploads/2025/10/alchemy2.jpg","image/jpeg","200","OK","Indexable","","","0","0","","0","0","","0","0","","0","","0","","0","","0","","0","","","","","","","","","","39733","39733","39733","15.221","","0","","","","","0.000","4","4","","0","0","0","0.000","0","0","0","0","0","0","","","","","","0.049","Mon, 20 Oct 2025 12:43:38 GMT","","","","","1.1","","","","","","https://www.bowlerhat.co.uk/wp-content/uploads/2025/10/alchemy2.jpg","2026-07-30 14:26:12"
"https://www.bowlerhat.co.uk/wp-content/uploads/2025/10/alchemy10.jpg","image/jpeg","200","OK","Indexable","","","0","0","","0","0","","0","0","","0","","0","","0","","0","","0","","","","","","","","","","67605","67605","67605","25.898","","0","","","","","0.000","4","4","","0","0","0","0.000","0","0","0","0","0","0","","","","","","0.068","Mon, 20 Oct 2025 13:30:32 GMT","","","","","1.1","","","","","","https://www.bowlerhat.co.uk/wp-content/uploads/2025/10/alchemy10.jpg","2026-07-30 14:26:12"
"https://www.bowlerhat.co.uk/wp-content/uploads/2025/10/alchemy11.jpg","image/jpeg","200","OK","Indexable","","","0","0","","0","0","","0","0","","0","","0","","0","","0","","0","","","","","","","","","","46562","46562","46562","17.837","","0","","","","","0.000","4","4","","0","0","0","0.000","0","0","0","0","0","0","","","","","","0.033","Mon, 20 Oct 2025 14:38:29 GMT","","","","","1.1","","","","","","https://www.bowlerhat.co.uk/wp-content/uploads/2025/10/alchemy11.jpg","2026-07-30 14:26:13"
"https://www.bowlerhat.co.uk/wp-content/uploads/2025/10/alchemy14.jpg","image/jpeg","200","OK","Indexable","","","0","0","","0","0","","0","0","","0","","0","","0","","0","","0","","","","","","","","","","46510","46510","46510","17.817","","0","","","","","0.000","4","4","","0","0","0","0.000","0","0","0","0","0","0","","","","","","0.065","Mon, 20 Oct 2025 14:40:14 GMT","","","","","1.1","","","","","","https://www.bowlerhat.co.uk/wp-content/uploads/2025/10/alchemy14.jpg","2026-07-30 14:26:13"
"https://www.bowlerhat.co.uk/wp-content/uploads/2025/10/alchemy13.jpg","image/jpeg","200","OK","Indexable","","","0","0","","0","0","","0","0","","0","","0","","0","","0","","0","","","","","","","","","","52001","52001","52001","19.921","","0","","","","","0.000","4","4","","0","0","0","0.000","0","0","0","0","0","0","","","","","","0.056","Mon, 20 Oct 2025 14:39:40 GMT","","","","","1.1","","","","","","https://www.bowlerhat.co.uk/wp-content/uploads/2025/10/alchemy13.jpg","2026-07-30 14:26:13"
"https://www.bowlerhat.co.uk/wp-content/uploads/2025/10/alchemy12.jpg","image/jpeg","200","OK","Indexable","","","0","0","","0","0","","0","0","","0","","0","","0","","0","","0","","","","","","","","","","48192","48192","48192","18.461","","0","","","","","0.000","4","4","","0","0","0","0.000","0","0","0","0","0","0","","","","","","0.061","Mon, 20 Oct 2025 14:39:07 GMT","","","","","1.1","","","","","","https://www.bowlerhat.co.uk/wp-content/uploads/2025/10/alchemy12.jpg","2026-07-30 14:26:13"
"https://www.bowlerhat.co.uk/wp-content/uploads/2025/10/alchemy8.jpg","image/jpeg","200","OK","Indexable","","","0","0","","0","0","","0","0","","0","","0","","0","","0","","0","","","","","","","","","","28900","28900","28900","11.071","","0","","","","","0.000","4","4","","0","0","0","0.000","0","0","0","0","0","0","","","","","","0.045","Mon, 20 Oct 2025 13:06:04 GMT","","","","","1.1","","","","","","https://www.bowlerhat.co.uk/wp-content/uploads/2025/10/alchemy8.jpg","2026-07-30 14:26:13"
"https://www.bowlerhat.co.uk/wp-content/uploads/elementor/css/post-15438.css?ver=1783111733","text/css","200","OK","Indexable","","","0","0","","0","0","","0","0","","0","","0","","0","","0","","0","","","","","","","","","","0","0","0","0.000","","0","","","","","0.000","4","4","","0","0","0","0.000","0","0","0","0","0","0","","","","","","0.059","Fri, 03 Jul 2026 20:48:53 GMT","","","","","1.1","","","","","","https://www.bowlerhat.co.uk/wp-content/uploads/elementor/css/post-15438.css?ver=1783111733","2026-07-30 14:26:13"
"https://www.bowlerhat.co.uk/wp-content/uploads/elementor/css/post-15427.css?ver=1782987118","text/css","200","OK","Indexable","","","0","0","","0","0","","0","0","","0","","0","","0","","0","","0","","","","","","","","","","0","0","0","0.000","","0","","","","","0.000","4","4","","0","0","0","0.000","0","0","0","0","0","0","","","","","","0.035","Thu, 02 Jul 2026 10:11:58 GMT","","","","","1.1","","","","","","https://www.bowlerhat.co.uk/wp-content/uploads/elementor/css/post-15427.css?ver=1782987118","2026-07-30 14:26:13"
"https://www.bowlerhat.co.uk/wp-content/uploads/2025/10/alchemy9.jpg","image/jpeg","200","OK","Indexable","","","0","0","","0","0","","0","0","","0","","0","","0","","0","","0","","","","","","","","","","31120","31120","31120","11.921","","0","","","","","0.000","4","4","","0","0","0","0.000","0","0","0","0","0","0","","","","","","0.048","Mon, 20 Oct 2025 13:16:21 GMT","","","","","1.1","","","","","","https://www.bowlerhat.co.uk/wp-content/uploads/2025/10/alchemy9.jpg","2026-07-30 14:26:13"
"https://www.bowlerhat.co.uk/wp-content/uploads/elementor/css/post-15436.css?ver=1782982167","text/css","200","OK","Indexable","","","0","0","","0","0","","0","0","","0","","0","","0","","0","","0","","","","","","","","","","0","0","0","0.000","","0","","","","","0.000","4","4","","0","0","0","0.000","0","0","0","0","0","0","","","","","","0.035","Thu, 02 Jul 2026 08:49:27 GMT","","","","","1.1","","","","","","https://www.bowlerhat.co.uk/wp-content/uploads/elementor/css/post-15436.css?ver=1782982167","2026-07-30 14:26:13"
"https://www.bowlerhat.co.uk/wp-content/uploads/2025/10/alchemy18.jpg","image/jpeg","200","OK","Indexable","","","0","0","","0","0","","0","0","","0","","0","","0","","0","","0","","","","","","","","","","64875","64875","64875","24.852","","0","","","","","0.000","4","4","","0","0","0","0.000","0","0","0","0","0","0","","","","","","0.054","Mon, 20 Oct 2025 15:16:22 GMT","","","","","1.1","","","","","","https://www.bowlerhat.co.uk/wp-content/uploads/2025/10/alchemy18.jpg","2026-07-30 14:26:13"
"https://www.bowlerhat.co.uk/wp-content/uploads/elementor/css/post-15444.css?ver=1783085101","text/css","200","OK","Indexable","","","0","0","","0","0","","0","0","","0","","0","","0","","0","","0","","","","","","","","","","0","0","0","0.000","","0","","","","","0.000","4","4","","0","0","0","0.000","0","0","0","0","0","0","","","","","","0.050","Fri, 03 Jul 2026 13:25:01 GMT","","","","","1.1","","","","","","https://www.bowlerhat.co.uk/wp-content/uploads/elementor/css/post-15444.css?ver=1783085101","2026-07-30 14:26:13"
"https://www.bowlerhat.co.uk/wp-content/uploads/2025/10/alchemy17.jpg","image/jpeg","200","OK","Indexable","","","0","0","","0","0","","0","0","","0","","0","","0","","0","","0","","","","","","","","","","53050","53050","53050","20.322","","0","","","","","0.000","4","4","","0","0","0","0.000","0","0","0","0","0","0","","","","","","0.057","Mon, 20 Oct 2025 15:15:34 GMT","","","","","1.1","","","","","","https://www.bowlerhat.co.uk/wp-content/uploads/2025/10/alchemy17.jpg","2026-07-30 14:26:13"
"https://www.bowlerhat.co.uk/wp-content/uploads/2025/10/alchemy15.jpg","image/jpeg","200","OK","Indexable","","","0","0","","0","0","","0","0","","0","","0","","0","","0","","0","","","","","","","","","","66395","66395","66395","25.435","","0","","","","","0.000","4","4","","0","0","0","0.000","0","0","0","0","0","0","","","","","","0.030","Mon, 20 Oct 2025 15:06:43 GMT","","","","","1.1","","","","","","https://www.bowlerhat.co.uk/wp-content/uploads/2025/10/alchemy15.jpg","2026-07-30 14:26:13"
"https://www.bowlerhat.co.uk/wp-content/uploads/2025/10/alchemy16.jpg","image/jpeg","200","OK","Indexable","","","0","0","","0","0","","0","0","","0","","0","","0","","0","","0","","","","","","","","","","58259","58259","58259","22.318","","0","","","","","0.000","4","4","","0","0","0","0.000","0","0","0","0","0","0","","","","","","0.047","Mon, 20 Oct 2025 15:13:57 GMT","","","","","1.1","","","","","","https://www.bowlerhat.co.uk/wp-content/uploads/2025/10/alchemy16.jpg","2026-07-30 14:26:13"
"https://www.bowlerhat.co.uk/2015/09/22/","text/html; charset=UTF-8","200","OK","Non-Indexable","noindex","September 22, 2015 - Bowler Hat","31","293","","0","0","","0","0","","0","","0","","0","September 22, 2015","18","","0","noindex, follow","","","","","","","","","109817","20586","20586","7.886","","178","33","5.394","84.916","Easy","2.092","4","3","","5","3","0","0.450","71","38","0","8","4","0","","","","","d362077d855f6d05ad3959e4ed523cf7","0.041","Thu, 30 Jul 2026 13:22:32 GMT","","","","en-US","1.1","","","","","","https://www.bowlerhat.co.uk/2015/09/22/","2026-07-30 14:26:13"
"https://www.bowlerhat.co.uk/wp-content/uploads/seo-danger-zone.png","image/png","200","OK","Indexable","","","0","0","","0","0","","0","0","","0","","0","","0","","0","","0","","","","","","","","","","44276","44276","44276","16.961","","0","","","","","0.000","4","2","","0","0","0","0.000","0","0","0","0","0","0","","","","","","0.032","Mon, 25 Apr 2022 14:45:20 GMT","","","","","1.1","","","","","","https://www.bowlerhat.co.uk/wp-content/uploads/seo-danger-zone.png","2026-07-30 14:26:13"
"https://www.bowlerhat.co.uk/how-to-rank-higher-on-tripadvisor/","text/html; charset=UTF-8","200","OK","Indexable","","7 Tips To Rank #1 On TripAdvisor - Bowler Hat","45","410","77% of people check TripAdvisor reviews before booking a Hotel, so follow these steps to make sure your listing is found before your competitors.","145","891","","0","0","","0","How to Rank Higher on TripAdvisor","33","","0","Leave a Reply Cancel reply","26","","0","index, follow, max-image-preview:large, max-snippet:-1, max-video-preview:-1","","","https://www.bowlerhat.co.uk/how-to-rank-higher-on-tripadvisor/","","","","","","126454","24925","24925","9.548","","875","127","6.890","76.664","Fairly Easy","4.933","4","1","","12","5","0","0.740","75","40","0","11","5","0","","","","","36a5fc0dc3208ac0c7c264a546de384d","0.034","","","","","en-US","1.1","","","","","","https://www.bowlerhat.co.uk/how-to-rank-higher-on-tripadvisor/","2026-07-30 14:26:13"
"https://www.bowlerhat.co.uk/how-to-report-a-fake-google-business-page/","text/html; charset=UTF-8","200","OK","Indexable","","How To Remove A Fake Google+ Business Page - Bowler Hat","55","541","Has your competitor created a fake Google+ page to push you further down the rankings? Follow this simple guide to get it removed so that your business can rank fairly again.","174","1080","","0","0","","0","How To Remove A Fake Google+ Business Page","42","","0","24 Responses","12","Leave a Reply Cancel reply","26","index, follow, max-image-preview:large, max-snippet:-1, max-video-preview:-1","","","https://www.bowlerhat.co.uk/how-to-report-a-fake-google-business-page/","","","","","","165095","29723","29723","11.386","","1444","263","5.490","87.954","Easy","6.064","4","1","","62","6","0","0.890","131","43","0","20","14","0","","","","","f6c35107771333c7dbf10232def08e5f","0.067","","","","","en-US","1.1","","","","","","https://www.bowlerhat.co.uk/how-to-report-a-fake-google-business-page/","2026-07-30 14:26:13"
"https://www.bowlerhat.co.uk/2018/10/03/","text/html; charset=UTF-8","200","OK","Non-Indexable","noindex","October 3, 2018 - Bowler Hat","28","254","","0","0","","0","0","","0","","0","","0","October 3, 2018","15","","0","noindex, follow","","","","","","","","","107695","20329","20329","7.788","","139","27","5.148","84.752","Easy","1.922","4","3","","4","2","0","0.300","68","37","0","8","4","0","","","","","c355cb0d52cfc36520d581a05ff8475c","0.067","Thu, 30 Jul 2026 13:22:32 GMT","","","","en-US","1.1","","","","","","https://www.bowlerhat.co.uk/2018/10/03/","2026-07-30 14:26:13"
"https://www.bowlerhat.co.uk/services/seo/national-seo/","text/html; charset=UTF-8","301","Moved Permanently","Non-Indexable","Redirected","","0","0","","0","0","","0","0","","0","","0","","0","","0","","0","","","","","","","","","","0","0","0","0.000","","0","","","","","0.000","4","3","","2","2","0","0.300","0","0","0","0","0","0","","","","","","0.016","","https://www.bowlerhat.co.uk/services/seo/","HTTP Redirect","","","1.1","","","","","","https://www.bowlerhat.co.uk/services/seo/national-seo/","2026-07-30 14:26:13"
"https://www.bowlerhat.co.uk/2022/01/12/","text/html; charset=UTF-8","200","OK","Non-Indexable","noindex","January 12, 2022 - Bowler Hat","29","265","","0","0","","0","0","","0","","0","","0","January 12, 2022","16","","0","noindex, follow","","","","","","","","","107258","20244","20244","7.755","","136","27","5.037","89.752","Easy","1.903","4","3","","4","2","0","0.300","68","37","0","8","4","0","","","","","2848862ae3bf7d309940629539cc99e","0.034","Thu, 30 Jul 2026 13:22:32 GMT","","","","en-US","1.1","","","","","","https://www.bowlerhat.co.uk/2022/01/12/","2026-07-30 14:26:13"
"https://www.bowlerhat.co.uk/is-seo-good-for-small-businesses/","text/html; charset=UTF-8","200","OK","Indexable","","Is SEO Good for Small Businesses? - Bowler Hat","46","424","In this article, we cover everything you need to determine whether SEO is a good fit for your small business.","109","656","","0","0","","0","Is SEO Good for Small Businesses?","33","","0","SEO & Digital Marketing – Where to Start?","41","Understanding the Search Results","32","index, follow, max-image-preview:large, max-snippet:-1, max-video-preview:-1","","","https://www.bowlerhat.co.uk/is-seo-good-for-small-businesses/","","","","","","133444","26481","26481","10.144","","1467","184","7.973","83.232","Easy","6.928","4","1","","12","5","0","0.740","77","41","0","11","5","0","","","","","6ae8bf2e15e9b01af46b935f31e76c59","0.051","","","","","en-US","1.1","","","","","","https://www.bowlerhat.co.uk/is-seo-good-for-small-businesses/","2026-07-30 14:26:13"
"https://www.bowlerhat.co.uk/2021/12/08/","text/html; charset=UTF-8","200","OK","Non-Indexable","noindex","December 8, 2021 - Bowler Hat","29","275","","0","0","","0","0","","0","","0","","0","December 8, 2021","16","","0","noindex, follow","","","","","","","","","107804","20313","20313","7.782","","137","28","4.893","75.895","Fairly Easy","1.952","4","3","","4","2","0","0.300","68","37","0","8","4","0","","","","","195ea04258976f5926357692744673df","0.035","Thu, 30 Jul 2026 13:22:32 GMT","","","","en-US","1.1","","","","","","https://www.bowlerhat.co.uk/2021/12/08/","2026-07-30 14:26:13"
"https://www.bowlerhat.co.uk/2015/09/08/","text/html; charset=UTF-8","200","OK","Non-Indexable","noindex","September 8, 2015 - Bowler Hat","30","282","","0","0","","0","0","","0","","0","","0","September 8, 2015","17","","0","noindex, follow","","","","","","","","","107462","20264","20264","7.763","","138","28","4.929","82.902","Easy","1.928","4","3","","4","2","0","0.300","68","37","0","8","4","0","","","","","e270d5c7807413836f60d65a0dd0e0e5","0.024","Thu, 30 Jul 2026 13:22:32 GMT","","","","en-US","1.1","","","","","","https://www.bowlerhat.co.uk/2015/09/08/","2026-07-30 14:26:13"
"https://www.bowlerhat.co.uk/google-home-service-ads-what-are-they/","text/html; charset=UTF-8","200","OK","Indexable","","What Are Google Home Service Ads - Bowler Hat","45","434","Master Googles ever changing interface with a classic Bowler Hat blog. Figure out the ins and outs of Googles Home Services Ads with us!","136","849","","0","0","","0","Google Home Service Ads – What Are They?","40","","0","Leave a Reply Cancel reply","26","","0","index, follow, max-image-preview:large, max-snippet:-1, max-video-preview:-1","","","https://www.bowlerhat.co.uk/google-home-service-ads-what-are-they/","","","","","","124893","24312","24312","9.313","","642","97","6.619","83.627","Easy","3.884","4","1","","12","5","0","0.740","73","40","0","8","4","0","","","","","5dc79cbc6a8a8cc8622a77d375abe5c4","0.050","","","","","en-US","1.1","","","","","","https://www.bowlerhat.co.uk/google-home-service-ads-what-are-they/","2026-07-30 14:26:13"
"https://www.bowlerhat.co.uk/wp-content/uploads/2022/08/5-ppc-tips-2.jpg","image/jpeg","200","OK","Indexable","","","0","0","","0","0","","0","0","","0","","0","","0","","0","","0","","","","","","","","","","4377","4377","4377","1.677","","0","","","","","0.000","4","4","","0","0","0","0.000","0","0","0","0","0","0","","","","","","0.018","Tue, 09 Aug 2022 10:22:48 GMT","","","","","1.1","","","","","","https://www.bowlerhat.co.uk/wp-content/uploads/2022/08/5-ppc-tips-2.jpg","2026-07-30 14:26:14"
"https://www.bowlerhat.co.uk/2022/08/09/","text/html; charset=UTF-8","200","OK","Non-Indexable","noindex","August 9, 2022 - Bowler Hat","27","246","","0","0","","0","0","","0","","0","","0","August 9, 2022","14","","0","noindex, follow","","","","","","","","","107254","20219","20219","7.746","","138","26","5.308","88.035","Easy","1.925","4","3","","4","2","0","0.300","68","37","0","8","4","0","","","","","daf7569d9ead3100971fc53c3f50d696","0.035","Thu, 30 Jul 2026 13:22:33 GMT","","","","en-US","1.1","","","","","","https://www.bowlerhat.co.uk/2022/08/09/","2026-07-30 14:26:14"
"https://www.bowlerhat.co.uk/wp-content/uploads/2022/08/5-ppc-tips-1.jpg","image/jpeg","200","OK","Indexable","","","0","0","","0","0","","0","0","","0","","0","","0","","0","","0","","","","","","","","","","22621","22621","22621","8.666","","0","","","","","0.000","4","4","","0","0","0","0.000","0","0","0","0","0","0","","","","","","0.033","Tue, 09 Aug 2022 10:22:05 GMT","","","","","1.1","","","","","","https://www.bowlerhat.co.uk/wp-content/uploads/2022/08/5-ppc-tips-1.jpg","2026-07-30 14:26:15"
"https://www.bowlerhat.co.uk/wp-content/uploads/2022/08/5-ppc-tips-4.png","image/png","200","OK","Indexable","","","0","0","","0","0","","0","0","","0","","0","","0","","0","","0","","","","","","","","","","5834","5834","5834","2.235","","0","","","","","0.000","4","4","","0","0","0","0.000","0","0","0","0","0","0","","","","","","0.069","Tue, 09 Aug 2022 10:24:45 GMT","","","","","1.1","","","","","","https://www.bowlerhat.co.uk/wp-content/uploads/2022/08/5-ppc-tips-4.png","2026-07-30 14:26:15"
"https://www.bowlerhat.co.uk/wp-content/uploads/2022/08/5-ppc-tips-5.png","image/png","200","OK","Indexable","","","0","0","","0","0","","0","0","","0","","0","","0","","0","","0","","","","","","","","","","12419","12419","12419","4.757","","0","","","","","0.000","4","4","","0","0","0","0.000","0","0","0","0","0","0","","","","","","0.048","Tue, 09 Aug 2022 10:25:50 GMT","","","","","1.1","","","","","","https://www.bowlerhat.co.uk/wp-content/uploads/2022/08/5-ppc-tips-5.png","2026-07-30 14:26:15"
"https://www.bowlerhat.co.uk/wp-content/uploads/2022/08/5-ppc-tips-3.png","image/png","200","OK","Indexable","","","0","0","","0","0","","0","0","","0","","0","","0","","0","","0","","","","","","","","","","8199","8199","8199","3.141","","0","","","","","0.000","4","4","","0","0","0","0.000","0","0","0","0","0","0","","","","","","0.048","Tue, 09 Aug 2022 10:23:48 GMT","","","","","1.1","","","","","","https://www.bowlerhat.co.uk/wp-content/uploads/2022/08/5-ppc-tips-3.png","2026-07-30 14:26:15"
"https://www.bowlerhat.co.uk/seo-best-practices-for-your-page-titles-descriptions/","text/html; charset=UTF-8","200","OK","Indexable","","SEO Best Practices for your Page Titles & Descriptions | Bowler Hat","67","596","Best SEO practices for your page titles and descriptions allowing you to get the best from these SEO and click through easy wins.","129","792","","0","0","","0","SEO Best Practices for your Page Titles & Descriptions","54","","0","1. Length","9","2. Keyword Placement","20","index, follow, max-image-preview:large, max-snippet:-1, max-video-preview:-1","","","https://www.bowlerhat.co.uk/seo-best-practices-for-your-page-titles-descriptions/","","","","","","130719","26178","26178","10.028","","1308","192","6.812","85.827","Easy","6.483","4","1","","21","9","0","1.340","79","43","0","9","5","0","","","","","ed71360f9c590d58be2efa152edda1aa","0.087","","","","","en-US","1.1","","","","","","https://www.bowlerhat.co.uk/seo-best-practices-for-your-page-titles-descriptions/","2026-07-30 14:26:15"
"https://www.bowlerhat.co.uk/tag/seo-basics/page/2/","text/html; charset=UTF-8","200","OK","Indexable","","seo basics Archives - Page 2 of 2 - Bowler Hat","46","407","","0","0","","0","0","","0","","0","","0","seo basics","10","","0","index, follow, max-image-preview:large, max-snippet:-1, max-video-preview:-1","","","https://www.bowlerhat.co.uk/tag/seo-basics/page/2/","","https://www.bowlerhat.co.uk/tag/seo-basics/","","","","111256","20763","20763","7.954","","179","32","5.594","86.309","Easy","2.081","4","4","","5","2","0","0.300","73","39","0","8","4","0","","","","","d9a17566d2dd3648d56d93a766a5d0cd","0.033","Thu, 30 Jul 2026 13:22:34 GMT","","","","en-US","1.1","","","","","","https://www.bowlerhat.co.uk/tag/seo-basics/page/2/","2026-07-30 14:26:15"
"https://www.bowlerhat.co.uk/wp-content/uploads/2017/04/How-to-optimise-your-new-website.jpg","image/jpeg","200","OK","Indexable","","","0","0","","0","0","","0","0","","0","","0","","0","","0","","0","","","","","","","","","","94738","94738","94738","36.292","","0","","","","","0.000","4","4","","0","0","0","0.000","0","0","0","0","0","0","","","","","","0.058","Mon, 25 Apr 2022 14:45:21 GMT","","","","","1.1","","","","","","https://www.bowlerhat.co.uk/wp-content/uploads/2017/04/How-to-optimise-your-new-website.jpg","2026-07-30 14:26:15"
"https://www.bowlerhat.co.uk/brand-champions-instagram-theyre/","text/html; charset=UTF-8","200","OK","Indexable","","The Brand Champions of Instagram and How They're Doing It - Bowler Hat","70","655","Find the best SEO tips and tricks to optimise your website in Bowler Hats blog. Read on to find out about Instagrams brand champions and how they got there.","156","978","","0","0","","0","The Brand Champions of Instagram and How They’re Doing It","57","","0","Leave a Reply Cancel reply","26","","0","index, follow, max-image-preview:large, max-snippet:-1, max-video-preview:-1","","","https://www.bowlerhat.co.uk/brand-champions-instagram-theyre/","","","","","","133268","26546","26546","10.169","","1204","160","7.525","74.616","Fairly Easy","6.213","4","1","","15","7","0","1.040","84","51","0","9","5","0","","","","","490a318a6417de1223c278bf6a363527","0.039","","","","","en-US","1.1","","","","","","https://www.bowlerhat.co.uk/brand-champions-instagram-theyre/","2026-07-30 14:26:15"
"https://www.bowlerhat.co.uk/brand-values-strengthen-strategy/","text/html; charset=UTF-8","200","OK","Indexable","","How Brand Values Strengthen Your Marketing Strategy - Bowler Hat","64","602","Your brand is what you stand for and this should be communicated to your audience through making your marketing material an embodiment of your brand values.","156","1008","","0","0","","0","How Brand Values Strengthen Your Marketing Strategy","51","","0","Leave a Reply Cancel reply","26","","0","index, follow, max-image-preview:large, max-snippet:-1, max-video-preview:-1","","","https://www.bowlerhat.co.uk/brand-values-strengthen-strategy/","","","","","","129848","25916","25916","9.928","","1086","141","7.702","72.585","Fairly Easy","5.894","4","1","","26","13","0","1.930","76","43","0","12","8","0","","","","","ca7ee43233f35e4d5516e5840f3ac34c","0.081","","","","","en-US","1.1","","","","","","https://www.bowlerhat.co.uk/brand-values-strengthen-strategy/","2026-07-30 14:26:15"
"https://www.bowlerhat.co.uk/combat-twitters-header-quality/","text/html; charset=UTF-8","200","OK","Indexable","","How to Combat Twitter’s Header Quality Issue - Bowler Hat","57","525","Find out the best SEO tips and tricks to optimise your website in Bowler Hats blog. Read on to find out how to combat twitters header quality issue.","148","903","","0","0","","0","How to Combat Twitter’s Header Quality Issue","44","","0","Visuals","7","Dimensions","10","index, follow, max-image-preview:large, max-snippet:-1, max-video-preview:-1","","","https://www.bowlerhat.co.uk/combat-twitters-header-quality/","","","","","","132967","26658","26658","10.212","","1155","172","6.715","82.092","Easy","5.890","4","1","","24","9","0","1.340","81","42","0","10","6","0","","","","","6c595c7efe8fb6e3dfd3bfb831fbea65","0.075","","","","","en-US","1.1","","","","","","https://www.bowlerhat.co.uk/combat-twitters-header-quality/","2026-07-30 14:26:15"
"https://www.bowlerhat.co.uk/5-nifty-social-content-tools/","text/html; charset=UTF-8","200","OK","Indexable","","5 Nifty Social and Content Tools You Need to Streamline Your Strategy - Bowler Hat","82","742","Use these 5 cool tools to create some great content and streamline your social and content strategy.","100","618","","0","0","","0","5 Nifty Social and Content Tools You Need to Streamline Your Strategy","69","","0","Leave a Reply Cancel reply","26","","0","index, follow, max-image-preview:large, max-snippet:-1, max-video-preview:-1","","","https://www.bowlerhat.co.uk/5-nifty-social-content-tools/","","","","","","126983","24406","24406","9.349","","554","96","5.771","73.467","Fairly Easy","3.609","4","1","","36","14","0","2.080","81","48","0","14","10","0","","","","","f6b6bed38cc355ca8c81ad427f3ea21e","0.038","","","","","en-US","1.1","","","","","","https://www.bowlerhat.co.uk/5-nifty-social-content-tools/","2026-07-30 14:26:15"
"https://www.bowlerhat.co.uk/claim-ownership-verified-google-business-page/","text/html; charset=UTF-8","200","OK","Indexable","","How to Claim Ownership of a Verified Google+ Business Page - Bowler Hat","71","663","Learn how to claim ownership of your Google my business page with our blog post. Click here to read how to verify your page.","124","774","","0","0","","0","How to Claim Ownership of a Verified Google+ Business Page","58","","0","Leave a Reply Cancel reply","26","","0","index, follow, max-image-preview:large, max-snippet:-1, max-video-preview:-1","","","https://www.bowlerhat.co.uk/claim-ownership-verified-google-business-page/","","","","","","126743","24749","24749","9.481","","750","105","7.143","92.087","Very Easy","4.103","4","1","","16","9","0","1.340","76","41","0","10","6","0","","","","","1e77b571691ba6543d070c59d52aa3b4","0.044","","","","","en-US","1.1","","","","","","https://www.bowlerhat.co.uk/claim-ownership-verified-google-business-page/","2026-07-30 14:26:15"
"https://www.bowlerhat.co.uk/gdpr-one-month-on/","text/html; charset=UTF-8","200","OK","Indexable","","GDPR One Month On - Are You Compliant Yet? - Bowler Hat","55","526","Last month’s GDPR-pocalypse was something nobody was really looking forward to. So where are we one month on? Are you compliant?","128","845","","0","0","","0","GDPR One Month On – Are You Compliant Yet?","42","","0","So What Can I Do?","17","What If I Don’t Want A GDPR Audit Thingy?","41","index, follow, max-image-preview:large, max-snippet:-1, max-video-preview:-1","","","https://www.bowlerhat.co.uk/gdpr-one-month-on/","","","","","","130198","26676","26676","10.219","","1371","192","7.141","84.257","Easy","6.821","4","1","","12","5","0","0.740","82","41","0","12","7","0","","","","","18009b0096b1ae01a1c44aae25c30fb","0.039","","","","","en-US","1.1","","","","","","https://www.bowlerhat.co.uk/gdpr-one-month-on/","2026-07-30 14:26:15"
"https://www.bowlerhat.co.uk/2018/06/22/","text/html; charset=UTF-8","200","OK","Non-Indexable","noindex","June 22, 2018 - Bowler Hat","26","238","","0","0","","0","0","","0","","0","","0","June 22, 2018","13","","0","noindex, follow","","","","","","","","","107265","20213","20213","7.743","","140","26","5.385","79.908","Fairly Easy","1.947","4","3","","4","2","0","0.300","68","37","0","8","4","0","","","","","afb334704ba696eae654b99b776f06ab","0.032","Thu, 30 Jul 2026 13:22:34 GMT","","","","en-US","1.1","","","","","","https://www.bowlerhat.co.uk/2018/06/22/","2026-07-30 14:26:15"
"https://www.bowlerhat.co.uk/wp-content/uploads/2018/02/Social-Guide-CTA.png","image/png","200","OK","Indexable","","","0","0","","0","0","","0","0","","0","","0","","0","","0","","0","","","","","","","","","","52500","52500","52500","20.112","","0","","","","","0.000","4","4","","0","0","0","0.000","0","0","0","0","0","0","","","","","","0.023","Mon, 25 Apr 2022 14:45:21 GMT","","","","","1.1","","","","","","https://www.bowlerhat.co.uk/wp-content/uploads/2018/02/Social-Guide-CTA.png","2026-07-30 14:26:15"
"https://www.bowlerhat.co.uk/author/zoe-miller/","text/html; charset=UTF-8","200","OK","Indexable","","Zoe Miller, Author at Bowler Hat","32","284","","0","0","","0","0","","0","","0","","0","Zoe Miller","10","","0","index, follow, max-image-preview:large, max-snippet:-1, max-video-preview:-1","","","https://www.bowlerhat.co.uk/author/zoe-miller/","","","","","","116141","21488","21488","8.232","","273","46","5.935","85.842","Easy","2.431","4","2","","19","5","0","0.740","77","40","0","8","4","0","","","","","26132c7ee3c74d43d79f89a5b43790ec","0.033","Thu, 30 Jul 2026 13:22:34 GMT","","","","en-US","1.1","","","","","","https://www.bowlerhat.co.uk/author/zoe-miller/","2026-07-30 14:26:15"
"https://www.bowlerhat.co.uk/tag/on-page-seo/","text/html; charset=UTF-8","200","OK","Indexable","","on page seo Archives - Bowler Hat","33","304","","0","0","","0","0","","0","","0","","0","on page seo","11","","0","index, follow, max-image-preview:large, max-snippet:-1, max-video-preview:-1","","","https://www.bowlerhat.co.uk/tag/on-page-seo/","","","","","","115624","21164","21164","8.108","","267","42","6.357","89.167","Easy","2.394","4","2","","7","5","0","0.740","77","40","0","8","4","0","","","","","32e94e882f5b2e07b21c8ea1b439910c","0.027","Thu, 30 Jul 2026 13:22:34 GMT","","","","en-US","1.1","","","","","","https://www.bowlerhat.co.uk/tag/on-page-seo/","2026-07-30 14:26:15"
"https://www.bowlerhat.co.uk/2017/04/28/","text/html; charset=UTF-8","200","OK","Non-Indexable","noindex","April 28, 2017 - Bowler Hat","27","235","","0","0","","0","0","","0","","0","","0","April 28, 2017","14","","0","noindex, follow","","","","","","","","","107821","20339","20339","7.791","","143","26","5.500","86.480","Easy","1.943","4","3","","4","2","0","0.300","68","37","0","8","4","0","","","","","c0a3d5f21cf67b16534efa932746b0ee","0.025","Thu, 30 Jul 2026 13:22:34 GMT","","","","en-US","1.1","","","","","","https://www.bowlerhat.co.uk/2017/04/28/","2026-07-30 14:26:15"
"https://www.bowlerhat.co.uk/wp-content/uploads/2017/04/optimise-your-site-for-search-engines.png","image/png","200","OK","Indexable","","","0","0","","0","0","","0","0","","0","","0","","0","","0","","0","","","","","","","","","","25772","25772","25772","9.873","","0","","","","","0.000","4","4","","0","0","0","0.000","0","0","0","0","0","0","","","","","","0.026","Mon, 25 Apr 2022 14:45:21 GMT","","","","","1.1","","","","","","https://www.bowlerhat.co.uk/wp-content/uploads/2017/04/optimise-your-site-for-search-engines.png","2026-07-30 14:26:15"
"https://www.bowlerhat.co.uk/wp-content/uploads/2017/08/meta.png","image/png","200","OK","Indexable","","","0","0","","0","0","","0","0","","0","","0","","0","","0","","0","","","","","","","","","","7565","7565","7565","2.898","","0","","","","","0.000","4","4","","0","0","0","0.000","0","0","0","0","0","0","","","","","","0.016","Mon, 25 Apr 2022 14:45:21 GMT","","","","","1.1","","","","","","https://www.bowlerhat.co.uk/wp-content/uploads/2017/08/meta.png","2026-07-30 14:26:15"
"https://www.bowlerhat.co.uk/understanding-how-people-search-the-web/","text/html; charset=UTF-8","200","OK","Indexable","","Understanding How People Search The Web - Bowler Hat","52","507","Key to a successful SEO strategy is understanding how your prospects search and the intent behind the different kind of search terms.","133","827","","0","0","","0","Understanding How People Search The Web","39","","0","Leave a Reply Cancel reply","26","","0","index, follow, max-image-preview:large, max-snippet:-1, max-video-preview:-1","","","https://www.bowlerhat.co.uk/understanding-how-people-search-the-web/","","","","","","128519","25454","25454","9.751","","931","150","6.207","79.224","Fairly Easy","5.130","4","1","","18","9","0","1.340","77","41","0","8","4","0","","","","","f42aa946b04c28d372bd45ed6a13e338","0.081","","","","","en-US","1.1","","","","","","https://www.bowlerhat.co.uk/understanding-how-people-search-the-web/","2026-07-30 14:26:16"
"https://www.bowlerhat.co.uk/wp-content/uploads/2017/08/punctuation.png","image/png","200","OK","Indexable","","","0","0","","0","0","","0","0","","0","","0","","0","","0","","0","","","","","","","","","","21474","21474","21474","8.226","","0","","","","","0.000","4","4","","0","0","0","0.000","0","0","0","0","0","0","","","","","","0.067","Mon, 25 Apr 2022 14:45:21 GMT","","","","","1.1","","","","","","https://www.bowlerhat.co.uk/wp-content/uploads/2017/08/punctuation.png","2026-07-30 14:26:16"
"https://www.bowlerhat.co.uk/2017/08/25/","text/html; charset=UTF-8","200","OK","Non-Indexable","noindex","August 25, 2017 - Bowler Hat","28","257","","0","0","","0","0","","0","","0","","0","August 25, 2017","15","","0","noindex, follow","","","","","","","","","108130","20417","20417","7.821","","143","29","4.931","81.733","Easy","1.953","4","3","","4","2","0","0.300","68","37","0","8","4","0","","","","","ed519c3732401632faa5ae03888f5a51","0.033","Thu, 30 Jul 2026 13:22:35 GMT","","","","en-US","1.1","","","","","","https://www.bowlerhat.co.uk/2017/08/25/","2026-07-30 14:26:16"
"https://www.bowlerhat.co.uk/guest-posting-for-seo-is-the-writing-on-the-wall/","text/html; charset=UTF-8","200","OK","Indexable","","Guest Posting for SEO - is the Writing on the Wall? - Bowler Hat","64","560","Is guest posting the next link building strategy to be punished by Google or is this SEO stalwart still a safe bet? The answer, as ever, is it depends.","151","888","","0","0","","0","Guest Posting for SEO – is the Writing on the Wall?","51","","0","Leave a Reply Cancel reply","26","","0","index, follow, max-image-preview:large, max-snippet:-1, max-video-preview:-1","","","https://www.bowlerhat.co.uk/guest-posting-for-seo-is-the-writing-on-the-wall/","","","","","","129860","26405","26405","10.115","","1279","161","7.944","82.422","Easy","6.453","4","1","","14","7","0","1.040","75","42","0","10","6","0","","","","","b1c51a708cad19e8c8682f8f85f8e316","0.082","","","","","en-US","1.1","","","","","","https://www.bowlerhat.co.uk/guest-posting-for-seo-is-the-writing-on-the-wall/","2026-07-30 14:26:16"
"https://www.bowlerhat.co.uk/2013/05/20/","text/html; charset=UTF-8","200","OK","Non-Indexable","noindex","May 20, 2013 - Bowler Hat","25","231","","0","0","","0","0","","0","","0","","0","May 20, 2013","12","","0","noindex, follow","","","","","","","","","107392","20262","20262","7.762","","140","26","5.385","91.390","Very Easy","1.924","5","3","","4","2","0","0.300","68","37","0","8","4","0","","","","","afc9dde6866e1758d1f994899109ad34","0.030","Thu, 30 Jul 2026 13:22:35 GMT","","","","en-US","1.1","","","","","","https://www.bowlerhat.co.uk/2013/05/20/","2026-07-30 14:26:16"
"https://www.bowlerhat.co.uk/2013/05/15/","text/html; charset=UTF-8","200","OK","Non-Indexable","noindex","May 15, 2013 - Bowler Hat","25","231","","0","0","","0","0","","0","","0","","0","May 15, 2013","12","","0","noindex, follow","","","","","","","","","107363","20232","20232","7.750","","136","26","5.231","90.799","Very Easy","1.893","5","3","","4","2","0","0.300","68","37","0","8","4","0","","","","","1854981f4e94c6ba46d55cf68b9cda5f","0.036","Thu, 30 Jul 2026 13:22:35 GMT","","","","en-US","1.1","","","","","","https://www.bowlerhat.co.uk/2013/05/15/","2026-07-30 14:26:16"
"https://www.bowlerhat.co.uk/prevent-pdf-articles-becoming-duplicate-content/","text/html; charset=UTF-8","200","OK","Indexable","","Prevent PDF Articles becoming Duplicate Content - Bowler Hat","60","557","PDF versions of your articles could end up damaging the performance of the main page - learn how to prevent duplication and allocate link equity correctly.","155","951","","0","0","","0","Prevent PDF Articles becoming Duplicate Content","47","","0","","0","2 Responses","11","index, follow, max-image-preview:large, max-snippet:-1, max-video-preview:-1","","","https://www.bowlerhat.co.uk/prevent-pdf-articles-becoming-duplicate-content/","","","","","","136254","27854","27854","10.670","","1774","275","6.451","81.018","Easy","8.472","5","1","","16","5","0","0.740","78","40","0","15","9","0","","","","","6aeaa5642772c41fd4c5e0637202973f","0.046","","","","","en-US","1.1","","","","","","https://www.bowlerhat.co.uk/prevent-pdf-articles-becoming-duplicate-content/","2026-07-30 14:26:16"
"https://www.bowlerhat.co.uk/2013/01/21/","text/html; charset=UTF-8","200","OK","Non-Indexable","noindex","January 21, 2013 - Bowler Hat","29","265","","0","0","","0","0","","0","","0","","0","January 21, 2013","16","","0","noindex, follow","","","","","","","","","107506","20287","20287","7.772","","139","27","5.148","89.621","Easy","1.930","5","3","","4","2","0","0.300","68","37","0","8","4","0","","","","","d0cc433ce653cb67a4004d9f2278fb51","0.064","Thu, 30 Jul 2026 13:22:35 GMT","","","","en-US","1.1","","","","","","https://www.bowlerhat.co.uk/2013/01/21/","2026-07-30 14:26:16"
"https://www.bowlerhat.co.uk/earning-links-work-talk-hustle/","text/html; charset=UTF-8","200","OK","Indexable","","Earning Links for SEO - Work, Talk & Hustle | BowlerHat.co.uk","61","540","Are you writing great content but not getting any links? Are your outreach efforts failing? Learn the magical ratio of work and hustle needed to earn links.","156","940","","0","0","","0","Earning Links – Work Hard, Talk Fast & Hustle","45","","0","One Response","12","Leave a Reply Cancel reply","26","index, follow, max-image-preview:large, max-snippet:-1, max-video-preview:-1","","","https://www.bowlerhat.co.uk/earning-links-work-talk-hustle/","","","","","","129967","26393","26393","10.111","","1108","153","7.242","89.917","Easy","5.650","5","1","","18","8","0","1.190","78","43","0","12","8","0","","","","","5865ead930e951c852fd4b0d347a05f","0.067","","","","","en-US","1.1","","","","","","https://www.bowlerhat.co.uk/earning-links-work-talk-hustle/","2026-07-30 14:26:16"
"https://www.bowlerhat.co.uk/wordpress-and-multiple-domains-on-one-site/","text/html; charset=UTF-8","200","OK","Indexable","","WordPress and Multiple Domains On One Site - Bowler Hat","55","522","How to easily tweak your .htaccess to allow multiple domains to point to a single WordPress installation to ensure no duplication problems impact your SEO.","155","962","","0","0","","0","WordPress and Multiple Domains On One Site","42","","0","6 Responses","11","Leave a Reply Cancel reply","26","index, follow, max-image-preview:large, max-snippet:-1, max-video-preview:-1","","","https://www.bowlerhat.co.uk/wordpress-and-multiple-domains-on-one-site/","","","","","","138389","26991","26991","10.340","","1064","259","4.108","81.331","Easy","5.685","5","1","","24","5","0","0.740","87","41","0","17","11","0","","","","","af78a23412fa782557d6cce67418e6c9","0.048","","","","","en-US","1.1","","","","","","https://www.bowlerhat.co.uk/wordpress-and-multiple-domains-on-one-site/","2026-07-30 14:26:16"
"https://www.bowlerhat.co.uk/the-most-important-part-of-seo-organisation/","text/html; charset=UTF-8","200","OK","Indexable","","The Most Important Part of SEO - Organisation - Bowler Hat","58","529","What is the most important part of SEO? Links? On page optimisation? Citations? or could it be something as ordinary as organisation?","133","833","","0","0","","0","The Most Important Part of SEO – Organisation","45","","0","Leave a Reply Cancel reply","26","","0","index, follow, max-image-preview:large, max-snippet:-1, max-video-preview:-1","","","https://www.bowlerhat.co.uk/the-most-important-part-of-seo-organisation/","","","","","","131119","26574","26574","10.180","","1361","208","6.543","85.384","Easy","6.694","5","1","","13","6","0","0.890","76","41","0","11","6","0","","","","","d7a45a33f9cd93c6c5f39fab74596950","0.066","","","","","en-US","1.1","","","","","","https://www.bowlerhat.co.uk/the-most-important-part-of-seo-organisation/","2026-07-30 14:26:16"
"https://www.bowlerhat.co.uk/2013/05/22/","text/html; charset=UTF-8","200","OK","Non-Indexable","noindex","May 22, 2013 - Bowler Hat","25","231","","0","0","","0","0","","0","","0","","0","May 22, 2013","12","","0","noindex, follow","","","","","","","","","107445","20275","20275","7.767","","136","26","5.231","83.335","Easy","1.921","5","3","","4","2","0","0.300","68","37","0","8","4","0","","","","","4b978b558234af2100b8a43821b5aa54","0.020","Thu, 30 Jul 2026 13:22:35 GMT","","","","en-US","1.1","","","","","","https://www.bowlerhat.co.uk/2013/05/22/","2026-07-30 14:26:16"
"https://www.bowlerhat.co.uk/wp-content/uploads/2016/11/The-Importance-of-NAP-Consistency-.jpg","image/jpeg","200","OK","Indexable","","","0","0","","0","0","","0","0","","0","","0","","0","","0","","0","","","","","","","","","","79096","79096","79096","30.300","","0","","","","","0.000","5","4","","0","0","0","0.000","0","0","0","0","0","0","","","","","","0.029","Mon, 25 Apr 2022 14:45:21 GMT","","","","","1.1","","","","","","https://www.bowlerhat.co.uk/wp-content/uploads/2016/11/The-Importance-of-NAP-Consistency-.jpg","2026-07-30 14:26:16"
"https://www.bowlerhat.co.uk/2013/05/17/","text/html; charset=UTF-8","200","OK","Non-Indexable","noindex","May 17, 2013 - Bowler Hat","25","231","","0","0","","0","0","","0","","0","","0","May 17, 2013","12","","0","noindex, follow","","","","","","","","","107499","20285","20285","7.771","","139","26","5.346","83.334","Easy","1.938","5","3","","4","2","0","0.300","68","37","0","8","4","0","","","","","1ab990bb9e8908fab6eba598b7a5352a","0.031","Thu, 30 Jul 2026 13:22:35 GMT","","","","en-US","1.1","","","","","","https://www.bowlerhat.co.uk/2013/05/17/","2026-07-30 14:26:16"
"https://www.bowlerhat.co.uk/about-our-company/ryan/","text/html; charset=UTF-8","301","Moved Permanently","Non-Indexable","Redirected","","0","0","","0","0","","0","0","","0","","0","","0","","0","","0","","","","","","","","","","0","0","0","0.000","","0","","","","","0.000","5","2","","0","0","0","0.000","0","0","0","0","0","0","","","","","","0.018","","https://www.bowlerhat.co.uk/about-us/","HTTP Redirect","","","1.1","","","","","","https://www.bowlerhat.co.uk/about-our-company/ryan/","2026-07-30 14:26:16"
"https://www.bowlerhat.co.uk/wp-content/uploads/2012/07/PPC-Generic.jpg","image/jpeg","200","OK","Indexable","","","0","0","","0","0","","0","0","","0","","0","","0","","0","","0","","","","","","","","","","106706","106706","106706","40.877","","0","","","","","0.000","5","4","","0","0","0","0.000","0","0","0","0","0","0","","","","","","0.018","Mon, 25 Apr 2022 14:45:22 GMT","","","","","1.1","","","","","","https://www.bowlerhat.co.uk/wp-content/uploads/2012/07/PPC-Generic.jpg","2026-07-30 14:26:16"
"https://www.bowlerhat.co.uk/2016/11/11/","text/html; charset=UTF-8","200","OK","Non-Indexable","noindex","November 11, 2016 - Bowler Hat","30","287","","0","0","","0","0","","0","","0","","0","November 11, 2016","17","","0","noindex, follow","","","","","","","","","107625","20282","20282","7.770","","138","26","5.308","91.713","Very Easy","1.920","5","3","","4","2","0","0.300","68","37","0","8","4","0","","","","","13d89aa484f5cbd44ebd98ec7fc5cdd1","0.050","Thu, 30 Jul 2026 13:22:35 GMT","","","","en-US","1.1","","","","","","https://www.bowlerhat.co.uk/2016/11/11/","2026-07-30 14:26:16"
"https://www.bowlerhat.co.uk/human-instinct-digital-marketing/","text/html; charset=UTF-8","200","OK","Indexable","","How to Improve your Digital Marketing Strategy | Bowler Hat","59","534","Learn how to manipulate human instincts in your digital marketing strategies to improve your reach out there in the world wide web.","131","812","","0","0","","0","How to Take Advantage of Human Instinct in Your Digital Marketing Strategies","76","","0","Leave a Reply Cancel reply","26","","0","index, follow, max-image-preview:large, max-snippet:-1, max-video-preview:-1","","","https://www.bowlerhat.co.uk/human-instinct-digital-marketing/","","","","","","129618","26297","26297","10.074","","1367","175","7.811","81.382","Easy","6.768","5","1","","17","8","0","1.190","76","41","0","9","5","0","","","","","b8e684ec89596afd66e7a7912c07089","0.051","","","","","en-US","1.1","","","","","","https://www.bowlerhat.co.uk/human-instinct-digital-marketing/","2026-07-30 14:26:16"
"https://www.bowlerhat.co.uk/wp-content/uploads/2016/10/Optimizing-Webpage-Titles.jpg","image/jpeg","200","OK","Indexable","","","0","0","","0","0","","0","0","","0","","0","","0","","0","","0","","","","","","","","","","83203","83203","83203","31.873","","0","","","","","0.000","5","4","","0","0","0","0.000","0","0","0","0","0","0","","","","","","0.017","Mon, 25 Apr 2022 14:45:21 GMT","","","","","1.1","","","","","","https://www.bowlerhat.co.uk/wp-content/uploads/2016/10/Optimizing-Webpage-Titles.jpg","2026-07-30 14:26:16"
"https://www.bowlerhat.co.uk/wp-content/uploads/2016/09/Latest-News-On-Google-Possum.jpg","image/jpeg","200","OK","Indexable","","","0","0","","0","0","","0","0","","0","","0","","0","","0","","0","","","","","","","","","","91338","91338","91338","34.990","","0","","","","","0.000","5","4","","0","0","0","0.000","0","0","0","0","0","0","","","","","","0.053","Mon, 25 Apr 2022 14:45:21 GMT","","","","","1.1","","","","","","https://www.bowlerhat.co.uk/wp-content/uploads/2016/09/Latest-News-On-Google-Possum.jpg","2026-07-30 14:26:16"
"https://www.bowlerhat.co.uk/resources-master-seo/","text/html; charset=UTF-8","200","OK","Indexable","","The Top 5 Resources You Need To Master SEO - Bowler Hat","55","530","SEO is tough to learn. The purpose of this post is to outline some of the key resources that can help you in your quest to master SEO.","134","813","","0","0","","0","The Top 5 Resources You Need To Master SEO","42","","0","Leave a Reply Cancel reply","26","","0","index, follow, max-image-preview:large, max-snippet:-1, max-video-preview:-1","","","https://www.bowlerhat.co.uk/resources-master-seo/","","","","","","131155","26603","26603","10.191","","1442","195","7.395","78.061","Fairly Easy","7.165","5","1","","18","7","0","1.040","77","42","0","13","9","0","","","","","e5826bdbf115a74d66a01ff4b1cd8ad8","0.101","","","","","en-US","1.1","","","","","","https://www.bowlerhat.co.uk/resources-master-seo/","2026-07-30 14:26:16"
"https://www.bowlerhat.co.uk/wp-content/uploads/2017/07/How-to-Configure-the-Yoast-SEO-Plugin-Upon-Installation-for-WordPress-e1500037056855.jpg","image/jpeg","200","OK","Indexable","","","0","0","","0","0","","0","0","","0","","0","","0","","0","","0","","","","","","","","","","42940","42940","42940","16.449","","0","","","","","0.000","5","4","","0","0","0","0.000","0","0","0","0","0","0","","","","","","0.059","Mon, 25 Apr 2022 14:45:21 GMT","","","","","1.1","","","","","","https://www.bowlerhat.co.uk/wp-content/uploads/2017/07/How-to-Configure-the-Yoast-SEO-Plugin-Upon-Installation-for-WordPress-e1500037056855.jpg","2026-07-30 14:26:16"
"https://www.bowlerhat.co.uk/wp-content/uploads/2016/07/Top-5-Rescources-you-need-to-manage-your-seo.jpg","image/jpeg","200","OK","Indexable","","","0","0","","0","0","","0","0","","0","","0","","0","","0","","0","","","","","","","","","","141977","141977","141977","54.389","","0","","","","","0.000","5","4","","0","0","0","0.000","0","0","0","0","0","0","","","","","","0.057","Mon, 25 Apr 2022 14:45:21 GMT","","","","","1.1","","","","","","https://www.bowlerhat.co.uk/wp-content/uploads/2016/07/Top-5-Rescources-you-need-to-manage-your-seo.jpg","2026-07-30 14:26:16"
"https://www.bowlerhat.co.uk/wp-content/uploads/2016/08/Why-Not-To-Use-Yell.jpg","image/jpeg","200","OK","Indexable","","","0","0","","0","0","","0","0","","0","","0","","0","","0","","0","","","","","","","","","","126441","126441","126441","48.437","","0","","","","","0.000","5","4","","0","0","0","0.000","0","0","0","0","0","0","","","","","","0.027","Mon, 25 Apr 2022 14:45:21 GMT","","","","","1.1","","","","","","https://www.bowlerhat.co.uk/wp-content/uploads/2016/08/Why-Not-To-Use-Yell.jpg","2026-07-30 14:26:17"
"https://www.bowlerhat.co.uk/wp-content/uploads/2017/05/How-to-get-more-Google-reviews.jpg","image/jpeg","200","OK","Indexable","","","0","0","","0","0","","0","0","","0","","0","","0","","0","","0","","","","","","","","","","89252","89252","89252","34.191","","0","","","","","0.000","5","4","","0","0","0","0.000","0","0","0","0","0","0","","","","","","0.058","Mon, 25 Apr 2022 14:45:21 GMT","","","","","1.1","","","","","","https://www.bowlerhat.co.uk/wp-content/uploads/2017/05/How-to-get-more-Google-reviews.jpg","2026-07-30 14:26:17"
"https://www.bowlerhat.co.uk/tag/local-seo/page/2/","text/html; charset=UTF-8","200","OK","Indexable","","Local SEO Archives - Page 2 of 2 - Bowler Hat","45","403","","0","0","","0","0","","0","","0","","0","Local SEO","9","","0","index, follow, max-image-preview:large, max-snippet:-1, max-video-preview:-1","","","https://www.bowlerhat.co.uk/tag/local-seo/page/2/","","https://www.bowlerhat.co.uk/tag/local-seo/","","","","108562","20504","20504","7.855","","138","28","4.929","80.450","Easy","1.939","5","4","","5","2","0","0.300","70","38","0","8","4","0","","","","","390658f53dcb33d4ea9cc1098456cf21","0.060","Thu, 30 Jul 2026 13:22:36 GMT","","","","en-US","1.1","","","","","","https://www.bowlerhat.co.uk/tag/local-seo/page/2/","2026-07-30 14:26:17"
"https://www.bowlerhat.co.uk/wp-content/uploads/2022/01/Web-1920-–-21.png","image/png","200","OK","Indexable","","","0","0","","0","0","","0","0","","0","","0","","0","","0","","0","","","","","","","","","","17046","17046","17046","6.530","","0","","","","","0.000","5","4","","0","0","0","0.000","0","0","0","0","0","0","","","","","","0.051","Mon, 25 Apr 2022 14:45:20 GMT","","","","","1.1","","","","","","https://www.bowlerhat.co.uk/wp-content/uploads/2022/01/Web-1920-%E2%80%93-21.png","2026-07-30 14:26:17"
"https://www.bowlerhat.co.uk/latest-news-google-possum-update/","text/html; charset=UTF-8","200","OK","Indexable","","The Latest News On The Google Possum Update - Bowler Hat","56","549","You may have seen fluctuations in rankings recently due to a few updates. The first update was ‘Possum’, which focused on the local search rankings.","148","923","","0","0","","0","The Latest News On The Google Possum Update","43","","0","Leave a Reply Cancel reply","26","","0","index, follow, max-image-preview:large, max-snippet:-1, max-video-preview:-1","","","https://www.bowlerhat.co.uk/latest-news-google-possum-update/","","","","","","127498","24936","24936","9.553","","830","124","6.694","78.034","Fairly Easy","4.831","5","1","","21","8","0","1.190","77","43","0","9","5","0","","","","","8966a5de15afcdcc5f880a8c6698922e","0.084","","","","","en-US","1.1","","","","","","https://www.bowlerhat.co.uk/latest-news-google-possum-update/","2026-07-30 14:26:17"
"https://www.bowlerhat.co.uk/wp-content/uploads/2017/05/google-reviews.png","image/png","200","OK","Indexable","","","0","0","","0","0","","0","0","","0","","0","","0","","0","","0","","","","","","","","","","168511","168511","168511","64.553","","0","","","","","0.000","5","4","","0","0","0","0.000","0","0","0","0","0","0","","","","","","0.017","Mon, 25 Apr 2022 14:45:21 GMT","","","","","1.1","","","","","","https://www.bowlerhat.co.uk/wp-content/uploads/2017/05/google-reviews.png","2026-07-30 14:26:17"
"https://www.bowlerhat.co.uk/2017/05/26/","text/html; charset=UTF-8","200","OK","Non-Indexable","noindex","May 26, 2017 - Bowler Hat","25","231","","0","0","","0","0","","0","","0","","0","May 26, 2017","12","","0","noindex, follow","","","","","","","","","107659","20281","20281","7.769","","141","28","5.036","85.924","Easy","1.931","5","3","","4","2","0","0.300","68","37","0","8","4","0","","","","","9cce4384934049d97ef639e9230b72f6","0.017","Thu, 30 Jul 2026 13:22:36 GMT","","","","en-US","1.1","","","","","","https://www.bowlerhat.co.uk/2017/05/26/","2026-07-30 14:26:17"
"https://www.bowlerhat.co.uk/how-to-overcome-negative-reviews-on-google/","text/html; charset=UTF-8","200","OK","Indexable","","How to Overcome Negative Reviews On Google+ - Bowler Hat","56","547","Google+ is the most visible source for reviews, so it is super important to care of the reviews you receive & to maintain a positive reputation on Google+.","155","929","","0","0","","0","How to Overcome Negative Reviews On Google+","43","","0","6 Responses","11","Leave a Reply Cancel reply","26","index, follow, max-image-preview:large, max-snippet:-1, max-video-preview:-1","","","https://www.bowlerhat.co.uk/how-to-overcome-negative-reviews-on-google/","","","","","","135155","26011","26011","9.964","","900","145","6.207","82.847","Easy","4.812","5","1","","28","8","0","1.190","85","40","0","10","6","0","","","","","2f72a968ecd61fafd31b14fb0063962f","0.086","","","","","en-US","1.1","","","","","","https://www.bowlerhat.co.uk/how-to-overcome-negative-reviews-on-google/","2026-07-30 14:26:17"
"https://www.bowlerhat.co.uk/wp-content/uploads/2021/11/blogpost-googleads.jpg","image/jpeg","200","OK","Indexable","","","0","0","","0","0","","0","0","","0","","0","","0","","0","","0","","","","","","","","","","22071","22071","22071","8.455","","0","","","","","0.000","5","4","","0","0","0","0.000","0","0","0","0","0","0","","","","","","0.027","Mon, 25 Apr 2022 14:45:20 GMT","","","","","1.1","","","","","","https://www.bowlerhat.co.uk/wp-content/uploads/2021/11/blogpost-googleads.jpg","2026-07-30 14:26:17"
"https://www.bowlerhat.co.uk/penguin-4-0-business-directories-yay-nay/","text/html; charset=UTF-8","200","OK","Indexable","","Penguin 4.0 and Business Directories - Yes or No? - Bowler Hat","62","555","With real time Penguin are business directories a safe marketing and SEO tactic? Or are they best avoided altogether? Or is there some middle ground?","149","924","","0","0","","0","Penguin 4.0 and Business Directories – Yes or No?","49","","0","Leave a Reply Cancel reply","26","","0","index, follow, max-image-preview:large, max-snippet:-1, max-video-preview:-1","","","https://www.bowlerhat.co.uk/penguin-4-0-business-directories-yay-nay/","","","","","","137318","28990","28990","11.106","","2153","321","6.707","79.041","Fairly Easy","9.951","5","1","","18","7","0","1.040","77","43","0","19","14","0","","","","","74ce386432b6f32d8072afb7ae02b04c","0.064","","","","","en-US","1.1","","","","","","https://www.bowlerhat.co.uk/penguin-4-0-business-directories-yay-nay/","2026-07-30 14:26:17"
"https://www.bowlerhat.co.uk/wp-content/uploads/2017/03/5-Nifty-Social-and-Content-Tools-.jpg","image/jpeg","200","OK","Indexable","","","0","0","","0","0","","0","0","","0","","0","","0","","0","","0","","","","","","","","","","93066","93066","93066","35.652","","0","","","","","0.000","5","4","","0","0","0","0.000","0","0","0","0","0","0","","","","","","0.051","Mon, 25 Apr 2022 14:45:21 GMT","","","","","1.1","","","","","","https://www.bowlerhat.co.uk/wp-content/uploads/2017/03/5-Nifty-Social-and-Content-Tools-.jpg","2026-07-30 14:26:17"
"https://www.bowlerhat.co.uk/wp-content/uploads/2016/09/Strategy-Generic.jpg","image/jpeg","200","OK","Indexable","","","0","0","","0","0","","0","0","","0","","0","","0","","0","","0","","","","","","","","","","68936","68936","68936","26.408","","0","","","","","0.000","5","4","","0","0","0","0.000","0","0","0","0","0","0","","","","","","0.051","Mon, 25 Apr 2022 14:45:21 GMT","","","","","1.1","","","","","","https://www.bowlerhat.co.uk/wp-content/uploads/2016/09/Strategy-Generic.jpg","2026-07-30 14:26:17"
"https://www.bowlerhat.co.uk/wp-content/uploads/2017/09/Content-Types-That-Will-Boost-Engagement-On-Social-Media.jpg","image/jpeg","200","OK","Indexable","","","0","0","","0","0","","0","0","","0","","0","","0","","0","","0","","","","","","","","","","86676","86676","86676","33.204","","0","","","","","0.000","5","4","","0","0","0","0.000","0","0","0","0","0","0","","","","","","0.048","Mon, 25 Apr 2022 14:45:21 GMT","","","","","1.1","","","","","","https://www.bowlerhat.co.uk/wp-content/uploads/2017/09/Content-Types-That-Will-Boost-Engagement-On-Social-Media.jpg","2026-07-30 14:26:17"
"https://www.bowlerhat.co.uk/wp-content/uploads/2018/02/Web-1920-–-26.png","image/png","200","OK","Indexable","","","0","0","","0","0","","0","0","","0","","0","","0","","0","","0","","","","","","","","","","17189","17189","17189","6.585","","0","","","","","0.000","5","4","","0","0","0","0.000","0","0","0","0","0","0","","","","","","0.050","Mon, 25 Apr 2022 14:45:21 GMT","","","","","1.1","","","","","","https://www.bowlerhat.co.uk/wp-content/uploads/2018/02/Web-1920-%E2%80%93-26.png","2026-07-30 14:26:17"
"https://www.bowlerhat.co.uk/wp-content/uploads/2018/02/pasted-image-0-7.png","image/png","200","OK","Indexable","","","0","0","","0","0","","0","0","","0","","0","","0","","0","","0","","","","","","","","","","447153","447153","447153","171.296","","0","","","","","0.000","5","4","","0","0","0","0.000","0","0","0","0","0","0","","","","","","0.064","Mon, 25 Apr 2022 14:45:21 GMT","","","","","1.1","","","","","","https://www.bowlerhat.co.uk/wp-content/uploads/2018/02/pasted-image-0-7.png","2026-07-30 14:26:17"
"https://www.bowlerhat.co.uk/wp-content/uploads/2017/08/Asset-4.png","image/png","200","OK","Indexable","","","0","0","","0","0","","0","0","","0","","0","","0","","0","","0","","","","","","","","","","81696","81696","81696","31.296","","0","","","","","0.000","5","4","","0","0","0","0.000","0","0","0","0","0","0","","","","","","0.050","Mon, 25 Apr 2022 14:45:21 GMT","","","","","1.1","","","","","","https://www.bowlerhat.co.uk/wp-content/uploads/2017/08/Asset-4.png","2026-07-30 14:26:18"
"https://www.bowlerhat.co.uk/digital-marketing-silos-vs-synergy/","text/html; charset=UTF-8","200","OK","Indexable","","Digital Marketing - Silos vs Synergy | Bowler Hat","49","424","Does your marketing exist in silos or do you have digital marketing synergy delivering results greater than the sum of their parts?","131","788","","0","0","","0","Digital Marketing Silos vs Synergy","34","","0","Digital Marketing Silos","23","Digital Marketing Synergy","25","index, follow, max-image-preview:large, max-snippet:-1, max-video-preview:-1","","","https://www.bowlerhat.co.uk/digital-marketing-silos-vs-synergy/","","","","","","129222","25726","25726","9.855","","988","146","6.767","76.320","Fairly Easy","5.395","5","1","","27","10","0","1.480","91","55","0","8","4","0","","","","","c3b12c1f784e85bcc701de1483b67d57","0.316","","","","","en-US","1.1","","","","","","https://www.bowlerhat.co.uk/digital-marketing-silos-vs-synergy/","2026-07-30 14:26:17"
"https://www.bowlerhat.co.uk/2018/02/16/","text/html; charset=UTF-8","200","OK","Non-Indexable","noindex","February 16, 2018 - Bowler Hat","30","272","","0","0","","0","0","","0","","0","","0","February 16, 2018","17","","0","noindex, follow","","","","","","","","","107944","20358","20358","7.799","","141","27","5.222","88.134","Easy","1.930","5","3","","4","2","0","0.300","68","37","0","8","4","0","","","","","7a17e5771612893b467753dcb3f8a903","0.033","Thu, 30 Jul 2026 13:22:37 GMT","","","","en-US","1.1","","","","","","https://www.bowlerhat.co.uk/2018/02/16/","2026-07-30 14:26:18"
"https://www.bowlerhat.co.uk/wp-content/uploads/2018/02/rofuto-example.jpg","image/jpeg","200","OK","Indexable","","","0","0","","0","0","","0","0","","0","","0","","0","","0","","0","","","","","","","","","","181025","181025","181025","69.347","","0","","","","","0.000","5","4","","0","0","0","0.000","0","0","0","0","0","0","","","","","","0.032","Mon, 25 Apr 2022 14:45:21 GMT","","","","","1.1","","","","","","https://www.bowlerhat.co.uk/wp-content/uploads/2018/02/rofuto-example.jpg","2026-07-30 14:26:18"
"https://www.bowlerhat.co.uk/wp-content/uploads/2018/02/pasted-image-0-6.png","image/png","200","OK","Indexable","","","0","0","","0","0","","0","0","","0","","0","","0","","0","","0","","","","","","","","","","78585","78585","78585","30.104","","0","","","","","0.000","5","4","","0","0","0","0.000","0","0","0","0","0","0","","","","","","0.040","Mon, 25 Apr 2022 14:45:21 GMT","","","","","1.1","","","","","","https://www.bowlerhat.co.uk/wp-content/uploads/2018/02/pasted-image-0-6.png","2026-07-30 14:26:18"
"https://www.bowlerhat.co.uk/wp-content/uploads/2018/02/booking-system-example.jpg","image/jpeg","200","OK","Indexable","","","0","0","","0","0","","0","0","","0","","0","","0","","0","","0","","","","","","","","","","61289","61289","61289","23.479","","0","","","","","0.000","5","4","","0","0","0","0.000","0","0","0","0","0","0","","","","","","0.055","Mon, 25 Apr 2022 14:45:21 GMT","","","","","1.1","","","","","","https://www.bowlerhat.co.uk/wp-content/uploads/2018/02/booking-system-example.jpg","2026-07-30 14:26:18"
"https://www.bowlerhat.co.uk/wp-content/uploads/2018/02/Screen-Shot-2018-01-25-at-11.12.03.png","image/png","200","OK","Indexable","","","0","0","","0","0","","0","0","","0","","0","","0","","0","","0","","","","","","","","","","1264913","1264913","1264913","484.564","","0","","","","","0.000","5","4","","0","0","0","0.000","0","0","0","0","0","0","","","","","","0.039","Mon, 25 Apr 2022 14:45:21 GMT","","","","","1.1","","","","","","https://www.bowlerhat.co.uk/wp-content/uploads/2018/02/Screen-Shot-2018-01-25-at-11.12.03.png","2026-07-30 14:26:18"
"https://www.bowlerhat.co.uk/wp-content/uploads/2018/02/Willmott-Dixon-1-1024x713.png","image/png","200","OK","Indexable","","","0","0","","0","0","","0","0","","0","","0","","0","","0","","0","","","","","","","","","","369684","369684","369684","141.619","","0","","","","","0.000","5","4","","0","0","0","0.000","0","0","0","0","0","0","","","","","","0.049","Mon, 25 Apr 2022 14:45:21 GMT","","","","","1.1","","","","","","https://www.bowlerhat.co.uk/wp-content/uploads/2018/02/Willmott-Dixon-1-1024x713.png","2026-07-30 14:26:18"
"https://www.bowlerhat.co.uk/wp-content/uploads/elementor/css/post-14219.css?ver=1783030246","text/css","200","OK","Indexable","","","0","0","","0","0","","0","0","","0","","0","","0","","0","","0","","","","","","","","","","0","0","0","0.000","","0","","","","","0.000","5","4","","0","0","0","0.000","0","0","0","0","0","0","","","","","","0.042","Thu, 02 Jul 2026 22:10:46 GMT","","","","","1.1","","","","","","https://www.bowlerhat.co.uk/wp-content/uploads/elementor/css/post-14219.css?ver=1783030246","2026-07-30 14:26:19"
"https://www.bowlerhat.co.uk/wp-content/uploads/elementor/css/post-14207.css?ver=1783047403","text/css","200","OK","Indexable","","","0","0","","0","0","","0","0","","0","","0","","0","","0","","0","","","","","","","","","","0","0","0","0.000","","0","","","","","0.000","5","4","","0","0","0","0.000","0","0","0","0","0","0","","","","","","0.038","Fri, 03 Jul 2026 02:56:43 GMT","","","","","1.1","","","","","","https://www.bowlerhat.co.uk/wp-content/uploads/elementor/css/post-14207.css?ver=1783047403","2026-07-30 14:26:19"
"https://www.bowlerhat.co.uk/wp-content/uploads/2017/04/Search-Advertising-with-PPC-an-overview-1024x575.jpg","image/jpeg","200","OK","Indexable","","","0","0","","0","0","","0","0","","0","","0","","0","","0","","0","","","","","","","","","","42865","42865","42865","16.421","","0","","","","","0.000","5","4","","0","0","0","0.000","0","0","0","0","0","0","","","","","","0.050","Mon, 25 Apr 2022 14:45:21 GMT","","","","","1.1","","","","","","https://www.bowlerhat.co.uk/wp-content/uploads/2017/04/Search-Advertising-with-PPC-an-overview-1024x575.jpg","2026-07-30 14:26:19"
"https://www.bowlerhat.co.uk/wp-content/uploads/elementor/css/post-14211.css?ver=1783045901","text/css","200","OK","Indexable","","","0","0","","0","0","","0","0","","0","","0","","0","","0","","0","","","","","","","","","","0","0","0","0.000","","0","","","","","0.000","5","4","","0","0","0","0.000","0","0","0","0","0","0","","","","","","0.050","Fri, 03 Jul 2026 02:31:41 GMT","","","","","1.1","","","","","","https://www.bowlerhat.co.uk/wp-content/uploads/elementor/css/post-14211.css?ver=1783045901","2026-07-30 14:26:19"
"https://www.bowlerhat.co.uk/wp-content/uploads/2016/08/Launch.png","image/png","200","OK","Indexable","","","0","0","","0","0","","0","0","","0","","0","","0","","0","","0","","","","","","","","","","11465","11465","11465","4.392","","0","","","","","0.000","5","4","","0","0","0","0.000","0","0","0","0","0","0","","","","","","0.061","Mon, 25 Apr 2022 14:45:21 GMT","","","","","1.1","","","","","","https://www.bowlerhat.co.uk/wp-content/uploads/2016/08/Launch.png","2026-07-30 14:26:19"
"https://www.bowlerhat.co.uk/wp-content/uploads/2016/08/identifying-demographic.png","image/png","200","OK","Indexable","","","0","0","","0","0","","0","0","","0","","0","","0","","0","","0","","","","","","","","","","16735","16735","16735","6.411","","0","","","","","0.000","5","4","","0","0","0","0.000","0","0","0","0","0","0","","","","","","0.050","Mon, 25 Apr 2022 14:45:21 GMT","","","","","1.1","","","","","","https://www.bowlerhat.co.uk/wp-content/uploads/2016/08/identifying-demographic.png","2026-07-30 14:26:19"
"https://www.bowlerhat.co.uk/wp-content/uploads/2016/08/content-and-creative.png","image/png","200","OK","Indexable","","","0","0","","0","0","","0","0","","0","","0","","0","","0","","0","","","","","","","","","","14425","14425","14425","5.526","","0","","","","","0.000","5","4","","0","0","0","0.000","0","0","0","0","0","0","","","","","","0.048","Mon, 25 Apr 2022 14:45:21 GMT","","","","","1.1","","","","","","https://www.bowlerhat.co.uk/wp-content/uploads/2016/08/content-and-creative.png","2026-07-30 14:26:19"
"https://www.bowlerhat.co.uk/wp-content/uploads/elementor/css/post-14201.css?ver=1783104474","text/css","200","OK","Indexable","","","0","0","","0","0","","0","0","","0","","0","","0","","0","","0","","","","","","","","","","0","0","0","0.000","","0","","","","","0.000","5","4","","0","0","0","0.000","0","0","0","0","0","0","","","","","","0.050","Fri, 03 Jul 2026 18:47:54 GMT","","","","","1.1","","","","","","https://www.bowlerhat.co.uk/wp-content/uploads/elementor/css/post-14201.css?ver=1783104474","2026-07-30 14:26:19"
"https://www.bowlerhat.co.uk/wp-content/uploads/2017/06/desktop-copy-e1500035293527.jpg","image/jpeg","200","OK","Indexable","","","0","0","","0","0","","0","0","","0","","0","","0","","0","","0","","","","","","","","","","32083","32083","32083","12.290","","0","","","","","0.000","5","4","","0","0","0","0.000","0","0","0","0","0","0","","","","","","0.053","Mon, 25 Apr 2022 14:45:21 GMT","","","","","1.1","","","","","","https://www.bowlerhat.co.uk/wp-content/uploads/2017/06/desktop-copy-e1500035293527.jpg","2026-07-30 14:26:19"
"https://www.bowlerhat.co.uk/wp-content/uploads/2016/08/5.png","image/png","200","OK","Indexable","","","0","0","","0","0","","0","0","","0","","0","","0","","0","","0","","","","","","","","","","11307","11307","11307","4.331","","0","","","","","0.000","5","4","","0","0","0","0.000","0","0","0","0","0","0","","","","","","0.052","Mon, 25 Apr 2022 14:45:21 GMT","","","","","1.1","","","","","","https://www.bowlerhat.co.uk/wp-content/uploads/2016/08/5.png","2026-07-30 14:26:19"
"https://www.bowlerhat.co.uk/wp-content/uploads/2016/08/3.png","image/png","200","OK","Indexable","","","0","0","","0","0","","0","0","","0","","0","","0","","0","","0","","","","","","","","","","4627","4627","4627","1.773","","0","","","","","0.000","5","4","","0","0","0","0.000","0","0","0","0","0","0","","","","","","0.048","Mon, 25 Apr 2022 14:45:21 GMT","","","","","1.1","","","","","","https://www.bowlerhat.co.uk/wp-content/uploads/2016/08/3.png","2026-07-30 14:26:19"
"https://www.bowlerhat.co.uk/wp-content/uploads/elementor/css/post-14213.css?ver=1783085102","text/css","200","OK","Indexable","","","0","0","","0","0","","0","0","","0","","0","","0","","0","","0","","","","","","","","","","0","0","0","0.000","","0","","","","","0.000","5","4","","0","0","0","0.000","0","0","0","0","0","0","","","","","","0.048","Fri, 03 Jul 2026 13:25:02 GMT","","","","","1.1","","","","","","https://www.bowlerhat.co.uk/wp-content/uploads/elementor/css/post-14213.css?ver=1783085102","2026-07-30 14:26:19"
"https://www.bowlerhat.co.uk/wp-content/uploads/2016/08/4.png","image/png","200","OK","Indexable","","","0","0","","0","0","","0","0","","0","","0","","0","","0","","0","","","","","","","","","","4997","4997","4997","1.914","","0","","","","","0.000","5","4","","0","0","0","0.000","0","0","0","0","0","0","","","","","","0.048","Mon, 25 Apr 2022 14:45:21 GMT","","","","","1.1","","","","","","https://www.bowlerhat.co.uk/wp-content/uploads/2016/08/4.png","2026-07-30 14:26:19"
"https://www.bowlerhat.co.uk/wp-content/uploads/2016/11/identified-and-repaired.png","image/png","200","OK","Indexable","","","0","0","","0","0","","0","0","","0","","0","","0","","0","","0","","","","","","","","","","10777","10777","10777","4.128","","0","","","","","0.000","5","4","","0","0","0","0.000","0","0","0","0","0","0","","","","","","0.050","Mon, 25 Apr 2022 14:45:21 GMT","","","","","1.1","","","","","","https://www.bowlerhat.co.uk/wp-content/uploads/2016/11/identified-and-repaired.png","2026-07-30 14:26:19"
"https://www.bowlerhat.co.uk/wp-content/uploads/2018/01/SEO-GENERIC-UPDATE-REPLACEMENT-1024x526.png","image/png","200","OK","Indexable","","","0","0","","0","0","","0","0","","0","","0","","0","","0","","0","","","","","","","","","","133724","133724","133724","51.227","","0","","","","","0.000","5","4","","0","0","0","0.000","0","0","0","0","0","0","","","","","","0.033","Mon, 25 Apr 2022 14:45:21 GMT","","","","","1.1","","","","","","https://www.bowlerhat.co.uk/wp-content/uploads/2018/01/SEO-GENERIC-UPDATE-REPLACEMENT-1024x526.png","2026-07-30 14:26:19"
"https://www.bowlerhat.co.uk/wp-content/uploads/2016/11/6.png","image/png","200","OK","Indexable","","","0","0","","0","0","","0","0","","0","","0","","0","","0","","0","","","","","","","","","","4083","4083","4083","1.564","","0","","","","","0.000","5","4","","0","0","0","0.000","0","0","0","0","0","0","","","","","","0.050","Mon, 25 Apr 2022 14:45:21 GMT","","","","","1.1","","","","","","https://www.bowlerhat.co.uk/wp-content/uploads/2016/11/6.png","2026-07-30 14:26:19"
"https://www.bowlerhat.co.uk/wp-content/uploads/2016/11/7.png","image/png","200","OK","Indexable","","","0","0","","0","0","","0","0","","0","","0","","0","","0","","0","","","","","","","","","","4092","4092","4092","1.568","","0","","","","","0.000","5","4","","0","0","0","0.000","0","0","0","0","0","0","","","","","","0.050","Mon, 25 Apr 2022 14:45:21 GMT","","","","","1.1","","","","","","https://www.bowlerhat.co.uk/wp-content/uploads/2016/11/7.png","2026-07-30 14:26:19"
"https://www.bowlerhat.co.uk/wp-content/uploads/elementor/css/post-14216.css?ver=1782986416","text/css","200","OK","Indexable","","","0","0","","0","0","","0","0","","0","","0","","0","","0","","0","","","","","","","","","","0","0","0","0.000","","0","","","","","0.000","5","4","","0","0","0","0.000","0","0","0","0","0","0","","","","","","0.034","Thu, 02 Jul 2026 10:00:16 GMT","","","","","1.1","","","","","","https://www.bowlerhat.co.uk/wp-content/uploads/elementor/css/post-14216.css?ver=1782986416","2026-07-30 14:26:19"
"https://www.bowlerhat.co.uk/wp-content/uploads/elementor/css/post-14212.css?ver=1783163640","text/css","200","OK","Indexable","","","0","0","","0","0","","0","0","","0","","0","","0","","0","","0","","","","","","","","","","0","0","0","0.000","","0","","","","","0.000","5","4","","0","0","0","0.000","0","0","0","0","0","0","","","","","","0.056","Sat, 04 Jul 2026 11:14:00 GMT","","","","","1.1","","","","","","https://www.bowlerhat.co.uk/wp-content/uploads/elementor/css/post-14212.css?ver=1783163640","2026-07-30 14:26:19"
"https://www.bowlerhat.co.uk/wp-content/uploads/2018/02/studio-131-mock-up-1024x824.png","image/png","200","OK","Indexable","","","0","0","","0","0","","0","0","","0","","0","","0","","0","","0","","","","","","","","","","319563","319563","319563","122.419","","0","","","","","0.000","5","4","","0","0","0","0.000","0","0","0","0","0","0","","","","","","0.056","Mon, 25 Apr 2022 14:45:21 GMT","","","","","1.1","","","","","","https://www.bowlerhat.co.uk/wp-content/uploads/2018/02/studio-131-mock-up-1024x824.png","2026-07-30 14:26:19"
"https://www.bowlerhat.co.uk/wp-content/plugins/elementor/assets/lib/jquery-numerator/jquery-numerator.min.js?ver=0.2.1","application/javascript","200","OK","Indexable","","","0","0","","0","0","","0","0","","0","","0","","0","","0","","0","","","","","","","","","","0","0","0","0.000","","0","","","","","0.000","5","6","","0","0","0","0.000","0","0","0","0","0","0","","","","","","0.052","Thu, 02 Jul 2026 08:47:43 GMT","","","","","1.1","","","","","","https://www.bowlerhat.co.uk/wp-content/plugins/elementor/assets/lib/jquery-numerator/jquery-numerator.min.js?ver=0.2.1","2026-07-30 14:26:19"
"https://www.bowlerhat.co.uk/wp-content/uploads/elementor/css/post-14107.css?ver=1782993830","text/css","200","OK","Indexable","","","0","0","","0","0","","0","0","","0","","0","","0","","0","","0","","","","","","","","","","0","0","0","0.000","","0","","","","","0.000","5","4","","0","0","0","0.000","0","0","0","0","0","0","","","","","","0.042","Thu, 02 Jul 2026 12:03:50 GMT","","","","","1.1","","","","","","https://www.bowlerhat.co.uk/wp-content/uploads/elementor/css/post-14107.css?ver=1782993830","2026-07-30 14:26:19"
"https://www.bowlerhat.co.uk/wp-content/plugins/elementor/assets/css/widget-counter.min.css?ver=4.1.4","text/css","200","OK","Indexable","","","0","0","","0","0","","0","0","","0","","0","","0","","0","","0","","","","","","","","","","0","0","0","0.000","","0","","","","","0.000","5","5","","0","0","0","0.000","0","0","0","0","0","0","","","","","","0.042","Thu, 02 Jul 2026 08:47:43 GMT","","","","","1.1","","","","","","https://www.bowlerhat.co.uk/wp-content/plugins/elementor/assets/css/widget-counter.min.css?ver=4.1.4","2026-07-30 14:26:19"
"https://www.bowlerhat.co.uk/wp-content/uploads/elementor/css/post-14205.css?ver=1783054459","text/css","200","OK","Indexable","","","0","0","","0","0","","0","0","","0","","0","","0","","0","","0","","","","","","","","","","0","0","0","0.000","","0","","","","","0.000","5","4","","0","0","0","0.000","0","0","0","0","0","0","","","","","","0.052","Fri, 03 Jul 2026 04:54:19 GMT","","","","","1.1","","","","","","https://www.bowlerhat.co.uk/wp-content/uploads/elementor/css/post-14205.css?ver=1783054459","2026-07-30 14:26:19"
"https://www.bowlerhat.co.uk/wp-content/uploads/2018/02/mock-up-rofuto-1024x758.png","image/png","200","OK","Indexable","","","0","0","","0","0","","0","0","","0","","0","","0","","0","","0","","","","","","","","","","463132","463132","463132","177.417","","0","","","","","0.000","5","4","","0","0","0","0.000","0","0","0","0","0","0","","","","","","0.050","Mon, 25 Apr 2022 14:45:21 GMT","","","","","1.1","","","","","","https://www.bowlerhat.co.uk/wp-content/uploads/2018/02/mock-up-rofuto-1024x758.png","2026-07-30 14:26:19"
"https://www.bowlerhat.co.uk/wp-content/uploads/2024/08/4926289.jpg","image/jpeg","200","OK","Indexable","","","0","0","","0","0","","0","0","","0","","0","","0","","0","","0","","","","","","","","","","86944","86944","86944","33.307","","0","","","","","0.000","5","4","","0","0","0","0.000","0","0","0","0","0","0","","","","","","0.050","Tue, 20 Aug 2024 09:52:41 GMT","","","","","1.1","","","","","","https://www.bowlerhat.co.uk/wp-content/uploads/2024/08/4926289.jpg","2026-07-30 14:26:19"
"https://www.bowlerhat.co.uk/wp-content/uploads/2024/08/Elonex-Website-Mockup-3.jpg","image/jpeg","200","OK","Indexable","","","0","0","","0","0","","0","0","","0","","0","","0","","0","","0","","","","","","","","","","97212","97212","97212","37.240","","0","","","","","0.000","5","4","","0","0","0","0.000","0","0","0","0","0","0","","","","","","0.038","Tue, 20 Aug 2024 10:11:54 GMT","","","","","1.1","","","","","","https://www.bowlerhat.co.uk/wp-content/uploads/2024/08/Elonex-Website-Mockup-3.jpg","2026-07-30 14:26:19"
"https://www.bowlerhat.co.uk/wp-content/uploads/elementor/css/post-15185.css?ver=1782993828","text/css","200","OK","Indexable","","","0","0","","0","0","","0","0","","0","","0","","0","","0","","0","","","","","","","","","","0","0","0","0.000","","0","","","","","0.000","5","4","","0","0","0","0.000","0","0","0","0","0","0","","","","","","0.050","Thu, 02 Jul 2026 12:03:48 GMT","","","","","1.1","","","","","","https://www.bowlerhat.co.uk/wp-content/uploads/elementor/css/post-15185.css?ver=1782993828","2026-07-30 14:26:19"
"https://www.bowlerhat.co.uk/wp-content/uploads/elementor/css/post-15177.css?ver=1783087328","text/css","200","OK","Indexable","","","0","0","","0","0","","0","0","","0","","0","","0","","0","","0","","","","","","","","","","0","0","0","0.000","","0","","","","","0.000","5","4","","0","0","0","0.000","0","0","0","0","0","0","","","","","","0.246","Fri, 03 Jul 2026 14:02:08 GMT","","","","","1.1","","","","","","https://www.bowlerhat.co.uk/wp-content/uploads/elementor/css/post-15177.css?ver=1783087328","2026-07-30 14:26:19"
"https://www.bowlerhat.co.uk/wp-content/uploads/elementor/css/post-14755.css?ver=1782993828","text/css","200","OK","Indexable","","","0","0","","0","0","","0","0","","0","","0","","0","","0","","0","","","","","","","","","","0","0","0","0.000","","0","","","","","0.000","5","4","","0","0","0","0.000","0","0","0","0","0","0","","","","","","0.066","Thu, 02 Jul 2026 12:03:48 GMT","","","","","1.1","","","","","","https://www.bowlerhat.co.uk/wp-content/uploads/elementor/css/post-14755.css?ver=1782993828","2026-07-30 14:26:19"
"https://www.bowlerhat.co.uk/wp-content/uploads/elementor/css/post-14760.css?ver=1783095147","text/css","200","OK","Indexable","","","0","0","","0","0","","0","0","","0","","0","","0","","0","","0","","","","","","","","","","0","0","0","0.000","","0","","","","","0.000","5","4","","0","0","0","0.000","0","0","0","0","0","0","","","","","","0.065","Fri, 03 Jul 2026 16:12:27 GMT","","","","","1.1","","","","","","https://www.bowlerhat.co.uk/wp-content/uploads/elementor/css/post-14760.css?ver=1783095147","2026-07-30 14:26:19"
"https://www.bowlerhat.co.uk/wp-content/uploads/2022/04/179-1-1024x683.jpg","image/jpeg","200","OK","Indexable","","","0","0","","0","0","","0","0","","0","","0","","0","","0","","0","","","","","","","","","","49196","49196","49196","18.846","","0","","","","","0.000","5","4","","0","0","0","0.000","0","0","0","0","0","0","","","","","","0.061","Mon, 20 Jun 2022 14:09:43 GMT","","","","","1.1","","","","","","https://www.bowlerhat.co.uk/wp-content/uploads/2022/04/179-1-1024x683.jpg","2026-07-30 14:26:19"
"https://www.bowlerhat.co.uk/wp-content/uploads/2022/04/177-scaled.jpg","image/jpeg","200","OK","Indexable","","","0","0","","0","0","","0","0","","0","","0","","0","","0","","0","","","","","","","","","","159174","159174","159174","60.977","","0","","","","","0.000","5","4","","0","0","0","0.000","0","0","0","0","0","0","","","","","","0.067","Mon, 20 Jun 2022 14:11:51 GMT","","","","","1.1","","","","","","https://www.bowlerhat.co.uk/wp-content/uploads/2022/04/177-scaled.jpg","2026-07-30 14:26:19"
"https://www.bowlerhat.co.uk/wp-content/uploads/2022/04/168.png","image/png","200","OK","Indexable","","","0","0","","0","0","","0","0","","0","","0","","0","","0","","0","","","","","","","","","","11312090","11312090","11312090","4333.447","","0","","","","","0.000","5","4","","0","0","0","0.000","0","0","0","0","0","0","","","","","","0.048","Mon, 20 Jun 2022 14:02:32 GMT","","","","","1.1","","","","","","https://www.bowlerhat.co.uk/wp-content/uploads/2022/04/168.png","2026-07-30 14:26:19"
"https://www.bowlerhat.co.uk/wp-content/uploads/elementor/css/post-14214.css?ver=1783164228","text/css","200","OK","Indexable","","","0","0","","0","0","","0","0","","0","","0","","0","","0","","0","","","","","","","","","","0","0","0","0.000","","0","","","","","0.000","5","4","","0","0","0","0.000","0","0","0","0","0","0","","","","","","0.051","Sat, 04 Jul 2026 11:23:48 GMT","","","","","1.1","","","","","","https://www.bowlerhat.co.uk/wp-content/uploads/elementor/css/post-14214.css?ver=1783164228","2026-07-30 14:26:20"
"https://www.bowlerhat.co.uk/wp-content/uploads/2018/02/bright-and-white-device-mock-up-1024x680.png","image/png","200","OK","Indexable","","","0","0","","0","0","","0","0","","0","","0","","0","","0","","0","","","","","","","","","","301573","301573","301573","115.527","","0","","","","","0.000","5","4","","0","0","0","0.000","0","0","0","0","0","0","","","","","","0.047","Mon, 25 Apr 2022 14:45:21 GMT","","","","","1.1","","","","","","https://www.bowlerhat.co.uk/wp-content/uploads/2018/02/bright-and-white-device-mock-up-1024x680.png","2026-07-30 14:26:20"
"https://www.bowlerhat.co.uk/wp-content/uploads/2018/02/John-Evans-Main-Mock-Up-1024x713.png","image/png","200","OK","Indexable","","","0","0","","0","0","","0","0","","0","","0","","0","","0","","0","","","","","","","","","","335498","335498","335498","128.523","","0","","","","","0.000","5","4","","0","0","0","0.000","0","0","0","0","0","0","","","","","","0.065","Mon, 25 Apr 2022 14:45:21 GMT","","","","","1.1","","","","","","https://www.bowlerhat.co.uk/wp-content/uploads/2018/02/John-Evans-Main-Mock-Up-1024x713.png","2026-07-30 14:26:20"
"https://www.bowlerhat.co.uk/wp-content/uploads/elementor/css/post-14209.css?ver=1783278401","text/css","200","OK","Indexable","","","0","0","","0","0","","0","0","","0","","0","","0","","0","","0","","","","","","","","","","0","0","0","0.000","","0","","","","","0.000","5","4","","0","0","0","0.000","0","0","0","0","0","0","","","","","","0.052","Sun, 05 Jul 2026 19:06:41 GMT","","","","","1.1","","","","","","https://www.bowlerhat.co.uk/wp-content/uploads/elementor/css/post-14209.css?ver=1783278401","2026-07-30 14:26:20"
"https://www.bowlerhat.co.uk/wp-content/uploads/2018/02/john-evans-mock-up-mobile-and-desktop-1024x680.png","image/png","200","OK","Indexable","","","0","0","","0","0","","0","0","","0","","0","","0","","0","","0","","","","","","","","","","574813","574813","574813","220.200","","0","","","","","0.000","5","4","","0","0","0","0.000","0","0","0","0","0","0","","","","","","0.034","Mon, 25 Apr 2022 14:45:21 GMT","","","","","1.1","","","","","","https://www.bowlerhat.co.uk/wp-content/uploads/2018/02/john-evans-mock-up-mobile-and-desktop-1024x680.png","2026-07-30 14:26:20"
"https://www.bowlerhat.co.uk/wp-content/uploads/2022/10/5634496.jpg","image/jpeg","200","OK","Indexable","","","0","0","","0","0","","0","0","","0","","0","","0","","0","","0","","","","","","","","","","152835","152835","152835","58.548","","0","","","","","0.000","5","4","","0","0","0","0.000","0","0","0","0","0","0","","","","","","0.050","Fri, 14 Oct 2022 09:56:53 GMT","","","","","1.1","","","","","","https://www.bowlerhat.co.uk/wp-content/uploads/2022/10/5634496.jpg","2026-07-30 14:26:20"
"https://www.bowlerhat.co.uk/wp-content/uploads/elementor/css/post-15026.css?ver=1782993828","text/css","200","OK","Indexable","","","0","0","","0","0","","0","0","","0","","0","","0","","0","","0","","","","","","","","","","0","0","0","0.000","","0","","","","","0.000","5","4","","0","0","0","0.000","0","0","0","0","0","0","","","","","","0.065","Thu, 02 Jul 2026 12:03:48 GMT","","","","","1.1","","","","","","https://www.bowlerhat.co.uk/wp-content/uploads/elementor/css/post-15026.css?ver=1782993828","2026-07-30 14:26:20"
"https://www.bowlerhat.co.uk/optimise-twitter-profile/","text/html; charset=UTF-8","200","OK","Indexable","","How to Optimise Your Twitter Profile - Bowler Hat","49","442","This post will examine how you can optimise your Twitter profile to create a great first impression and fully utilise the platform’s potential.","143","844","","0","0","","0","How to Optimise Your Twitter Profile","36","","0","Leave a Reply Cancel reply","26","","0","index, follow, max-image-preview:large, max-snippet:-1, max-video-preview:-1","","","https://www.bowlerhat.co.uk/optimise-twitter-profile/","","","","","","131967","26420","26420","10.121","","1369","190","7.205","74.321","Fairly Easy","6.992","5","1","","26","13","0","1.930","79","46","0","12","8","0","","","","","1f0146087171b3130962e1dc31f1d9f0","0.088","","","","","en-US","1.1","","","","","","https://www.bowlerhat.co.uk/optimise-twitter-profile/","2026-07-30 14:26:20"
"https://www.bowlerhat.co.uk/2017/10/27/","text/html; charset=UTF-8","200","OK","Non-Indexable","noindex","October 27, 2017 - Bowler Hat","29","265","","0","0","","0","0","","0","","0","","0","October 27, 2017","16","","0","noindex, follow","","","","","","","","","107303","20258","20258","7.760","","140","26","5.385","82.930","Easy","1.950","5","3","","4","2","0","0.300","68","37","0","8","4","0","","","","","8bff77b3df44683570b6050dee673acd","0.061","Thu, 30 Jul 2026 13:22:39 GMT","","","","en-US","1.1","","","","","","https://www.bowlerhat.co.uk/2017/10/27/","2026-07-30 14:26:20"
"https://www.bowlerhat.co.uk/e-newsletters-important-content-marketing/","text/html; charset=UTF-8","200","OK","Indexable","","Why are e-Newsletters so important in Content Marketing | Bowler Hat","68","626","Learn why e-newsletters are so important to creating the best content marketing strategy for your brand from the Bowler Hat blog.","129","806","","0","0","","0","Why e-Newsletters are so Important for Content Marketing","56","","0","Leave a Reply Cancel reply","26","","0","index, follow, max-image-preview:large, max-snippet:-1, max-video-preview:-1","","","https://www.bowlerhat.co.uk/e-newsletters-important-content-marketing/","","","","","","125476","24325","24325","9.318","","626","111","5.640","82.590","Easy","3.848","5","1","","16","8","0","1.190","73","40","0","8","4","0","","","","","88451458b811abfd008c40a5e84a706f","0.057","","","","","en-US","1.1","","","","","","https://www.bowlerhat.co.uk/e-newsletters-important-content-marketing/","2026-07-30 14:26:20"
"https://www.bowlerhat.co.uk/ux-optimise-conversions/","text/html; charset=UTF-8","200","OK","Indexable","","How Improving Your UX Can Optimise Conversion Rates - Bowler Hat","64","612","Giving your user a good experience can increase your income, and nailing your site's UX will help increase conversion rates. Here's how.","136","827","","0","0","","0","How Improving Your UX Can Optimise Conversion Rates","51","","0","System","6","Visuals","7","index, follow, max-image-preview:large, max-snippet:-1, max-video-preview:-1","","","https://www.bowlerhat.co.uk/ux-optimise-conversions/","","","","","","132356","26790","26790","10.263","","1401","189","7.413","79.084","Fairly Easy","6.938","5","1","","30","15","0","2.230","87","49","0","11","7","0","","","","","82ff5aa97b6af65d9e1e2f883c93f405","0.055","","","","","en-US","1.1","","","","","","https://www.bowlerhat.co.uk/ux-optimise-conversions/","2026-07-30 14:26:20"
"https://www.bowlerhat.co.uk/referrals-trust-and-building-relationships-with-content-marketing/","text/html; charset=UTF-8","200","OK","Indexable","","Referrals, Trust & Building Relationships with Content Marketing | BowlerHat.co.uk","82","729","Have you picked up work from through referrals? Have you ever stopped to wonder why it is so much easier to win the work in this case?","134","838","","0","0","","0","Referrals, Trust and Relationships with Content Marketing","57","","0","Leave a Reply Cancel reply","26","","0","index, follow, max-image-preview:large, max-snippet:-1, max-video-preview:-1","","","https://www.bowlerhat.co.uk/referrals-trust-and-building-relationships-with-content-marketing/","","","","","","128798","25770","25770","9.872","","1095","136","8.051","80.377","Easy","5.776","5","1","","14","7","0","1.040","78","42","0","8","4","0","","","","","1d26d04ab8de9319b548aee33e3b9125","0.048","","","","","en-US","1.1","","","","","","https://www.bowlerhat.co.uk/referrals-trust-and-building-relationships-with-content-marketing/","2026-07-30 14:26:20"
"https://www.bowlerhat.co.uk/responsive-web-design/","text/html; charset=UTF-8","200","OK","Indexable","","Responsive Web Design, SEO & Mobile Sites | BowlerHat.co.uk","59","551","A summary of the options & recommendations for creating mobile sites that are SEO friendly covering responsive web design & mobile versions.","140","883","","0","0","","0","Responsive Web Design, Mobile Sites & SEO","41","","0","4 Responses","11","Leave a Reply Cancel reply","26","index, follow, max-image-preview:large, max-snippet:-1, max-video-preview:-1","","","https://www.bowlerhat.co.uk/responsive-web-design/","","","","","","139295","28154","28154","10.785","","1701","231","7.364","74.326","Fairly Easy","8.077","5","1","","21","6","0","0.890","85","42","0","16","10","0","","","","","602fce1303cbeaac21d7e44e4c91b03f","0.051","","","","","en-US","1.1","","","","","","https://www.bowlerhat.co.uk/responsive-web-design/","2026-07-30 14:26:20"
"https://www.bowlerhat.co.uk/2018/01/12/","text/html; charset=UTF-8","200","OK","Non-Indexable","noindex","January 12, 2018 - Bowler Hat","29","265","","0","0","","0","0","","0","","0","","0","January 12, 2018","16","","0","noindex, follow","","","","","","","","","107344","20258","20258","7.760","","139","28","4.964","79.461","Fairly Easy","1.967","5","3","","4","2","0","0.300","68","37","0","8","4","0","","","","","2ceebfc04664ddd6e81c971e1ac71e31","0.038","Thu, 30 Jul 2026 13:22:40 GMT","","","","en-US","1.1","","","","","","https://www.bowlerhat.co.uk/2018/01/12/","2026-07-30 14:26:21"
"https://www.bowlerhat.co.uk/2018/12/20/","text/html; charset=UTF-8","200","OK","Non-Indexable","noindex","December 20, 2018 - Bowler Hat","30","286","","0","0","","0","0","","0","","0","","0","December 20, 2018","17","","0","noindex, follow","","","","","","","","","107853","20331","20331","7.788","","141","27","5.222","79.134","Fairly Easy","1.955","5","3","","4","2","0","0.300","68","37","0","8","4","0","","","","","3f153cb7ef93c2cac638b5f9557b77bc","0.031","Thu, 30 Jul 2026 13:22:40 GMT","","","","en-US","1.1","","","","","","https://www.bowlerhat.co.uk/2018/12/20/","2026-07-30 14:26:21"
"https://www.bowlerhat.co.uk/include-websites-footer/","text/html; charset=UTF-8","200","OK","Indexable","","What to Include in Your Website's Footer - Bowler Hat","53","474","Here are my recommended elements that you should add to your footer so that when someone views your footer they can see exactly what they need.","143","923","","0","0","","0","What to Include in Your Website’s Footer","40","","0","2 Responses","11","Leave a Reply Cancel reply","26","index, follow, max-image-preview:large, max-snippet:-1, max-video-preview:-1","","","https://www.bowlerhat.co.uk/include-websites-footer/","","","","","","133155","26341","26341","10.091","","1046","154","6.792","83.960","Easy","5.353","5","1","","32","11","0","1.630","89","50","0","10","6","0","","","","","99b215a09db7ec51f70f24ec4214f2fe","0.050","","","","","en-US","1.1","","","","","","https://www.bowlerhat.co.uk/include-websites-footer/","2026-07-30 14:26:21"
"https://www.bowlerhat.co.uk/author/scott-moon/","text/html; charset=UTF-8","200","OK","Indexable","","Scott Moon, Author at Bowler Hat","32","297","","0","0","","0","0","","0","","0","","0","Scott Moon","10","","0","index, follow, max-image-preview:large, max-snippet:-1, max-video-preview:-1","","","https://www.bowlerhat.co.uk/author/scott-moon/","","","","","","111948","21051","21051","8.064","","188","35","5.371","78.533","Fairly Easy","2.115","5","2","","11","3","0","0.450","71","38","0","8","4","0","","","","","479826b5c4dba12f8241d4ecbd2f8236","0.039","Thu, 30 Jul 2026 13:22:40 GMT","","","","en-US","1.1","","","","","","https://www.bowlerhat.co.uk/author/scott-moon/","2026-07-30 14:26:21"
"https://www.bowlerhat.co.uk/wp-content/uploads/2016/07/How-improving-your-ux-can-help-optimise-conversion-rates.jpg","image/jpeg","200","OK","Indexable","","","0","0","","0","0","","0","0","","0","","0","","0","","0","","0","","","","","","","","","","133185","133185","133185","51.021","","0","","","","","0.000","5","4","","0","0","0","0.000","0","0","0","0","0","0","","","","","","0.031","Mon, 25 Apr 2022 14:45:21 GMT","","","","","1.1","","","","","","https://www.bowlerhat.co.uk/wp-content/uploads/2016/07/How-improving-your-ux-can-help-optimise-conversion-rates.jpg","2026-07-30 14:26:21"
"https://www.bowlerhat.co.uk/what-is-shopify/","text/html; charset=UTF-8","200","OK","Indexable","","What Is Shopify? - Bowler Hat","29","261","If you are looking at moving into or improving your eCommerce capability you will likely have come across the Shopify platform. In this post, I am going to give you an overview of what Shopify is and the feature set so you can make a decision if Shopify is the right eCommerce platform for your business.","304","1854","","0","0","","0","What Is Shopify?","16","","0","So, What is Shopify?","20","Features: What Can Shopify Do?","30","index, follow, max-image-preview:large, max-snippet:-1, max-video-preview:-1","","","https://www.bowlerhat.co.uk/what-is-shopify/","","","","","","135652","27819","27819","10.657","","1678","226","7.425","67.256","Normal","8.288","5","1","","20","9","0","1.340","88","48","0","16","8","0","","","","","d666d51fa5b6bd7c6f9a997b8fb27bee","0.056","","","","","en-US","1.1","","","","","","https://www.bowlerhat.co.uk/what-is-shopify/","2026-07-30 14:26:21"
"https://www.bowlerhat.co.uk/wp-content/uploads/2016/09/Content-Generic.jpg","image/jpeg","200","OK","Indexable","","","0","0","","0","0","","0","0","","0","","0","","0","","0","","0","","","","","","","","","","86224","86224","86224","33.031","","0","","","","","0.000","5","4","","0","0","0","0.000","0","0","0","0","0","0","","","","","","0.027","Mon, 25 Apr 2022 14:45:21 GMT","","","","","1.1","","","","","","https://www.bowlerhat.co.uk/wp-content/uploads/2016/09/Content-Generic.jpg","2026-07-30 14:26:21"
"https://www.bowlerhat.co.uk/3-simple-ways-to-generate-seo-friendly-content-ideas/","text/html; charset=UTF-8","200","OK","Indexable","","3 Simple Ways To Generate SEO-Friendly Content Ideas - Bowler Hat","65","608","Content marketing is the #1 way to get your brand in front of perspective customers - this post details 3 easy ways to generate SEO friendly content ideas.","155","948","","0","0","","0","3 Simple Ways To Generate SEO-Friendly Content Ideas","52","","0","Leave a Reply Cancel reply","26","","0","index, follow, max-image-preview:large, max-snippet:-1, max-video-preview:-1","","","https://www.bowlerhat.co.uk/3-simple-ways-to-generate-seo-friendly-content-ideas/","","","","","","130037","25830","25830","9.895","","1018","153","6.654","81.326","Easy","5.444","5","1","","21","8","0","1.190","80","45","0","12","8","0","","","","","6c65ea4904899d081690705b7a2fc38f","0.094","","","","","en-US","1.1","","","","","","https://www.bowlerhat.co.uk/3-simple-ways-to-generate-seo-friendly-content-ideas/","2026-07-30 14:26:21"
"https://www.bowlerhat.co.uk/wp-content/uploads/2016/08/7-Reasons-Why-Your-Content-Marketing-Isn’t-Working-and-How-to-Fix-ItArtboard-1-copy.jpg","image/jpeg","200","OK","Indexable","","","0","0","","0","0","","0","0","","0","","0","","0","","0","","0","","","","","","","","","","105828","105828","105828","40.541","","0","","","","","0.000","5","4","","0","0","0","0.000","0","0","0","0","0","0","","","","","","0.082","Mon, 25 Apr 2022 14:45:21 GMT","","","","","1.1","","","","","","https://www.bowlerhat.co.uk/wp-content/uploads/2016/08/7-Reasons-Why-Your-Content-Marketing-Isn%E2%80%99t-Working-and-How-to-Fix-ItArtboard-1-copy.jpg","2026-07-30 14:26:21"
"https://www.bowlerhat.co.uk/outside-in-thinking/","text/html; charset=UTF-8","200","OK","Indexable","","Outside-In Thinking & Why You Need A Marketing Agency - Bowler Hat","66","620","Do I really need to pay someone to market my business or can I do it myself? We give you all the answers to this crucial question right here, in our blog.","154","920","","0","0","","0","Outside-In Thinking & Why You Need A Marketing Agency","53","","0","What Does An Agency Provide?","28","Leave a Reply Cancel reply","26","index, follow, max-image-preview:large, max-snippet:-1, max-video-preview:-1","","","https://www.bowlerhat.co.uk/outside-in-thinking/","","","","","","123973","24032","24032","9.206","","507","89","5.697","69.731","Normal","3.459","5","1","","13","6","0","0.890","77","42","0","8","4","0","","","","","524591874e03a59023ca17f0753b8b8","0.079","","","","","en-US","1.1","","","","","","https://www.bowlerhat.co.uk/outside-in-thinking/","2026-07-30 14:26:21"
"https://www.bowlerhat.co.uk/2022/01/15/","text/html; charset=UTF-8","200","OK","Non-Indexable","noindex","January 15, 2022 - Bowler Hat","29","265","","0","0","","0","0","","0","","0","","0","January 15, 2022","16","","0","noindex, follow","","","","","","","","","107788","20307","20307","7.779","","142","27","5.259","85.321","Easy","1.931","5","3","","4","2","0","0.300","68","37","0","8","4","0","","","","","e9de51ccaca372baccaf84895839646","0.030","Thu, 30 Jul 2026 13:22:40 GMT","","","","en-US","1.1","","","","","","https://www.bowlerhat.co.uk/2022/01/15/","2026-07-30 14:26:21"
"https://www.bowlerhat.co.uk/wp-content/uploads/2018/06/Top-5-WordPress-Plugins-That-Will-Speed-up-Development-of-Your-Website.jpg","image/jpeg","200","OK","Indexable","","","0","0","","0","0","","0","0","","0","","0","","0","","0","","0","","","","","","","","","","70159","70159","70159","26.877","","0","","","","","0.000","5","4","","0","0","0","0.000","0","0","0","0","0","0","","","","","","0.013","Mon, 25 Apr 2022 14:45:21 GMT","","","","","1.1","","","","","","https://www.bowlerhat.co.uk/wp-content/uploads/2018/06/Top-5-WordPress-Plugins-That-Will-Speed-up-Development-of-Your-Website.jpg","2026-07-30 14:26:21"
"https://www.bowlerhat.co.uk/wp-content/uploads/2018/02/Is-Motion-a-Benefit-or-Drawback-in-Website-Design_-e1500037034867.jpg","image/jpeg","200","OK","Indexable","","","0","0","","0","0","","0","0","","0","","0","","0","","0","","0","","","","","","","","","","42504","42504","42504","16.282","","0","","","","","0.000","5","4","","0","0","0","0.000","0","0","0","0","0","0","","","","","","0.033","Mon, 25 Apr 2022 14:45:21 GMT","","","","","1.1","","","","","","https://www.bowlerhat.co.uk/wp-content/uploads/2018/02/Is-Motion-a-Benefit-or-Drawback-in-Website-Design_-e1500037034867.jpg","2026-07-30 14:26:21"
"https://www.bowlerhat.co.uk/author/andrew-hall/page/3/","text/html; charset=UTF-8","200","OK","Indexable","","Andrew Hall, Author at Bowler Hat - Page 3 of 4","47","420","","0","0","","0","0","","0","","0","","0","Andrew Hall","11","","0","index, follow, max-image-preview:large, max-snippet:-1, max-video-preview:-1","","","https://www.bowlerhat.co.uk/author/andrew-hall/page/3/","https://www.bowlerhat.co.uk/author/andrew-hall/page/4/","https://www.bowlerhat.co.uk/author/andrew-hall/page/2/","","","","131105","23450","23450","8.983","","483","73","6.616","88.020","Easy","3.014","5","4","","8","4","0","0.590","97","48","0","8","4","0","","","","","b7db379c81ab31233fd13b5f23d404cb","0.050","Thu, 30 Jul 2026 13:22:41 GMT","","","","en-US","1.1","","","","","","https://www.bowlerhat.co.uk/author/andrew-hall/page/3/","2026-07-30 14:26:21"
"https://www.bowlerhat.co.uk/author/andrew-hall/page/4/","text/html; charset=UTF-8","200","OK","Indexable","","Andrew Hall, Author at Bowler Hat - Page 4 of 4","47","420","","0","0","","0","0","","0","","0","","0","Andrew Hall","11","","0","index, follow, max-image-preview:large, max-snippet:-1, max-video-preview:-1","","","https://www.bowlerhat.co.uk/author/andrew-hall/page/4/","","https://www.bowlerhat.co.uk/author/andrew-hall/page/3/","","","","123668","22689","22689","8.692","","346","55","6.291","81.129","Easy","2.664","5","4","","7","4","0","0.590","87","45","0","8","4","0","","","","","d84a099c87d67b9e95ee96780a25816d","0.031","Thu, 30 Jul 2026 13:22:41 GMT","","","","en-US","1.1","","","","","","https://www.bowlerhat.co.uk/author/andrew-hall/page/4/","2026-07-30 14:26:21"
"https://www.bowlerhat.co.uk/wp-content/uploads/2020/01/Website-Generic.jpg","image/jpeg","200","OK","Indexable","","","0","0","","0","0","","0","0","","0","","0","","0","","0","","0","","","","","","","","","","87585","87585","87585","33.552","","0","","","","","0.000","5","4","","0","0","0","0.000","0","0","0","0","0","0","","","","","","0.034","Mon, 25 Apr 2022 14:45:20 GMT","","","","","1.1","","","","","","https://www.bowlerhat.co.uk/wp-content/uploads/2020/01/Website-Generic.jpg","2026-07-30 14:26:21"
"https://www.bowlerhat.co.uk/wp-content/uploads/2018/03/The-Free-Plugins-Every-WordPress-Site-Needs-to-Avoid-Disaster.jpg","image/jpeg","200","OK","Indexable","","","0","0","","0","0","","0","0","","0","","0","","0","","0","","0","","","","","","","","","","99020","99020","99020","37.933","","0","","","","","0.000","5","4","","0","0","0","0.000","0","0","0","0","0","0","","","","","","0.050","Mon, 25 Apr 2022 14:45:21 GMT","","","","","1.1","","","","","","https://www.bowlerhat.co.uk/wp-content/uploads/2018/03/The-Free-Plugins-Every-WordPress-Site-Needs-to-Avoid-Disaster.jpg","2026-07-30 14:26:21"
"https://www.bowlerhat.co.uk/author/andrew-hall/page/2/","text/html; charset=UTF-8","200","OK","Indexable","","Andrew Hall, Author at Bowler Hat - Page 2 of 4","47","420","","0","0","","0","0","","0","","0","","0","Andrew Hall","11","","0","index, follow, max-image-preview:large, max-snippet:-1, max-video-preview:-1","","","https://www.bowlerhat.co.uk/author/andrew-hall/page/2/","https://www.bowlerhat.co.uk/author/andrew-hall/page/3/","https://www.bowlerhat.co.uk/author/andrew-hall/","","","","132331","23544","23544","9.019","","481","76","6.329","81.690","Easy","3.098","5","4","","8","4","0","0.590","97","48","0","8","4","0","","","","","62f1b3cfdf82da01298af591bccf1e1d","0.068","Thu, 30 Jul 2026 13:22:41 GMT","","","","en-US","1.1","","","","","","https://www.bowlerhat.co.uk/author/andrew-hall/page/2/","2026-07-30 14:26:21"
"https://www.bowlerhat.co.uk/wp-content/uploads/2021/12/stephen-dawson-qwtCeJ5cLYs-unsplash-1.jpg","image/jpeg","200","OK","Indexable","","","0","0","","0","0","","0","0","","0","","0","","0","","0","","0","","","","","","","","","","147698","147698","147698","56.580","","0","","","","","0.000","5","4","","0","0","0","0.000","0","0","0","0","0","0","","","","","","0.047","Mon, 25 Apr 2022 14:45:20 GMT","","","","","1.1","","","","","","https://www.bowlerhat.co.uk/wp-content/uploads/2021/12/stephen-dawson-qwtCeJ5cLYs-unsplash-1.jpg","2026-07-30 14:26:22"
"https://www.bowlerhat.co.uk/wp-content/uploads/2018/02/How-To-Make-Your-Restaurants-Website-The-Best-.jpg","image/jpeg","200","OK","Indexable","","","0","0","","0","0","","0","0","","0","","0","","0","","0","","0","","","","","","","","","","95556","95556","95556","36.606","","0","","","","","0.000","5","4","","0","0","0","0.000","0","0","0","0","0","0","","","","","","0.049","Mon, 25 Apr 2022 14:45:21 GMT","","","","","1.1","","","","","","https://www.bowlerhat.co.uk/wp-content/uploads/2018/02/How-To-Make-Your-Restaurants-Website-The-Best-.jpg","2026-07-30 14:26:22"
"https://www.bowlerhat.co.uk/wp-content/uploads/2018/03/Website-Generic.jpg","image/jpeg","200","OK","Indexable","","","0","0","","0","0","","0","0","","0","","0","","0","","0","","0","","","","","","","","","","87607","87607","87607","33.561","","0","","","","","0.000","5","4","","0","0","0","0.000","0","0","0","0","0","0","","","","","","0.046","Mon, 25 Apr 2022 14:45:21 GMT","","","","","1.1","","","","","","https://www.bowlerhat.co.uk/wp-content/uploads/2018/03/Website-Generic.jpg","2026-07-30 14:26:22"
"https://www.bowlerhat.co.uk/2017/02/03/","text/html; charset=UTF-8","200","OK","Non-Indexable","noindex","February 3, 2017 - Bowler Hat","29","261","","0","0","","0","0","","0","","0","","0","February 3, 2017","16","","0","noindex, follow","","","","","","","","","108237","20450","20450","7.834","","145","28","5.179","80.222","Easy","1.968","5","3","","4","2","0","0.300","68","37","0","8","4","0","","","","","f214dc3a0d95bfce4efb1825e28abaae","0.055","Thu, 30 Jul 2026 13:22:46 GMT","","","","en-US","1.1","","","","","","https://www.bowlerhat.co.uk/2017/02/03/","2026-07-30 14:26:22"
"https://www.bowlerhat.co.uk/set-email-phone-tablet/","text/html; charset=UTF-8","200","OK","Indexable","","How to Set Up Your Email on Your Phone or Tablet - Bowler Hat","61","562","This short and useful setup guide lends a helping hand to those struggling to set up email on their mobile devices.","115","695","","0","0","","0","How to Set Up Your Email on Your Phone or Tablet","48","","0","Leave a Reply Cancel reply","26","","0","index, follow, max-image-preview:large, max-snippet:-1, max-video-preview:-1","","","https://www.bowlerhat.co.uk/set-email-phone-tablet/","","","","","","128547","24934","24934","9.552","","618","116","5.328","89.038","Easy","3.690","5","1","","21","8","0","1.190","77","43","0","9","5","0","","","","","294f59a7c9b63c882a633566217db842","0.077","","","","","en-US","1.1","","","","","","https://www.bowlerhat.co.uk/set-email-phone-tablet/","2026-07-30 14:26:22"
"https://www.bowlerhat.co.uk/redirect-page-new-domain/","text/html; charset=UTF-8","200","OK","Indexable","","How To Redirect One Page Of A Website To A New Domain - Bowler Hat","66","640","Learn the best ways to optimise your website with Bowler Hat's blog. Read on to find out how to redirect one page of a website to a new domain.","143","889","","0","0","","0","How To Redirect One Page Of A Website To A New Domain","53","","0","Leave a Reply Cancel reply","26","","0","index, follow, max-image-preview:large, max-snippet:-1, max-video-preview:-1","","","https://www.bowlerhat.co.uk/redirect-page-new-domain/","","","","","","125626","24521","24521","9.394","","539","106","5.085","75.794","Fairly Easy","3.586","5","1","","17","8","0","1.190","75","41","0","9","5","0","","","","","73ec856f013c6c0326b41969ec451191","0.058","","","","","en-US","1.1","","","","","","https://www.bowlerhat.co.uk/redirect-page-new-domain/","2026-07-30 14:26:22"
"https://www.bowlerhat.co.uk/tag/content/page/2/","text/html; charset=UTF-8","200","OK","Indexable","","content Archives - Page 2 of 2 - Bowler Hat","43","381","","0","0","","0","0","","0","","0","","0","content","7","","0","index, follow, max-image-preview:large, max-snippet:-1, max-video-preview:-1","","","https://www.bowlerhat.co.uk/tag/content/page/2/","","https://www.bowlerhat.co.uk/tag/content/","","","","121943","21972","21972","8.417","","342","58","5.897","81.618","Easy","2.701","5","4","","5","2","0","0.300","85","43","0","8","4","0","","","","","d8dd0fae86a8471a49f12e176d9533a1","0.023","Thu, 30 Jul 2026 13:22:46 GMT","","","","en-US","1.1","","","","","","https://www.bowlerhat.co.uk/tag/content/page/2/","2026-07-30 14:26:22"
"https://www.bowlerhat.co.uk/wp-content/uploads/2017/10/Web-1920-–-25.png","image/png","200","OK","Indexable","","","0","0","","0","0","","0","0","","0","","0","","0","","0","","0","","","","","","","","","","13868","13868","13868","5.313","","0","","","","","0.000","5","4","","0","0","0","0.000","0","0","0","0","0","0","","","","","","0.042","Mon, 25 Apr 2022 14:45:21 GMT","","","","","1.1","","","","","","https://www.bowlerhat.co.uk/wp-content/uploads/2017/10/Web-1920-%E2%80%93-25.png","2026-07-30 14:26:22"
"https://www.bowlerhat.co.uk/wp-content/uploads/2017/02/80-Types-of-Content-That-Will-Inspire-Your-Creativity.jpg","image/jpeg","200","OK","Indexable","","","0","0","","0","0","","0","0","","0","","0","","0","","0","","0","","","","","","","","","","125150","125150","125150","47.943","","0","","","","","0.000","5","4","","0","0","0","0.000","0","0","0","0","0","0","","","","","","0.031","Mon, 25 Apr 2022 14:45:21 GMT","","","","","1.1","","","","","","https://www.bowlerhat.co.uk/wp-content/uploads/2017/02/80-Types-of-Content-That-Will-Inspire-Your-Creativity.jpg","2026-07-30 14:26:22"
"https://www.bowlerhat.co.uk/wp-content/uploads/2018/01/Web-1920-–-23.png","image/png","200","OK","Indexable","","","0","0","","0","0","","0","0","","0","","0","","0","","0","","0","","","","","","","","","","13762","13762","13762","5.272","","0","","","","","0.000","5","4","","0","0","0","0.000","0","0","0","0","0","0","","","","","","0.039","Mon, 25 Apr 2022 14:45:21 GMT","","","","","1.1","","","","","","https://www.bowlerhat.co.uk/wp-content/uploads/2018/01/Web-1920-%E2%80%93-23.png","2026-07-30 14:26:22"
"https://www.bowlerhat.co.uk/wp-content/uploads/2017/08/10-Simple-Yet-Effective-Ways-To-Optimise-Your-Blog-Posts.jpg","image/jpeg","200","OK","Indexable","","","0","0","","0","0","","0","0","","0","","0","","0","","0","","0","","","","","","","","","","87830","87830","87830","33.646","","0","","","","","0.000","5","4","","0","0","0","0.000","0","0","0","0","0","0","","","","","","0.039","Mon, 25 Apr 2022 14:45:21 GMT","","","","","1.1","","","","","","https://www.bowlerhat.co.uk/wp-content/uploads/2017/08/10-Simple-Yet-Effective-Ways-To-Optimise-Your-Blog-Posts.jpg","2026-07-30 14:26:22"
"https://www.bowlerhat.co.uk/2016/12/09/","text/html; charset=UTF-8","200","OK","Non-Indexable","noindex","December 9, 2016 - Bowler Hat","29","275","","0","0","","0","0","","0","","0","","0","December 9, 2016","16","","0","noindex, follow","","","","","","","","","107858","20326","20326","7.787","","143","26","5.500","91.805","Very Easy","1.934","5","3","","4","2","0","0.300","68","37","0","8","4","0","","","","","7c3ea849352dc0d22cca8de6b18ba8c3","0.064","Thu, 30 Jul 2026 13:22:46 GMT","","","","en-US","1.1","","","","","","https://www.bowlerhat.co.uk/2016/12/09/","2026-07-30 14:26:22"
"https://www.bowlerhat.co.uk/wp-content/uploads/2018/02/pasted-image-0-2.png","image/png","200","OK","Indexable","","","0","0","","0","0","","0","0","","0","","0","","0","","0","","0","","","","","","","","","","93786","93786","93786","35.928","","0","","","","","0.000","5","4","","0","0","0","0.000","0","0","0","0","0","0","","","","","","0.031","Mon, 25 Apr 2022 14:45:21 GMT","","","","","1.1","","","","","","https://www.bowlerhat.co.uk/wp-content/uploads/2018/02/pasted-image-0-2.png","2026-07-30 14:26:22"
"https://www.bowlerhat.co.uk/wp-content/uploads/2018/02/pasted-image-0-1.png","image/png","200","OK","Indexable","","","0","0","","0","0","","0","0","","0","","0","","0","","0","","0","","","","","","","","","","163348","163348","163348","62.576","","0","","","","","0.000","5","4","","0","0","0","0.000","0","0","0","0","0","0","","","","","","0.060","Mon, 25 Apr 2022 14:45:21 GMT","","","","","1.1","","","","","","https://www.bowlerhat.co.uk/wp-content/uploads/2018/02/pasted-image-0-1.png","2026-07-30 14:26:22"
"https://www.bowlerhat.co.uk/wp-content/uploads/2018/02/pasted-image-0-3.png","image/png","200","OK","Indexable","","","0","0","","0","0","","0","0","","0","","0","","0","","0","","0","","","","","","","","","","85465","85465","85465","32.740","","0","","","","","0.000","5","4","","0","0","0","0.000","0","0","0","0","0","0","","","","","","0.044","Mon, 25 Apr 2022 14:45:21 GMT","","","","","1.1","","","","","","https://www.bowlerhat.co.uk/wp-content/uploads/2018/02/pasted-image-0-3.png","2026-07-30 14:26:23"
"https://www.bowlerhat.co.uk/wp-content/uploads/2018/02/pasted-image-0-5.png","image/png","200","OK","Indexable","","","0","0","","0","0","","0","0","","0","","0","","0","","0","","0","","","","","","","","","","47619","47619","47619","18.242","","0","","","","","0.000","5","4","","0","0","0","0.000","0","0","0","0","0","0","","","","","","0.050","Mon, 25 Apr 2022 14:45:21 GMT","","","","","1.1","","","","","","https://www.bowlerhat.co.uk/wp-content/uploads/2018/02/pasted-image-0-5.png","2026-07-30 14:26:23"
"https://www.bowlerhat.co.uk/wp-content/uploads/2018/02/pasted-image-0-4.png","image/png","200","OK","Indexable","","","0","0","","0","0","","0","0","","0","","0","","0","","0","","0","","","","","","","","","","29738","29738","29738","11.392","","0","","","","","0.000","5","4","","0","0","0","0.000","0","0","0","0","0","0","","","","","","0.051","Mon, 25 Apr 2022 14:45:21 GMT","","","","","1.1","","","","","","https://www.bowlerhat.co.uk/wp-content/uploads/2018/02/pasted-image-0-4.png","2026-07-30 14:26:23"
"https://www.bowlerhat.co.uk/2018/03/02/","text/html; charset=UTF-8","200","OK","Non-Indexable","noindex","March 2, 2018 - Bowler Hat","26","239","","0","0","","0","0","","0","","0","","0","March 2, 2018","13","","0","noindex, follow","","","","","","","","","107639","20305","20305","7.778","","139","27","5.148","90.230","Very Easy","1.921","5","3","","4","2","0","0.300","68","37","0","8","4","0","","","","","52de3e3334b5168a6016df7b32a5c62","0.052","Thu, 30 Jul 2026 13:22:47 GMT","","","","en-US","1.1","","","","","","https://www.bowlerhat.co.uk/2018/03/02/","2026-07-30 14:26:23"
"https://www.bowlerhat.co.uk/2016/09/23/","text/html; charset=UTF-8","200","OK","Non-Indexable","noindex","September 23, 2016 - Bowler Hat","31","293","","0","0","","0","0","","0","","0","","0","September 23, 2016","18","","0","noindex, follow","","","","","","","","","108068","20370","20370","7.803","","140","28","5.000","78.486","Fairly Easy","1.969","5","3","","4","2","0","0.300","68","37","0","8","4","0","","","","","4de87c1ee667e8bf7d565ceef5ee92eb","0.019","Thu, 30 Jul 2026 13:22:48 GMT","","","","en-US","1.1","","","","","","https://www.bowlerhat.co.uk/2016/09/23/","2026-07-30 14:26:24"
"https://www.bowlerhat.co.uk/content-calendar/","text/html; charset=UTF-8","200","OK","Indexable","","How To Design A Content Calendar [Free Template] - Bowler Hat","61","573","By designing a content calendar you will help to ensure that your content is optimised and does what it was made to do and get results.","135","832","","0","0","","0","How To Design A Content Calendar [Free Template]","48","","0","Leave a Reply Cancel reply","26","","0","index, follow, max-image-preview:large, max-snippet:-1, max-video-preview:-1","","","https://www.bowlerhat.co.uk/content-calendar/","","","","","","128945","25603","25603","9.808","","950","145","6.552","82.636","Easy","5.182","5","1","","29","13","0","1.930","84","51","0","8","4","0","","","","","26d63fd2df9663baeaaf3278de54a924","0.048","","","","","en-US","1.1","","","","","","https://www.bowlerhat.co.uk/content-calendar/","2026-07-30 14:26:24"
"https://www.bowlerhat.co.uk/how-to-make-your-content-marketing-work-harder/","text/html; charset=UTF-8","200","OK","Indexable","","How To Make Your Content Marketing Work Harder - Bowler Hat","59","570","There is more to content marketing than simply hitting the publish button and in this post we look at how to promote your content once published.","145","898","","0","0","","0","How To Make Your Content Marketing Work Harder","46","","0","2 Responses","11","Leave a Reply Cancel reply","26","index, follow, max-image-preview:large, max-snippet:-1, max-video-preview:-1","","","https://www.bowlerhat.co.uk/how-to-make-your-content-marketing-work-harder/","","","","","","132516","26513","26513","10.157","","1138","158","7.203","78.572","Fairly Easy","5.826","5","1","","22","7","0","1.040","83","44","0","10","6","0","","","","","5cb26a317c97cac75448b0fd677e7935","0.049","","","","","en-US","1.1","","","","","","https://www.bowlerhat.co.uk/how-to-make-your-content-marketing-work-harder/","2026-07-30 14:26:24"
"https://www.bowlerhat.co.uk/tag/content-marketing/page/2/","text/html; charset=UTF-8","200","OK","Indexable","","content marketing Archives - Page 2 of 2 - Bowler Hat","53","477","","0","0","","0","0","","0","","0","","0","content marketing","17","","0","index, follow, max-image-preview:large, max-snippet:-1, max-video-preview:-1","","","https://www.bowlerhat.co.uk/tag/content-marketing/page/2/","","https://www.bowlerhat.co.uk/tag/content-marketing/","","","","116962","21472","21472","8.226","","263","46","5.717","79.761","Fairly Easy","2.447","5","4","","5","2","0","0.300","79","41","0","8","4","0","","","","","e404e74aa8a048be729a816470e70abc","0.035","Thu, 30 Jul 2026 13:22:49 GMT","","","","en-US","1.1","","","","","","https://www.bowlerhat.co.uk/tag/content-marketing/page/2/","2026-07-30 14:26:25"
"https://www.bowlerhat.co.uk/wp-content/uploads/2017/05/How-to-Build-a-Loyal-Online-Community-Using-Social-Media.jpg","image/jpeg","200","OK","Indexable","","","0","0","","0","0","","0","0","","0","","0","","0","","0","","0","","","","","","","","","","98846","98846","98846","37.866","","0","","","","","0.000","5","4","","0","0","0","0.000","0","0","0","0","0","0","","","","","","0.032","Mon, 25 Apr 2022 14:45:21 GMT","","","","","1.1","","","","","","https://www.bowlerhat.co.uk/wp-content/uploads/2017/05/How-to-Build-a-Loyal-Online-Community-Using-Social-Media.jpg","2026-07-30 14:26:25"
"https://www.bowlerhat.co.uk/seos-dont-get-content-marketing/","text/html; charset=UTF-8","200","OK","Indexable","","Why SEOs Don’t Get Content Marketing - Bowler Hat","49","463","Content provides more value to a business than you think. In our blog, we talk about the importance of content in SEO marketing. Click to find out more.","152","932","","0","0","","0","Why SEOs Don’t Get Content Marketing","36","","0","Leave a Reply Cancel reply","26","","0","index, follow, max-image-preview:large, max-snippet:-1, max-video-preview:-1","","","https://www.bowlerhat.co.uk/seos-dont-get-content-marketing/","","","","","","125595","24687","24687","9.457","","648","109","5.945","84.737","Easy","3.887","5","1","","12","5","0","0.740","85","50","0","9","5","0","","","","","e4a5a860e6cc471ed4d3a0a2c9bd8035","0.073","","","","","en-US","1.1","","","","","","https://www.bowlerhat.co.uk/seos-dont-get-content-marketing/","2026-07-30 14:26:25"
"https://www.bowlerhat.co.uk/2016/08/19/","text/html; charset=UTF-8","200","OK","Non-Indexable","noindex","August 19, 2016 - Bowler Hat","28","257","","0","0","","0","0","","0","","0","","0","August 19, 2016","15","","0","noindex, follow","","","","","","","","","108345","20467","20467","7.841","","145","28","5.179","87.223","Easy","1.945","5","3","","4","2","0","0.300","68","37","0","8","4","0","","","","","886da7667008e2f9920a5f5a227d1abc","0.042","Thu, 30 Jul 2026 13:22:49 GMT","","","","en-US","1.1","","","","","","https://www.bowlerhat.co.uk/2016/08/19/","2026-07-30 14:26:27"
"https://www.bowlerhat.co.uk/3-ways-to-produce-content-when-you-have-zero-ideas/","text/html; charset=UTF-8","200","OK","Indexable","","3 Ways to Produce Content When You Have Zero Ideas - Bowler Hat","63","601","Find the best content marketing tips and tricks in Bowler Hat's blog. Read on to find 3 ways to produce content when you have no new ideas.","139","865","","0","0","","0","3 Ways to Produce Content When You Have Zero Ideas","50","","0","Leave a Reply Cancel reply","26","","0","index, follow, max-image-preview:large, max-snippet:-1, max-video-preview:-1","","","https://www.bowlerhat.co.uk/3-ways-to-produce-content-when-you-have-zero-ideas/","","","","","","124979","24330","24330","9.320","","642","101","6.356","82.576","Easy","3.898","5","1","","17","8","0","1.190","74","40","0","8","4","0","","","","","c6da225b6138a10c6549b02456476379","0.048","","","","","en-US","1.1","","","","","","https://www.bowlerhat.co.uk/3-ways-to-produce-content-when-you-have-zero-ideas/","2026-07-30 14:26:27"
"https://www.bowlerhat.co.uk/how-to-create-a-brilliant-mission-statement/","text/html; charset=UTF-8","200","OK","Indexable","","How to Create a Brilliant Mission Statement - Bowler Hat","56","505","Does your business have a mission statement? Click here to find out how you can write a brilliant mission statement for your business.","134","826","","0","0","","0","How to Create a Brilliant Mission Statement","43","","0","Leave a Reply Cancel reply","26","","0","index, follow, max-image-preview:large, max-snippet:-1, max-video-preview:-1","","","https://www.bowlerhat.co.uk/how-to-create-a-brilliant-mission-statement/","","","","","","126045","24715","24715","9.468","","806","130","6.200","78.470","Fairly Easy","4.708","5","1","","15","8","0","1.190","73","40","0","8","4","0","","","","","157158e56f13647b19ca59f79a64226d","0.051","","","","","en-US","1.1","","","","","","https://www.bowlerhat.co.uk/how-to-create-a-brilliant-mission-statement/","2026-07-30 14:26:27"
"https://www.bowlerhat.co.uk/2015/12/15/","text/html; charset=UTF-8","200","OK","Non-Indexable","noindex","December 15, 2015 - Bowler Hat","30","286","","0","0","","0","0","","0","","0","","0","December 15, 2015","17","","0","noindex, follow","","","","","","","","","107630","20296","20296","7.775","","141","28","5.036","81.124","Easy","1.970","5","3","","4","2","0","0.300","68","37","0","8","4","0","","","","","7c372e064e6d3d48b9010d1e779abd1b","0.032","Thu, 30 Jul 2026 13:22:50 GMT","","","","en-US","1.1","","","","","","https://www.bowlerhat.co.uk/2015/12/15/","2026-07-30 14:26:27"
"https://www.bowlerhat.co.uk/3-circles-content-sharing/","text/html; charset=UTF-8","200","OK","Indexable","","The 3 Circles of Content Sharing - Bowler Hat","45","402","The Bowler Hat blog contains tips and tricks for you to be successful in the digital marketing industry. Click here to find out more about content sharing.","155","933","","0","0","","0","The 3 Circles of Content Sharing","32","","0","Leave a Reply Cancel reply","26","","0","index, follow, max-image-preview:large, max-snippet:-1, max-video-preview:-1","","","https://www.bowlerhat.co.uk/3-circles-content-sharing/","","","","","","125538","24426","24426","9.357","","712","117","6.085","81.482","Easy","4.314","5","1","","12","5","0","0.740","74","40","0","8","4","0","","","","","4e0e1352c15c0db57e6e44573a0448d7","0.092","","","","","en-US","1.1","","","","","","https://www.bowlerhat.co.uk/3-circles-content-sharing/","2026-07-30 14:26:27"
"https://www.bowlerhat.co.uk/2017/09/26/","text/html; charset=UTF-8","200","OK","Non-Indexable","noindex","September 26, 2017 - Bowler Hat","31","293","","0","0","","0","0","","0","","0","","0","September 26, 2017","18","","0","noindex, follow","","","","","","","","","108156","20428","20428","7.826","","141","26","5.423","75.931","Fairly Easy","1.947","5","3","","4","2","0","0.300","68","37","0","8","4","0","","","","","3464a18cea9403e9c1591f01aad4c90","0.041","Thu, 30 Jul 2026 13:22:50 GMT","","","","en-US","1.1","","","","","","https://www.bowlerhat.co.uk/2017/09/26/","2026-07-30 14:26:27"
"https://www.bowlerhat.co.uk/site-performance-time-to-interactive/","text/html; charset=UTF-8","200","OK","Indexable","","Site Performance and the New Time to Interactive Metric - Bowler Hat","68","624","This post highlights all you need to know about Google's new Time to Interactive metric so you can maximise your site's performance.","132","819","","0","0","","0","Site Performance and the New Time to Interactive Metric","55","","0","Leave a Reply Cancel reply","26","","0","index, follow, max-image-preview:large, max-snippet:-1, max-video-preview:-1","","","https://www.bowlerhat.co.uk/site-performance-time-to-interactive/","","","","","","135860","27883","27883","10.681","","1785","227","7.863","75.579","Fairly Easy","8.460","5","1","","27","10","0","1.480","82","48","0","16","12","0","","","","","b0c286870f501e22369e04c499746dfd","0.055","","","","","en-US","1.1","","","","","","https://www.bowlerhat.co.uk/site-performance-time-to-interactive/","2026-07-30 14:26:28"
"https://www.bowlerhat.co.uk/important-video-seo/","text/html; charset=UTF-8","200","OK","Indexable","","How Important is Video for SEO? - Bowler Hat","44","404","Is video the final piece of your marketing puzzle? Will videos boost your SEO? Details on how to use video to get in front of more potential customers.","151","911","","0","0","","0","How Important is Video for SEO?","31","","0","","0","Leave a Reply Cancel reply","26","index, follow, max-image-preview:large, max-snippet:-1, max-video-preview:-1","","","https://www.bowlerhat.co.uk/important-video-seo/","","","","","","132789","27539","27539","10.550","","1768","231","7.654","77.909","Fairly Easy","8.413","5","1","","13","6","0","0.890","74","40","0","16","12","0","","","","","9d0f95e4fe0c31e5b672a8bd3eaa7b33","0.057","","","","","en-US","1.1","","","","","","https://www.bowlerhat.co.uk/important-video-seo/","2026-07-30 14:26:28"
"https://www.bowlerhat.co.uk/wp-content/uploads/2017/10/The-Best-Facebook-Ad-Formats-That-Will-Help-You-Meet-Your-Business-Objectives.jpg","image/jpeg","200","OK","Indexable","","","0","0","","0","0","","0","0","","0","","0","","0","","0","","0","","","","","","","","","","73799","73799","73799","28.271","","0","","","","","0.000","5","4","","0","0","0","0.000","0","0","0","0","0","0","","","","","","0.031","Mon, 25 Apr 2022 14:45:21 GMT","","","","","1.1","","","","","","https://www.bowlerhat.co.uk/wp-content/uploads/2017/10/The-Best-Facebook-Ad-Formats-That-Will-Help-You-Meet-Your-Business-Objectives.jpg","2026-07-30 14:26:28"
"https://www.bowlerhat.co.uk/author/beth-griffiths/page/2/","text/html; charset=UTF-8","200","OK","Indexable","","Beth Griffiths, Author at Bowler Hat - Page 2 of 2","50","431","","0","0","","0","0","","0","","0","","0","Beth Griffiths","14","","0","index, follow, max-image-preview:large, max-snippet:-1, max-video-preview:-1","","","https://www.bowlerhat.co.uk/author/beth-griffiths/page/2/","","https://www.bowlerhat.co.uk/author/beth-griffiths/","","","","132702","23521","23521","9.010","","485","78","6.218","83.130","Easy","3.051","5","4","","5","2","0","0.300","94","46","0","8","4","0","","","","","e60914f12b7844799108a9bcc8bd2fec","0.030","Thu, 30 Jul 2026 13:22:50 GMT","","","","en-US","1.1","","","","","","https://www.bowlerhat.co.uk/author/beth-griffiths/page/2/","2026-07-30 14:26:28"
"https://www.bowlerhat.co.uk/wp-content/uploads/2011/07/Screen-Shot-2017-03-23-at-11.51.27.png","image/png","200","OK","Indexable","","","0","0","","0","0","","0","0","","0","","0","","0","","0","","0","","","","","","","","","","144480","144480","144480","55.348","","0","","","","","0.000","5","4","","0","0","0","0.000","0","0","0","0","0","0","","","","","","0.033","Mon, 25 Apr 2022 14:45:22 GMT","","","","","1.1","","","","","","https://www.bowlerhat.co.uk/wp-content/uploads/2011/07/Screen-Shot-2017-03-23-at-11.51.27.png","2026-07-30 14:26:28"
"https://www.bowlerhat.co.uk/2017/05/05/","text/html; charset=UTF-8","200","OK","Non-Indexable","noindex","May 5, 2017 - Bowler Hat","24","220","","0","0","","0","0","","0","","0","","0","May 5, 2017","11","","0","noindex, follow","","","","","","","","","108077","20351","20351","7.796","","140","28","5.000","80.903","Easy","1.919","5","3","","4","2","0","0.300","68","37","0","8","4","0","","","","","a97f0943dd39e7428ad96d3a1a8bd62e","0.101","Thu, 30 Jul 2026 13:22:50 GMT","","","","en-US","1.1","","","","","","https://www.bowlerhat.co.uk/2017/05/05/","2026-07-30 14:26:28"
"https://www.bowlerhat.co.uk/2022/11/07/","text/html; charset=UTF-8","200","OK","Non-Indexable","noindex","November 7, 2022 - Bowler Hat","29","276","","0","0","","0","0","","0","","0","","0","November 7, 2022","16","","0","noindex, follow","","","","","","","","","107170","20229","20229","7.749","","138","28","4.929","86.580","Easy","1.932","5","3","","4","2","0","0.300","68","37","0","8","4","0","","","","","c6d38091af84921a832ea89638fe494e","0.072","Thu, 30 Jul 2026 13:22:41 GMT","","","","en-US","1.1","","","","","","https://www.bowlerhat.co.uk/2022/11/07/","2026-07-30 14:26:28"
"https://www.bowlerhat.co.uk/wp-content/uploads/2021/10/Google-Display-Banner-Ads.jpg","image/jpeg","200","OK","Indexable","","","0","0","","0","0","","0","0","","0","","0","","0","","0","","0","","","","","","","","","","66506","66506","66506","25.477","","0","","","","","0.000","5","4","","0","0","0","0.000","0","0","0","0","0","0","","","","","","0.032","Mon, 25 Apr 2022 14:45:20 GMT","","","","","1.1","","","","","","https://www.bowlerhat.co.uk/wp-content/uploads/2021/10/Google-Display-Banner-Ads.jpg","2026-07-30 14:26:28"
"https://www.bowlerhat.co.uk/2022/10/14/","text/html; charset=UTF-8","200","OK","Non-Indexable","noindex","October 14, 2022 - Bowler Hat","29","265","","0","0","","0","0","","0","","0","","0","October 14, 2022","16","","0","noindex, follow","","","","","","","","","107243","20216","20216","7.744","","141","27","5.222","87.534","Easy","1.928","5","3","","4","2","0","0.300","68","37","0","8","4","0","","","","","80cd62f2b9e7fb33ce7b4187ab148030","0.044","Thu, 30 Jul 2026 13:22:41 GMT","","","","en-US","1.1","","","","","","https://www.bowlerhat.co.uk/2022/10/14/","2026-07-30 14:26:28"
"https://www.bowlerhat.co.uk/wp-content/uploads/2021/11/jason-dent-JVD3XPqjLaQ-unsplash-scaled.jpg","image/jpeg","200","OK","Indexable","","","0","0","","0","0","","0","0","","0","","0","","0","","0","","0","","","","","","","","","","1113125","1113125","1113125","426.417","","0","","","","","0.000","5","4","","0","0","0","0.000","0","0","0","0","0","0","","","","","","0.053","Mon, 25 Apr 2022 14:45:20 GMT","","","","","1.1","","","","","","https://www.bowlerhat.co.uk/wp-content/uploads/2021/11/jason-dent-JVD3XPqjLaQ-unsplash-scaled.jpg","2026-07-30 14:26:28"
"https://www.bowlerhat.co.uk/wp-content/uploads/2021/11/pasted-image-0-16-300x65.png","image/png","200","OK","Indexable","","","0","0","","0","0","","0","0","","0","","0","","0","","0","","0","","","","","","","","","","3692","3692","3692","1.414","","0","","","","","0.000","5","4","","0","0","0","0.000","0","0","0","0","0","0","","","","","","0.050","Mon, 25 Apr 2022 14:45:20 GMT","","","","","1.1","","","","","","https://www.bowlerhat.co.uk/wp-content/uploads/2021/11/pasted-image-0-16-300x65.png","2026-07-30 14:26:28"
"https://www.bowlerhat.co.uk/wp-content/uploads/2021/11/pasted-image-0-3.png","image/png","200","OK","Indexable","","","0","0","","0","0","","0","0","","0","","0","","0","","0","","0","","","","","","","","","","4694","4694","4694","1.798","","0","","","","","0.000","5","4","","0","0","0","0.000","0","0","0","0","0","0","","","","","","0.048","Mon, 25 Apr 2022 14:45:20 GMT","","","","","1.1","","","","","","https://www.bowlerhat.co.uk/wp-content/uploads/2021/11/pasted-image-0-3.png","2026-07-30 14:26:28"
"https://www.bowlerhat.co.uk/wp-content/uploads/2021/11/pasted-image-0-12-300x113.png","image/png","200","OK","Indexable","","","0","0","","0","0","","0","0","","0","","0","","0","","0","","0","","","","","","","","","","22490","22490","22490","8.615","","0","","","","","0.000","5","4","","0","0","0","0.000","0","0","0","0","0","0","","","","","","0.041","Mon, 25 Apr 2022 14:45:20 GMT","","","","","1.1","","","","","","https://www.bowlerhat.co.uk/wp-content/uploads/2021/11/pasted-image-0-12-300x113.png","2026-07-30 14:26:29"
"https://www.bowlerhat.co.uk/wp-content/uploads/2021/11/pasted-image-0-15-300x95.png","image/png","200","OK","Indexable","","","0","0","","0","0","","0","0","","0","","0","","0","","0","","0","","","","","","","","","","4888","4888","4888","1.872","","0","","","","","0.000","5","4","","0","0","0","0.000","0","0","0","0","0","0","","","","","","0.054","Mon, 25 Apr 2022 14:45:20 GMT","","","","","1.1","","","","","","https://www.bowlerhat.co.uk/wp-content/uploads/2021/11/pasted-image-0-15-300x95.png","2026-07-30 14:26:29"
"https://www.bowlerhat.co.uk/wp-content/uploads/2021/11/pasted-image-0-4-300x78.png","image/png","200","OK","Indexable","","","0","0","","0","0","","0","0","","0","","0","","0","","0","","0","","","","","","","","","","3091","3091","3091","1.184","","0","","","","","0.000","5","4","","0","0","0","0.000","0","0","0","0","0","0","","","","","","0.051","Mon, 25 Apr 2022 14:45:20 GMT","","","","","1.1","","","","","","https://www.bowlerhat.co.uk/wp-content/uploads/2021/11/pasted-image-0-4-300x78.png","2026-07-30 14:26:29"
"https://www.bowlerhat.co.uk/wp-content/uploads/2021/11/ecbc0af4951aded7d37071100eece532-220x300.png","image/png","200","OK","Indexable","","","0","0","","0","0","","0","0","","0","","0","","0","","0","","0","","","","","","","","","","14083","14083","14083","5.395","","0","","","","","0.000","5","4","","0","0","0","0.000","0","0","0","0","0","0","","","","","","0.043","Mon, 25 Apr 2022 14:45:20 GMT","","","","","1.1","","","","","","https://www.bowlerhat.co.uk/wp-content/uploads/2021/11/ecbc0af4951aded7d37071100eece532-220x300.png","2026-07-30 14:26:29"
"https://www.bowlerhat.co.uk/2021/11/11/","text/html; charset=UTF-8","200","OK","Non-Indexable","noindex","November 11, 2021 - Bowler Hat","30","287","","0","0","","0","0","","0","","0","","0","November 11, 2021","17","","0","noindex, follow","","","","","","","","","107768","20267","20267","7.764","","140","28","5.000","88.154","Easy","1.926","5","3","","4","2","0","0.300","68","37","0","8","4","0","","","","","801d964f10ef0ce08790abdc504fe85e","0.048","Thu, 30 Jul 2026 13:22:42 GMT","","","","en-US","1.1","","","","","","https://www.bowlerhat.co.uk/2021/11/11/","2026-07-30 14:26:29"
"https://www.bowlerhat.co.uk/wp-content/uploads/2021/11/pasted-image-0-13-300x190.png","image/png","200","OK","Indexable","","","0","0","","0","0","","0","0","","0","","0","","0","","0","","0","","","","","","","","","","14748","14748","14748","5.650","","0","","","","","0.000","5","4","","0","0","0","0.000","0","0","0","0","0","0","","","","","","0.051","Mon, 25 Apr 2022 14:45:20 GMT","","","","","1.1","","","","","","https://www.bowlerhat.co.uk/wp-content/uploads/2021/11/pasted-image-0-13-300x190.png","2026-07-30 14:26:29"
"https://www.bowlerhat.co.uk/wp-content/uploads/2021/11/pasted-image-0-14-300x75.png","image/png","200","OK","Indexable","","","0","0","","0","0","","0","0","","0","","0","","0","","0","","0","","","","","","","","","","4814","4814","4814","1.844","","0","","","","","0.000","5","4","","0","0","0","0.000","0","0","0","0","0","0","","","","","","0.034","Mon, 25 Apr 2022 14:45:20 GMT","","","","","1.1","","","","","","https://www.bowlerhat.co.uk/wp-content/uploads/2021/11/pasted-image-0-14-300x75.png","2026-07-30 14:26:29"
"https://www.bowlerhat.co.uk/wp-content/uploads/2021/11/pasted-image-0-1.png","image/png","200","OK","Indexable","","","0","0","","0","0","","0","0","","0","","0","","0","","0","","0","","","","","","","","","","4392","4392","4392","1.682","","0","","","","","0.000","5","4","","0","0","0","0.000","0","0","0","0","0","0","","","","","","0.050","Mon, 25 Apr 2022 14:45:20 GMT","","","","","1.1","","","","","","https://www.bowlerhat.co.uk/wp-content/uploads/2021/11/pasted-image-0-1.png","2026-07-30 14:26:29"
"https://www.bowlerhat.co.uk/wp-content/uploads/2021/11/pasted-image-0-2.png","image/png","200","OK","Indexable","","","0","0","","0","0","","0","0","","0","","0","","0","","0","","0","","","","","","","","","","4435","4435","4435","1.699","","0","","","","","0.000","5","4","","0","0","0","0.000","0","0","0","0","0","0","","","","","","0.049","Mon, 25 Apr 2022 14:45:20 GMT","","","","","1.1","","","","","","https://www.bowlerhat.co.uk/wp-content/uploads/2021/11/pasted-image-0-2.png","2026-07-30 14:26:29"
"https://www.bowlerhat.co.uk/wp-content/uploads/2021/11/pasted-image-0-18-300x112.png","image/png","200","OK","Indexable","","","0","0","","0","0","","0","0","","0","","0","","0","","0","","0","","","","","","","","","","6171","6171","6171","2.364","","0","","","","","0.000","5","4","","0","0","0","0.000","0","0","0","0","0","0","","","","","","0.051","Mon, 25 Apr 2022 14:45:20 GMT","","","","","1.1","","","","","","https://www.bowlerhat.co.uk/wp-content/uploads/2021/11/pasted-image-0-18-300x112.png","2026-07-30 14:26:29"
"https://www.bowlerhat.co.uk/wp-content/uploads/2021/11/pasted-image-0.png","image/png","200","OK","Indexable","","","0","0","","0","0","","0","0","","0","","0","","0","","0","","0","","","","","","","","","","823","823","823","0.315","","0","","","","","0.000","5","4","","0","0","0","0.000","0","0","0","0","0","0","","","","","","0.034","Mon, 25 Apr 2022 14:45:20 GMT","","","","","1.1","","","","","","https://www.bowlerhat.co.uk/wp-content/uploads/2021/11/pasted-image-0.png","2026-07-30 14:26:29"
"https://www.bowlerhat.co.uk/wp-content/uploads/2021/11/pasted-image-0-17-300x130.png","image/png","200","OK","Indexable","","","0","0","","0","0","","0","0","","0","","0","","0","","0","","0","","","","","","","","","","18901","18901","18901","7.241","","0","","","","","0.000","5","4","","0","0","0","0.000","0","0","0","0","0","0","","","","","","0.036","Mon, 25 Apr 2022 14:45:20 GMT","","","","","1.1","","","","","","https://www.bowlerhat.co.uk/wp-content/uploads/2021/11/pasted-image-0-17-300x130.png","2026-07-30 14:26:29"
"https://www.bowlerhat.co.uk/2016/09/09/","text/html; charset=UTF-8","200","OK","Non-Indexable","noindex","September 9, 2016 - Bowler Hat","30","282","","0","0","","0","0","","0","","0","","0","September 9, 2016","17","","0","noindex, follow","","","","","","","","","107882","20299","20299","7.776","","140","28","5.000","80.299","Easy","1.931","5","3","","4","2","0","0.300","68","37","0","8","4","0","","","","","515cbb70928f55f5c1d27f1cd651bdcb","0.043","Thu, 30 Jul 2026 13:22:43 GMT","","","","en-US","1.1","","","","","","https://www.bowlerhat.co.uk/2016/09/09/","2026-07-30 14:26:29"
"https://www.bowlerhat.co.uk/wp-content/uploads/2016/09/Web-1920-–-15.png","image/png","200","OK","Indexable","","","0","0","","0","0","","0","0","","0","","0","","0","","0","","0","","","","","","","","","","18079","18079","18079","6.926","","0","","","","","0.000","5","4","","0","0","0","0.000","0","0","0","0","0","0","","","","","","0.022","Mon, 25 Apr 2022 14:45:21 GMT","","","","","1.1","","","","","","https://www.bowlerhat.co.uk/wp-content/uploads/2016/09/Web-1920-%E2%80%93-15.png","2026-07-30 14:26:30"
"https://www.bowlerhat.co.uk/concentrating-on-the-task-at-hand/","text/html; charset=UTF-8","200","OK","Indexable","","A Strategy to Concentrate on the Task at Hand | Bowler Hat","58","528","A simple strategy that aids focusing on the task at hand and allows you to drive up productivity and get more done in less time. What's not to like?","148","895","","0","0","","0","Concentrating On The Task At Hand","33","","0","Leave a Reply Cancel reply","26","","0","index, follow, max-image-preview:large, max-snippet:-1, max-video-preview:-1","","","https://www.bowlerhat.co.uk/concentrating-on-the-task-at-hand/","","","","","","126693","24899","24899","9.538","","694","105","6.610","77.493","Fairly Easy","4.108","5","1","","19","8","0","1.190","80","45","0","10","6","0","","","","","67952fd456e4739824931894eb8295cb","0.073","","","","","en-US","1.1","","","","","","https://www.bowlerhat.co.uk/concentrating-on-the-task-at-hand/","2026-07-30 14:26:30"
"https://www.bowlerhat.co.uk/wp-content/uploads/2016/09/Leadership-Generic.jpg","image/jpeg","200","OK","Indexable","","","0","0","","0","0","","0","0","","0","","0","","0","","0","","0","","","","","","","","","","75996","75996","75996","29.113","","0","","","","","0.000","5","4","","0","0","0","0.000","0","0","0","0","0","0","","","","","","0.024","Mon, 25 Apr 2022 14:45:21 GMT","","","","","1.1","","","","","","https://www.bowlerhat.co.uk/wp-content/uploads/2016/09/Leadership-Generic.jpg","2026-07-30 14:26:30"
"https://www.bowlerhat.co.uk/wp-content/uploads/2016/07/How-to-Design-a-Content-Calendar-that-will-Optimise-your-Content-Strategy.jpg","image/jpeg","200","OK","Indexable","","","0","0","","0","0","","0","0","","0","","0","","0","","0","","0","","","","","","","","","","121313","121313","121313","46.473","","0","","","","","0.000","5","4","","0","0","0","0.000","0","0","0","0","0","0","","","","","","0.055","Mon, 25 Apr 2022 14:45:21 GMT","","","","","1.1","","","","","","https://www.bowlerhat.co.uk/wp-content/uploads/2016/07/How-to-Design-a-Content-Calendar-that-will-Optimise-your-Content-Strategy.jpg","2026-07-30 14:26:30"
"https://www.bowlerhat.co.uk/2016/09/05/","text/html; charset=UTF-8","200","OK","Non-Indexable","noindex","September 5, 2016 - Bowler Hat","30","282","","0","0","","0","0","","0","","0","","0","September 5, 2016","17","","0","noindex, follow","","","","","","","","","107593","20313","20313","7.782","","139","27","5.148","86.578","Easy","1.924","5","3","","4","2","0","0.300","68","37","0","8","4","0","","","","","f7ffe7527f3d8bad8bb7c54d94a8b885","0.052","Thu, 30 Jul 2026 13:22:44 GMT","","","","en-US","1.1","","","","","","https://www.bowlerhat.co.uk/2016/09/05/","2026-07-30 14:26:30"
"https://www.bowlerhat.co.uk/wp-content/uploads/2016/09/Social-Generic.jpg","image/jpeg","200","OK","Indexable","","","0","0","","0","0","","0","0","","0","","0","","0","","0","","0","","","","","","","","","","94111","94111","94111","36.052","","0","","","","","0.000","5","4","","0","0","0","0.000","0","0","0","0","0","0","","","","","","0.050","Mon, 25 Apr 2022 14:45:21 GMT","","","","","1.1","","","","","","https://www.bowlerhat.co.uk/wp-content/uploads/2016/09/Social-Generic.jpg","2026-07-30 14:26:30"
"https://www.bowlerhat.co.uk/simple-strategy-increase-productivity/","text/html; charset=UTF-8","200","OK","Indexable","","A Simple Strategy to Increase Productivity - Bowler Hat","55","489","Find Bowler Hats simplest strategies to boosting productivity within your workforce, right here, in on of our iconic blogs.","123","736","","0","0","","0","A Simple Strategy to Increase Productivity","42","","0","The Ivy Lee Method","18","Putting This To Work For You","28","index, follow, max-image-preview:large, max-snippet:-1, max-video-preview:-1","","","https://www.bowlerhat.co.uk/simple-strategy-increase-productivity/","","","","","","127272","25543","25543","9.785","","1008","150","6.720","82.766","Easy","5.383","5","1","","16","8","0","1.190","75","41","0","10","6","0","","","","","d1134301169bdd664afcbbb333dacac9","0.052","","","","","en-US","1.1","","","","","","https://www.bowlerhat.co.uk/simple-strategy-increase-productivity/","2026-07-30 14:26:30"
"https://www.bowlerhat.co.uk/2016/08/27/","text/html; charset=UTF-8","200","OK","Non-Indexable","noindex","August 27, 2016 - Bowler Hat","28","257","","0","0","","0","0","","0","","0","","0","August 27, 2016","15","","0","noindex, follow","","","","","","","","","107470","20265","20265","7.763","","134","27","4.963","87.524","Easy","1.899","5","3","","4","2","0","0.300","68","37","0","8","4","0","","","","","aefde866e840ff0bfa9cd0756c66fbf3","0.019","Thu, 30 Jul 2026 13:22:44 GMT","","","","en-US","1.1","","","","","","https://www.bowlerhat.co.uk/2016/08/27/","2026-07-30 14:26:30"
"https://www.bowlerhat.co.uk/the-importance-of-a-name/","text/html; charset=UTF-8","200","OK","Indexable","","The Importance of a Name - Bowler Hat","37","353","I read somewhere that the name of a business should be like the point of a knife - it should open up the mind to let the marketing message penetrate.","149","911","","0","0","","0","The Importance of a Name","24","","0","Leave a Reply Cancel reply","26","","0","index, follow, max-image-preview:large, max-snippet:-1, max-video-preview:-1","","","https://www.bowlerhat.co.uk/the-importance-of-a-name/","","","","","","123952","23804","23804","9.119","","406","74","5.486","82.284","Easy","2.886","5","1","","19","8","0","1.190","76","42","0","8","4","0","","","","","25364eb36c2ee17dc15d59b8c27408dd","0.044","","","","","en-US","1.1","","","","","","https://www.bowlerhat.co.uk/the-importance-of-a-name/","2026-07-30 14:26:31"
"https://www.bowlerhat.co.uk/wp-content/uploads/2021/09/gorilla.jpg","image/jpeg","200","OK","Indexable","","","0","0","","0","0","","0","0","","0","","0","","0","","0","","0","","","","","","","","","","1203747","1203747","1203747","461.133","","0","","","","","0.000","5","4","","0","0","0","0.000","0","0","0","0","0","0","","","","","","0.020","Mon, 25 Apr 2022 14:45:20 GMT","","","","","1.1","","","","","","https://www.bowlerhat.co.uk/wp-content/uploads/2021/09/gorilla.jpg","2026-07-30 14:26:31"
"https://www.bowlerhat.co.uk/wp-content/uploads/2022/05/pasted-image-0.png","image/png","200","OK","Indexable","","","0","0","","0","0","","0","0","","0","","0","","0","","0","","0","","","","","","","","","","69504","69504","69504","26.626","","0","","","","","0.000","5","4","","0","0","0","0.000","0","0","0","0","0","0","","","","","","0.049","Tue, 24 May 2022 13:31:19 GMT","","","","","1.1","","","","","","https://www.bowlerhat.co.uk/wp-content/uploads/2022/05/pasted-image-0.png","2026-07-30 14:26:31"
"https://www.bowlerhat.co.uk/2022/05/24/","text/html; charset=UTF-8","200","OK","Non-Indexable","noindex","May 24, 2022 - Bowler Hat","25","231","","0","0","","0","0","","0","","0","","0","May 24, 2022","12","","0","noindex, follow","","","","","","","","","107333","20254","20254","7.759","","142","29","4.897","84.497","Easy","1.961","5","3","","4","2","0","0.300","68","37","0","8","4","0","","","","","cfe270d1d9145cdd035662b0b40a74bd","0.252","Thu, 30 Jul 2026 13:22:51 GMT","","","","en-US","1.1","","","","","","https://www.bowlerhat.co.uk/2022/05/24/","2026-07-30 14:26:32"
"https://www.bowlerhat.co.uk/blog/page/6/","text/html; charset=UTF-8","200","OK","Indexable","","Digital Marketing Blog | Bowler Hat","35","309","Cutting-edge advice and guidance from our digital marketing experts across strategy, SEO, PPC, Web Design & Development, Social Media and Content Marketing.","156","996","","0","0","","0","","0","","0","Blog","4","","0","index, follow, max-image-preview:large, max-snippet:-1, max-video-preview:-1","","","https://www.bowlerhat.co.uk/blog/page/6/","https://www.bowlerhat.co.uk/blog/page/7/","https://www.bowlerhat.co.uk/blog/page/5/","","","","128713","23126","23126","8.859","","464","77","6.026","81.841","Easy","3.085","5","3","","9","5","0","0.740","100","50","0","8","4","0","","","","","a0e2c1169c1cf346f5674da41e4a6c66","0.034","Thu, 30 Jul 2026 13:22:51 GMT","","","","en-US","1.1","","","","","","https://www.bowlerhat.co.uk/blog/page/6/","2026-07-30 14:26:32"
"https://www.bowlerhat.co.uk/wp-content/uploads/2022/05/accountant-search-google.gif","image/gif","200","OK","Indexable","","","0","0","","0","0","","0","0","","0","","0","","0","","0","","0","","","","","","","","","","27625","27625","27625","10.583","","0","","","","","0.000","5","4","","0","0","0","0.000","0","0","0","0","0","0","","","","","","0.030","Thu, 05 May 2022 12:14:35 GMT","","","","","1.1","","","","","","https://www.bowlerhat.co.uk/wp-content/uploads/2022/05/accountant-search-google.gif","2026-07-30 14:26:32"
"https://www.bowlerhat.co.uk/wp-content/uploads/2022/05/related-searches.gif","image/gif","200","OK","Indexable","","","0","0","","0","0","","0","0","","0","","0","","0","","0","","0","","","","","","","","","","48269","48269","48269","18.491","","0","","","","","0.000","5","4","","0","0","0","0.000","0","0","0","0","0","0","","","","","","0.044","Thu, 05 May 2022 12:20:28 GMT","","","","","1.1","","","","","","https://www.bowlerhat.co.uk/wp-content/uploads/2022/05/related-searches.gif","2026-07-30 14:26:32"
"https://www.bowlerhat.co.uk/wp-content/uploads/2022/05/local-results.jpg","image/jpeg","200","OK","Indexable","","","0","0","","0","0","","0","0","","0","","0","","0","","0","","0","","","","","","","","","","105423","105423","105423","40.386","","0","","","","","0.000","5","4","","0","0","0","0.000","0","0","0","0","0","0","","","","","","0.048","Fri, 20 May 2022 10:55:16 GMT","","","","","1.1","","","","","","https://www.bowlerhat.co.uk/wp-content/uploads/2022/05/local-results.jpg","2026-07-30 14:26:32"
"https://www.bowlerhat.co.uk/2022/05/20/","text/html; charset=UTF-8","200","OK","Non-Indexable","noindex","May 20, 2022 - Bowler Hat","25","231","","0","0","","0","0","","0","","0","","0","May 20, 2022","12","","0","noindex, follow","","","","","","","","","107074","20162","20162","7.724","","134","27","4.963","90.050","Very Easy","1.898","5","3","","4","2","0","0.300","68","37","0","8","4","0","","","","","8064f253014d0ddb63ab5e8a4f922563","0.066","Thu, 30 Jul 2026 13:22:51 GMT","","","","en-US","1.1","","","","","","https://www.bowlerhat.co.uk/2022/05/20/","2026-07-30 14:26:32"
"https://www.bowlerhat.co.uk/wp-content/uploads/2022/05/chartered-accountants-search-results.gif","image/gif","200","OK","Indexable","","","0","0","","0","0","","0","0","","0","","0","","0","","0","","0","","","","","","","","","","52334","52334","52334","20.048","","0","","","","","0.000","5","4","","0","0","0","0.000","0","0","0","0","0","0","","","","","","0.051","Tue, 10 May 2022 11:01:21 GMT","","","","","1.1","","","","","","https://www.bowlerhat.co.uk/wp-content/uploads/2022/05/chartered-accountants-search-results.gif","2026-07-30 14:26:32"
"https://www.bowlerhat.co.uk/wp-content/uploads/2022/05/small-business-accountants-search-results.jpg","image/jpeg","200","OK","Indexable","","","0","0","","0","0","","0","0","","0","","0","","0","","0","","0","","","","","","","","","","148865","148865","148865","57.027","","0","","","","","0.000","5","4","","0","0","0","0.000","0","0","0","0","0","0","","","","","","0.033","Fri, 20 May 2022 10:36:26 GMT","","","","","1.1","","","","","","https://www.bowlerhat.co.uk/wp-content/uploads/2022/05/small-business-accountants-search-results.jpg","2026-07-30 14:26:32"
"https://www.bowlerhat.co.uk/wp-content/uploads/2022/05/allbirds-display-ads-300x300.png","image/png","200","OK","Indexable","","","0","0","","0","0","","0","0","","0","","0","","0","","0","","0","","","","","","","","","","96488","96488","96488","36.963","","0","","","","","0.000","5","4","","0","0","0","0.000","0","0","0","0","0","0","","","","","","0.050","Tue, 10 May 2022 14:21:29 GMT","","","","","1.1","","","","","","https://www.bowlerhat.co.uk/wp-content/uploads/2022/05/allbirds-display-ads-300x300.png","2026-07-30 14:26:32"
"https://www.bowlerhat.co.uk/2022/05/19/","text/html; charset=UTF-8","200","OK","Non-Indexable","noindex","May 19, 2022 - Bowler Hat","25","231","","0","0","","0","0","","0","","0","","0","May 19, 2022","12","","0","noindex, follow","","","","","","","","","107262","20233","20233","7.751","","138","28","4.929","78.611","Fairly Easy","1.955","5","3","","4","2","0","0.300","68","37","0","8","4","0","","","","","4c3c32c2595e3f1ebd64565b1b49fc7","0.050","Thu, 30 Jul 2026 13:22:51 GMT","","","","en-US","1.1","","","","","","https://www.bowlerhat.co.uk/2022/05/19/","2026-07-30 14:26:32"
"https://www.bowlerhat.co.uk/wp-content/uploads/2022/05/logo-displa-ads-300x300.png","image/png","200","OK","Indexable","","","0","0","","0","0","","0","0","","0","","0","","0","","0","","0","","","","","","","","","","69285","69285","69285","26.542","","0","","","","","0.000","5","4","","0","0","0","0.000","0","0","0","0","0","0","","","","","","0.050","Tue, 10 May 2022 13:09:39 GMT","","","","","1.1","","","","","","https://www.bowlerhat.co.uk/wp-content/uploads/2022/05/logo-displa-ads-300x300.png","2026-07-30 14:26:33"
"https://www.bowlerhat.co.uk/author/callumbh/","text/html; charset=UTF-8","200","OK","Indexable","","CallumBH, Author at Bowler Hat","30","284","","0","0","","0","0","","0","","0","","0","CallumBH","8","","0","index, follow, max-image-preview:large, max-snippet:-1, max-video-preview:-1","","","https://www.bowlerhat.co.uk/author/callumbh/","","","","","","109133","20816","20816","7.974","","136","28","4.857","76.249","Fairly Easy","1.917","5","2","","7","2","0","0.300","68","37","0","8","4","0","","","","","fe39c0aced57a6f784360195abf66198","0.037","Thu, 30 Jul 2026 13:22:51 GMT","","","","en-US","1.1","","","","","","https://www.bowlerhat.co.uk/author/callumbh/","2026-07-30 14:26:33"
"https://www.bowlerhat.co.uk/wp-content/uploads/2022/05/fizz-display-ads-300x300.png","image/png","200","OK","Indexable","","","0","0","","0","0","","0","0","","0","","0","","0","","0","","0","","","","","","","","","","48935","48935","48935","18.746","","0","","","","","0.000","5","4","","0","0","0","0.000","0","0","0","0","0","0","","","","","","0.049","Tue, 10 May 2022 14:38:56 GMT","","","","","1.1","","","","","","https://www.bowlerhat.co.uk/wp-content/uploads/2022/05/fizz-display-ads-300x300.png","2026-07-30 14:26:33"
"https://www.bowlerhat.co.uk/wp-content/uploads/2022/05/hr-display-ads-e1652190033321-300x247.png","image/png","200","OK","Indexable","","","0","0","","0","0","","0","0","","0","","0","","0","","0","","0","","","","","","","","","","31281","31281","31281","11.983","","0","","","","","0.000","5","4","","0","0","0","0.000","0","0","0","0","0","0","","","","","","0.023","Tue, 10 May 2022 13:40:33 GMT","","","","","1.1","","","","","","https://www.bowlerhat.co.uk/wp-content/uploads/2022/05/hr-display-ads-e1652190033321-300x247.png","2026-07-30 14:26:33"
"https://www.bowlerhat.co.uk/wp-content/uploads/2022/05/mailchimp-display-ads-700x700-1-e1652189231457-300x170.png","image/png","200","OK","Indexable","","","0","0","","0","0","","0","0","","0","","0","","0","","0","","0","","","","","","","","","","27997","27997","27997","10.725","","0","","","","","0.000","5","4","","0","0","0","0.000","0","0","0","0","0","0","","","","","","0.045","Tue, 10 May 2022 13:27:11 GMT","","","","","1.1","","","","","","https://www.bowlerhat.co.uk/wp-content/uploads/2022/05/mailchimp-display-ads-700x700-1-e1652189231457-300x170.png","2026-07-30 14:26:33"
"https://www.bowlerhat.co.uk/wp-content/uploads/2022/05/disney-plus-display-ad-example-e1652192162774-300x245.jpg","image/jpeg","200","OK","Indexable","","","0","0","","0","0","","0","0","","0","","0","","0","","0","","0","","","","","","","","","","22008","22008","22008","8.431","","0","","","","","0.000","5","4","","0","0","0","0.000","0","0","0","0","0","0","","","","","","0.052","Tue, 10 May 2022 14:16:02 GMT","","","","","1.1","","","","","","https://www.bowlerhat.co.uk/wp-content/uploads/2022/05/disney-plus-display-ad-example-e1652192162774-300x245.jpg","2026-07-30 14:26:33"
"https://www.bowlerhat.co.uk/wp-content/uploads/2022/05/roots-display-ads-300x300.png","image/png","200","OK","Indexable","","","0","0","","0","0","","0","0","","0","","0","","0","","0","","0","","","","","","","","","","97716","97716","97716","37.433","","0","","","","","0.000","5","4","","0","0","0","0.000","0","0","0","0","0","0","","","","","","0.063","Tue, 10 May 2022 14:45:00 GMT","","","","","1.1","","","","","","https://www.bowlerhat.co.uk/wp-content/uploads/2022/05/roots-display-ads-300x300.png","2026-07-30 14:26:33"
"https://www.bowlerhat.co.uk/wp-content/uploads/2022/03/bowler-hat-campaign-level-1024x576.jpg","image/jpeg","200","OK","Indexable","","","0","0","","0","0","","0","0","","0","","0","","0","","0","","0","","","","","","","","","","26208","26208","26208","10.040","","0","","","","","0.000","5","4","","0","0","0","0.000","0","0","0","0","0","0","","","","","","0.049","Wed, 27 Apr 2022 13:55:39 GMT","","","","","1.1","","","","","","https://www.bowlerhat.co.uk/wp-content/uploads/2022/03/bowler-hat-campaign-level-1024x576.jpg","2026-07-30 14:26:33"
"https://www.bowlerhat.co.uk/blog/page/7/","text/html; charset=UTF-8","200","OK","Indexable","","Digital Marketing Blog | Bowler Hat","35","309","Cutting-edge advice and guidance from our digital marketing experts across strategy, SEO, PPC, Web Design & Development, Social Media and Content Marketing.","156","996","","0","0","","0","","0","","0","Blog","4","","0","index, follow, max-image-preview:large, max-snippet:-1, max-video-preview:-1","","","https://www.bowlerhat.co.uk/blog/page/7/","https://www.bowlerhat.co.uk/blog/page/8/","https://www.bowlerhat.co.uk/blog/page/6/","","","","129833","22990","22990","8.807","","470","80","5.875","88.732","Easy","3.024","5","3","","9","5","0","0.740","100","49","0","8","4","0","","","","","4f626d53e09db1082b8ea8d3a34b709e","0.049","Thu, 30 Jul 2026 13:22:52 GMT","","","","en-US","1.1","","","","","","https://www.bowlerhat.co.uk/blog/page/7/","2026-07-30 14:26:33"
"https://www.bowlerhat.co.uk/wp-content/uploads/2022/03/BH-segments-2.jpeg","image/jpeg","200","OK","Indexable","","","0","0","","0","0","","0","0","","0","","0","","0","","0","","0","","","","","","","","","","76615","76615","76615","29.350","","0","","","","","0.000","5","4","","0","0","0","0.000","0","0","0","0","0","0","","","","","","0.029","Wed, 27 Apr 2022 14:11:50 GMT","","","","","1.1","","","","","","https://www.bowlerhat.co.uk/wp-content/uploads/2022/03/BH-segments-2.jpeg","2026-07-30 14:26:33"
"https://www.bowlerhat.co.uk/2022/03/22/","text/html; charset=UTF-8","200","OK","Non-Indexable","noindex","March 22, 2022 - Bowler Hat","27","250","","0","0","","0","0","","0","","0","","0","March 22, 2022","14","","0","noindex, follow","","","","","","","","","107187","20186","20186","7.733","","138","28","4.929","78.611","Fairly Easy","1.949","5","3","","4","2","0","0.300","68","37","0","8","4","0","","","","","491b08e13a3a23d79613f1745c4494fb","0.061","Thu, 30 Jul 2026 13:22:52 GMT","","","","en-US","1.1","","","","","","https://www.bowlerhat.co.uk/2022/03/22/","2026-07-30 14:26:33"
"https://www.bowlerhat.co.uk/2022/03/18/","text/html; charset=UTF-8","200","OK","Non-Indexable","noindex","March 18, 2022 - Bowler Hat","27","250","","0","0","","0","0","","0","","0","","0","March 18, 2022","14","","0","noindex, follow","","","","","","","","","107234","20209","20209","7.742","","140","28","5.000","84.529","Easy","1.967","5","3","","4","2","0","0.300","68","37","0","8","4","0","","","","","ff8a1a74bab437cd1e2e18cbb050a730","0.070","Thu, 30 Jul 2026 13:22:52 GMT","","","","en-US","1.1","","","","","","https://www.bowlerhat.co.uk/2022/03/18/","2026-07-30 14:26:33"
"https://www.bowlerhat.co.uk/wp-content/uploads/2022/03/seo-agency-ranking-300x297.gif","image/gif","200","OK","Indexable","","","0","0","","0","0","","0","0","","0","","0","","0","","0","","0","","","","","","","","","","87105","87105","87105","33.368","","0","","","","","0.000","5","4","","0","0","0","0.000","0","0","0","0","0","0","","","","","","0.041","Mon, 25 Apr 2022 14:45:20 GMT","","","","","1.1","","","","","","https://www.bowlerhat.co.uk/wp-content/uploads/2022/03/seo-agency-ranking-300x297.gif","2026-07-30 14:26:33"
"https://www.bowlerhat.co.uk/wp-content/uploads/2022/03/seo-ranking-grid-300x288.gif","image/gif","200","OK","Indexable","","","0","0","","0","0","","0","0","","0","","0","","0","","0","","0","","","","","","","","","","82477","82477","82477","31.595","","0","","","","","0.000","5","4","","0","0","0","0.000","0","0","0","0","0","0","","","","","","0.034","Mon, 25 Apr 2022 14:45:20 GMT","","","","","1.1","","","","","","https://www.bowlerhat.co.uk/wp-content/uploads/2022/03/seo-ranking-grid-300x288.gif","2026-07-30 14:26:33"
"https://www.bowlerhat.co.uk/wp-content/uploads/2022/01/care-homes-sutton-coldfield-search.jpg","image/jpeg","200","OK","Indexable","","","0","0","","0","0","","0","0","","0","","0","","0","","0","","0","","","","","","","","","","84962","84962","84962","32.547","","0","","","","","0.000","5","4","","0","0","0","0.000","0","0","0","0","0","0","","","","","","0.034","Mon, 25 Apr 2022 14:45:20 GMT","","","","","1.1","","","","","","https://www.bowlerhat.co.uk/wp-content/uploads/2022/01/care-homes-sutton-coldfield-search.jpg","2026-07-30 14:26:33"
"https://www.bowlerhat.co.uk/wp-content/uploads/2022/01/related-searches-care-homes.gif","image/gif","200","OK","Indexable","","","0","0","","0","0","","0","0","","0","","0","","0","","0","","0","","","","","","","","","","49327","49327","49327","18.896","","0","","","","","0.000","5","4","","0","0","0","0.000","0","0","0","0","0","0","","","","","","0.051","Mon, 25 Apr 2022 14:45:20 GMT","","","","","1.1","","","","","","https://www.bowlerhat.co.uk/wp-content/uploads/2022/01/related-searches-care-homes.gif","2026-07-30 14:26:33"
"https://www.bowlerhat.co.uk/wp-content/uploads/2022/01/keyword-suggestions.gif","image/gif","200","OK","Indexable","","","0","0","","0","0","","0","0","","0","","0","","0","","0","","0","","","","","","","","","","12924","12924","12924","4.951","","0","","","","","0.000","5","4","","0","0","0","0.000","0","0","0","0","0","0","","","","","","0.051","Mon, 25 Apr 2022 14:45:20 GMT","","","","","1.1","","","","","","https://www.bowlerhat.co.uk/wp-content/uploads/2022/01/keyword-suggestions.gif","2026-07-30 14:26:33"
"https://www.bowlerhat.co.uk/wp-content/uploads/2022/01/locaised-organic.jpg","image/jpeg","200","OK","Indexable","","","0","0","","0","0","","0","0","","0","","0","","0","","0","","0","","","","","","","","","","96207","96207","96207","36.855","","0","","","","","0.000","5","4","","0","0","0","0.000","0","0","0","0","0","0","","","","","","0.049","Mon, 25 Apr 2022 14:45:20 GMT","","","","","1.1","","","","","","https://www.bowlerhat.co.uk/wp-content/uploads/2022/01/locaised-organic.jpg","2026-07-30 14:26:33"
"https://www.bowlerhat.co.uk/wp-content/uploads/2022/01/google-ads-results-for-care-homes.jpg","image/jpeg","200","OK","Indexable","","","0","0","","0","0","","0","0","","0","","0","","0","","0","","0","","","","","","","","","","74383","74383","74383","28.495","","0","","","","","0.000","5","4","","0","0","0","0.000","0","0","0","0","0","0","","","","","","0.049","Mon, 25 Apr 2022 14:45:20 GMT","","","","","1.1","","","","","","https://www.bowlerhat.co.uk/wp-content/uploads/2022/01/google-ads-results-for-care-homes.jpg","2026-07-30 14:26:33"
"https://www.bowlerhat.co.uk/wp-content/uploads/2022/01/care-homes-near-me.gif","image/gif","200","OK","Indexable","","","0","0","","0","0","","0","0","","0","","0","","0","","0","","0","","","","","","","","","","69321","69321","69321","26.556","","0","","","","","0.000","5","4","","0","0","0","0.000","0","0","0","0","0","0","","","","","","0.051","Mon, 25 Apr 2022 14:45:20 GMT","","","","","1.1","","","","","","https://www.bowlerhat.co.uk/wp-content/uploads/2022/01/care-homes-near-me.gif","2026-07-30 14:26:33"
"https://www.bowlerhat.co.uk/wp-content/uploads/2022/03/search-results-for-plumber.jpg","image/jpeg","200","OK","Indexable","","","0","0","","0","0","","0","0","","0","","0","","0","","0","","0","","","","","","","","","","112640","112640","112640","43.150","","0","","","","","0.000","5","4","","0","0","0","0.000","0","0","0","0","0","0","","","","","","0.115","Mon, 25 Apr 2022 14:45:20 GMT","","","","","1.1","","","","","","https://www.bowlerhat.co.uk/wp-content/uploads/2022/03/search-results-for-plumber.jpg","2026-07-30 14:26:34"
"https://www.bowlerhat.co.uk/2022/03/09/","text/html; charset=UTF-8","200","OK","Non-Indexable","noindex","March 9, 2022 - Bowler Hat","26","239","","0","0","","0","0","","0","","0","","0","March 9, 2022","13","","0","noindex, follow","","","","","","","","","107242","20220","20220","7.746","","137","28","4.893","80.835","Easy","1.955","5","3","","4","2","0","0.300","68","37","0","8","4","0","","","","","13096d23e02e00e446c5ce5e48818d39","0.072","Thu, 30 Jul 2026 13:22:54 GMT","","","","en-US","1.1","","","","","","https://www.bowlerhat.co.uk/2022/03/09/","2026-07-30 14:26:34"
"https://www.bowlerhat.co.uk/2022/03/07/","text/html; charset=UTF-8","200","OK","Non-Indexable","noindex","March 7, 2022 - Bowler Hat","26","239","","0","0","","0","0","","0","","0","","0","March 7, 2022","13","","0","noindex, follow","","","","","","","","","107130","20170","20170","7.727","","139","27","5.148","84.143","Easy","1.939","5","3","","4","2","0","0.300","68","37","0","8","4","0","","","","","55e90cb75d828dfdd671405f98aa0349","0.135","Thu, 30 Jul 2026 13:22:53 GMT","","","","en-US","1.1","","","","","","https://www.bowlerhat.co.uk/2022/03/07/","2026-07-30 14:26:34"
"https://www.bowlerhat.co.uk/wp-content/uploads/Screen-Shot-2017-01-13-at-09.38.17.png","image/png","200","OK","Indexable","","","0","0","","0","0","","0","0","","0","","0","","0","","0","","0","","","","","","","","","","449030","449030","449030","172.015","","0","","","","","0.000","5","2","","0","0","0","0.000","0","0","0","0","0","0","","","","","","0.029","Mon, 25 Apr 2022 14:45:20 GMT","","","","","1.1","","","","","","https://www.bowlerhat.co.uk/wp-content/uploads/Screen-Shot-2017-01-13-at-09.38.17.png","2026-07-30 14:26:34"
"https://www.bowlerhat.co.uk/wp-content/uploads/2018/05/Website-PLanning-Guide-CTA-1-300x183.png","image/png","200","OK","Indexable","","","0","0","","0","0","","0","0","","0","","0","","0","","0","","0","","","","","","","","","","28205","28205","28205","10.805","","0","","","","","0.000","5","4","","0","0","0","0.000","0","0","0","0","0","0","","","","","","0.017","Mon, 25 Apr 2022 14:45:21 GMT","","","","","1.1","","","","","","https://www.bowlerhat.co.uk/wp-content/uploads/2018/05/Website-PLanning-Guide-CTA-1-300x183.png","2026-07-30 14:26:34"
"https://www.bowlerhat.co.uk/2022/03/02/","text/html; charset=UTF-8","200","OK","Non-Indexable","noindex","March 2, 2022 - Bowler Hat","26","239","","0","0","","0","0","","0","","0","","0","March 2, 2022","13","","0","noindex, follow","","","","","","","","","107136","20194","20194","7.736","","137","27","5.074","89.296","Easy","1.913","5","3","","4","2","0","0.300","68","37","0","8","4","0","","","","","66697aa2a9cb3529bac05cf709057ce4","1.071","Thu, 30 Jul 2026 13:22:52 GMT","","","","en-US","1.1","","","","","","https://www.bowlerhat.co.uk/2022/03/02/","2026-07-30 14:26:33"
"https://www.bowlerhat.co.uk/2010/07/10/","text/html; charset=UTF-8","200","OK","Non-Indexable","noindex","July 10, 2010 - Bowler Hat","26","230","","0","0","","0","0","","0","","0","","0","July 10, 2010","13","","0","noindex, follow","","","","","","","","","114867","20968","20968","8.032","","261","53","4.925","80.285","Easy","2.419","5","3","","7","5","0","0.740","77","40","0","8","4","0","","","","","f25012bb427ce17eae1b54d2f9fe3e7b","0.051","Thu, 30 Jul 2026 13:22:53 GMT","","","","en-US","1.1","","","","","","https://www.bowlerhat.co.uk/2010/07/10/","2026-07-30 14:26:34"
"https://www.bowlerhat.co.uk/wordpress-image-upload-problem-solution/","text/html; charset=UTF-8","200","OK","Indexable","","Wordpress Image Upload Problem - Solution! - Bowler Hat","55","513","Find out the best SEO tips and tricks to optimise your website in Bowler Hats blog. Read on to find out how to resolve a Wordpress image upload problem.","152","944","","0","0","","0","WordPress Image Upload Problem – Solution!","42","","0","Leave a Reply Cancel reply","26","","0","index, follow, max-image-preview:large, max-snippet:-1, max-video-preview:-1","","","https://www.bowlerhat.co.uk/wordpress-image-upload-problem-solution/","","","","","","125560","24600","24600","9.424","","592","97","6.103","79.885","Fairly Easy","3.630","5","1","","12","5","0","0.740","74","40","0","10","6","0","","","","","ca569d9137e1ec44a069720c1e5cfbae","0.136","","","","","en-US","1.1","","","","","","https://www.bowlerhat.co.uk/wordpress-image-upload-problem-solution/","2026-07-30 14:26:34"
"https://www.bowlerhat.co.uk/likeable-links/","text/html; charset=UTF-8","200","OK","Indexable","","Too much SEO, Social Buttons & Charity - Likeable Links","55","496","The best of this weeks links: Google's over optimisation penalty, implementing and tracking social buttons and Birmingham Childrens Hospital","140","871","","0","0","","0","Likeable Links – Too much SEO, Social Buttons & Charity","55","","0","Leave a Reply Cancel reply","26","","0","index, follow, max-image-preview:large, max-snippet:-1, max-video-preview:-1","","","https://www.bowlerhat.co.uk/likeable-links/","","","","","","125501","24523","24523","9.394","","519","74","7.014","80.070","Easy","3.317","5","1","","15","6","0","0.890","75","41","0","15","11","0","","","","","537608cfd082311c001237ba6018ffd","0.051","","","","","en-US","1.1","","","","","","https://www.bowlerhat.co.uk/likeable-links/","2026-07-30 14:26:34"
"https://www.bowlerhat.co.uk/examples-of-content-marketing-awesomeness/","text/html; charset=UTF-8","200","OK","Indexable","","Examples of Content Marketing Awesomeness! - Bowler Hat","55","536","Content Marketing is rocket fuel for your SEO. Here are some examples of sites that have taken of into the stratosphere with this approach.","139","856","","0","0","","0","Examples of Content Marketing Awesomeness!","42","","0","Leave a Reply Cancel reply","26","","0","index, follow, max-image-preview:large, max-snippet:-1, max-video-preview:-1","","","https://www.bowlerhat.co.uk/examples-of-content-marketing-awesomeness/","","","","","","128311","25713","25713","9.850","","1048","132","7.939","78.657","Fairly Easy","5.602","5","1","","14","7","0","1.040","77","41","0","13","9","0","","","","","d8569b11cbee8504ad31f85eb2c53113","0.058","","","","","en-US","1.1","","","","","","https://www.bowlerhat.co.uk/examples-of-content-marketing-awesomeness/","2026-07-30 14:26:34"
"https://www.bowlerhat.co.uk/googles-over-optimisation-penalty/","text/html; charset=UTF-8","200","OK","Indexable","","Over Optimisation Penalty on the way from Google - Bowler Hat","61","565","There is a new 'over optimisation' penalty in the Lab at Google HQ - have you done too much SEO and is your site be in it's targets?","132","796","","0","0","","0","Over Optimisation Penalty on the way from Google","48","","0","Leave a Reply Cancel reply","26","","0","index, follow, max-image-preview:large, max-snippet:-1, max-video-preview:-1","","","https://www.bowlerhat.co.uk/googles-over-optimisation-penalty/","","","","","","128749","25965","25965","9.947","","1202","147","8.177","82.967","Easy","6.121","5","1","","17","8","0","1.190","73","40","0","13","8","0","","","","","82d900a90a501c75a30c8b654b0ba92e","0.051","","","","","en-US","1.1","","","","","","https://www.bowlerhat.co.uk/googles-over-optimisation-penalty/","2026-07-30 14:26:34"
"https://www.bowlerhat.co.uk/demographic-bidding-being-removed-from-google-adwords/","text/html; charset=UTF-8","200","OK","Indexable","","Demographic Bidding Removed from Adwords | BowlerHat.co.uk","58","570","Find the best pay per click (PPC) tips and tricks with the Bowler Hat blog. Read on to find out about demographic bidding being removed from adwords.","149","932","","0","0","","0","Demographic Bidding Being Removed from Google Adwords","53","","0","Leave a Reply Cancel reply","26","","0","index, follow, max-image-preview:large, max-snippet:-1, max-video-preview:-1","","","https://www.bowlerhat.co.uk/demographic-bidding-being-removed-from-google-adwords/","","","","","","126747","24627","24627","9.434","","482","73","6.603","76.919","Fairly Easy","3.183","5","1","","12","5","0","0.740","73","39","0","10","6","0","","","","","24cafddc8d9bf0d427fdbed33c74de59","0.051","","","","","en-US","1.1","","","","","","https://www.bowlerhat.co.uk/demographic-bidding-being-removed-from-google-adwords/","2026-07-30 14:26:34"
"https://www.bowlerhat.co.uk/content-marketing-and-seo-in-competitive-fields/","text/html; charset=UTF-8","200","OK","Indexable","","Content Marketing and SEO in Competitive Fields - Bowler Hat","60","553","Many search results are ruled by sites that use manipulative SEO techniques but you can learn how to strike back with content driven SEO.","137","850","","0","0","","0","Content Marketing and SEO in Competitive Fields","47","","0","Leave a Reply Cancel reply","26","","0","index, follow, max-image-preview:large, max-snippet:-1, max-video-preview:-1","","","https://www.bowlerhat.co.uk/content-marketing-and-seo-in-competitive-fields/","","","","","","133239","27778","27778","10.641","","1886","232","8.129","83.750","Easy","8.735","5","1","","15","7","0","1.040","74","40","0","10","6","0","","","","","b9aae05386b99228e5158b8d6609334b","0.060","","","","","en-US","1.1","","","","","","https://www.bowlerhat.co.uk/content-marketing-and-seo-in-competitive-fields/","2026-07-30 14:26:34"
"https://www.bowlerhat.co.uk/seo-friendly-pagination-one-page-to-rule-them-all/","text/html; charset=UTF-8","200","OK","Indexable","","SEO Friendly Pagination | BowlerHat.co.uk","41","373","Got content split over multiple pages? Product categories? The ever kindly Google God has gifted us with an SEO best practice. Read on.","135","837","","0","0","","0","SEO Friendly Pagination – One Page to Rule them All","51","","0","Leave a Reply Cancel reply","26","","0","index, follow, max-image-preview:large, max-snippet:-1, max-video-preview:-1","","","https://www.bowlerhat.co.uk/seo-friendly-pagination-one-page-to-rule-them-all/","","","","","","127900","25404","25404","9.732","","983","126","7.802","78.944","Fairly Easy","5.396","5","1","","12","5","0","0.740","74","41","0","10","6","0","","","","","e5f022dcf8bf5520210a967495b6fea4","0.064","","","","","en-US","1.1","","","","","","https://www.bowlerhat.co.uk/seo-friendly-pagination-one-page-to-rule-them-all/","2026-07-30 14:26:34"
"https://www.bowlerhat.co.uk/likeable-link-saturday/","text/html; charset=UTF-8","200","OK","Indexable","","Likeable Link Saturday - Bowler Hat","35","315","Best SEO and Internet Marketing links from the last 7 days around the world wide web covering video SEO, link building and more.","128","795","","0","0","","0","Likeable Link Saturday","22","","0","Leave a Reply Cancel reply","26","","0","index, follow, max-image-preview:large, max-snippet:-1, max-video-preview:-1","","","https://www.bowlerhat.co.uk/likeable-link-saturday/","","","","","","125056","24448","24448","9.366","","568","83","6.843","82.968","Easy","3.551","5","1","","15","6","0","0.890","74","41","0","13","9","0","","","","","9163a5e1d60c87de7ad8ccf2b5a27f0b","0.050","","","","","en-US","1.1","","","","","","https://www.bowlerhat.co.uk/likeable-link-saturday/","2026-07-30 14:26:34"
"https://www.bowlerhat.co.uk/wordpress-seo-part-1-getting-started/","text/html; charset=UTF-8","200","OK","Indexable","","Wordpress SEO - Part 1: Getting Started - Bowler Hat","52","469","Get started with the first part to our three part blog about how to best implement SEO into Wordpress. Read on to find out more.","128","788","","0","0","","0","WordPress SEO – Part 1: Getting Started","39","","0","2 Responses","11","Leave a Reply Cancel reply","26","index, follow, max-image-preview:large, max-snippet:-1, max-video-preview:-1","","","https://www.bowlerhat.co.uk/wordpress-seo-part-1-getting-started/","","","","","","139447","29293","29293","11.222","","2146","272","7.890","82.768","Easy","9.435","5","1","","16","5","0","0.740","81","40","0","22","16","0","","","","","572c51380e551f3752a4b702f0054a73","0.056","","","","","en-US","1.1","","","","","","https://www.bowlerhat.co.uk/wordpress-seo-part-1-getting-started/","2026-07-30 14:26:34"
"https://www.bowlerhat.co.uk/blog/page/26/","text/html; charset=UTF-8","200","OK","Indexable","","Digital Marketing Blog | Bowler Hat","35","309","Cutting-edge advice and guidance from our digital marketing experts across strategy, SEO, PPC, Web Design & Development, Social Media and Content Marketing.","156","996","","0","0","","0","","0","","0","Blog","4","","0","index, follow, max-image-preview:large, max-snippet:-1, max-video-preview:-1","","","https://www.bowlerhat.co.uk/blog/page/26/","https://www.bowlerhat.co.uk/blog/page/27/","https://www.bowlerhat.co.uk/blog/page/25/","","","","128137","22384","22384","8.575","","452","78","5.795","88.091","Easy","3.004","5","3","","9","5","0","0.740","100","50","0","8","4","0","","","","","df268ed2bf27136d1f511e0a586d7089","0.038","Thu, 30 Jul 2026 13:22:54 GMT","","","","en-US","1.1","","","","","","https://www.bowlerhat.co.uk/blog/page/26/","2026-07-30 14:26:34"
"https://www.bowlerhat.co.uk/blog/page/27/","text/html; charset=UTF-8","200","OK","Indexable","","Digital Marketing Blog | Bowler Hat","35","309","Cutting-edge advice and guidance from our digital marketing experts across strategy, SEO, PPC, Web Design & Development, Social Media and Content Marketing.","156","996","","0","0","","0","","0","","0","Blog","4","","0","index, follow, max-image-preview:large, max-snippet:-1, max-video-preview:-1","","","https://www.bowlerhat.co.uk/blog/page/27/","https://www.bowlerhat.co.uk/blog/page/28/","https://www.bowlerhat.co.uk/blog/page/26/","","","","128448","22469","22469","8.607","","467","76","6.145","83.933","Easy","3.111","5","3","","9","5","0","0.740","100","50","0","8","4","0","","","","","9dabcf93893eb00849edefd310e7cd97","0.033","Thu, 30 Jul 2026 13:22:54 GMT","","","","en-US","1.1","","","","","","https://www.bowlerhat.co.uk/blog/page/27/","2026-07-30 14:26:34"
"https://www.bowlerhat.co.uk/page-titles-and-descriptions-back-to-seo-basics/","text/html; charset=UTF-8","200","OK","Indexable","","Page Titles & Descriptions - Back to SEO Basics | Bowler Hat","60","534","An article looking at HTML page titles and descriptions and discussing there role in SEO and the optimisation of your site.","123","743","","0","0","","0","Page Titles and Descriptions – Back to SEO Basics","49","","0","Leave a Reply Cancel reply","26","","0","index, follow, max-image-preview:large, max-snippet:-1, max-video-preview:-1","","","https://www.bowlerhat.co.uk/page-titles-and-descriptions-back-to-seo-basics/","","","","","","127826","25062","25062","9.601","","772","107","7.215","82.584","Easy","4.403","5","1","","21","8","0","1.190","77","43","0","9","5","0","","","","","982ba9f024247c06af14ad7733dfe662","0.052","","","","","en-US","1.1","","","","","","https://www.bowlerhat.co.uk/page-titles-and-descriptions-back-to-seo-basics/","2026-07-30 14:26:34"
"https://www.bowlerhat.co.uk/is-your-seo-an-expert/","text/html; charset=UTF-8","200","OK","Indexable","","Is Your SEO an Expert? - Bowler Hat","35","315","What makes an expert and is your SEO consultant one? A look at what it takes to attain expert status and how that applies to SEO.","129","804","JUST WHAT MAKES AN EXPERT AND IS YOUR SEO CONSULTANT ONE?","57","444","","0","Is Your SEO an Expert?","22","","0","In search of expertise","22","So, what makes an Expert?","25","index, follow, max-image-preview:large, max-snippet:-1, max-video-preview:-1","","","https://www.bowlerhat.co.uk/is-your-seo-an-expert/","","","","","","135120","28884","28884","11.065","","2461","276","8.917","81.180","Easy","11.002","5","1","","14","6","0","0.890","74","40","0","10","6","0","","","","","734939ed64bc3fac5667f09dbd93b8d9","0.054","","","","","en-US","1.1","","","","","","https://www.bowlerhat.co.uk/is-your-seo-an-expert/","2026-07-30 14:26:34"
"https://www.bowlerhat.co.uk/google-plus-in-your-face-book/","text/html; charset=UTF-8","200","OK","Indexable","","Google Plus - In your Face(book) - Bowler Hat","45","401","In the blue corner, we have facebook, the reigning world champion and in the red corner, ready to fight, we have Google - round 1!","130","792","","0","0","","0","Google Plus – In your Face(book)","32","","0","Leave a Reply Cancel reply","26","","0","index, follow, max-image-preview:large, max-snippet:-1, max-video-preview:-1","","","https://www.bowlerhat.co.uk/google-plus-in-your-face-book/","","","","","","126117","24884","24884","9.533","","765","100","7.650","84.833","Easy","4.272","5","1","","12","5","0","0.740","73","40","0","9","5","0","","","","","be609cb50cbb31ba8dc6e8be34116f16","0.056","","","","","en-US","1.1","","","","","","https://www.bowlerhat.co.uk/google-plus-in-your-face-book/","2026-07-30 14:26:34"
"https://www.bowlerhat.co.uk/page-titles-and-descriptions-common-problems/","text/html; charset=UTF-8","200","OK","Indexable","","Common SEO Problems with Page Titles & Descriptions | BowlerHat.co.uk","69","657","A brief title & description for each page, your best shot at on-page optimisation - common SEO problems and what you can do about them.","135","851","","0","0","","0","Page Titles and Descriptions – Common Problems","46","","0","Setting the scene","17","1. No Title","11","index, follow, max-image-preview:large, max-snippet:-1, max-video-preview:-1","","","https://www.bowlerhat.co.uk/page-titles-and-descriptions-common-problems/","","","","","","127590","25240","25240","9.669","","893","122","7.320","87.237","Easy","4.846","5","1","","21","7","0","1.040","77","42","0","9","5","0","","","","","ad987d725b73c20411c110d2136463b9","0.048","","","","","en-US","1.1","","","","","","https://www.bowlerhat.co.uk/page-titles-and-descriptions-common-problems/","2026-07-30 14:26:34"
"https://www.bowlerhat.co.uk/seo-chaotic-optimisation-theory/","text/html; charset=UTF-8","200","OK","Indexable","","SEO - Chaotic Optimisation Theory - Bowler Hat","46","421","","0","0","","0","0","","0","SEO – Chaotic Optimisation Theory","33","","0","Leave a Reply Cancel reply","26","","0","index, follow, max-image-preview:large, max-snippet:-1, max-video-preview:-1","","","https://www.bowlerhat.co.uk/seo-chaotic-optimisation-theory/","","","","","","125108","24749","24749","9.481","","763","105","7.267","85.033","Easy","4.359","5","1","","12","5","0","0.740","73","40","0","8","4","0","","","","","2d3a1c879056f08b7f6c9c4c284a5064","0.045","","","","","en-US","1.1","","","","","","https://www.bowlerhat.co.uk/seo-chaotic-optimisation-theory/","2026-07-30 14:26:35"
"https://www.bowlerhat.co.uk/google-places-pending-review/","text/html; charset=UTF-8","200","OK","Indexable","","Google Places Pending Review? - Bowler Hat","42","398","If your listing is marked as pending with a symbol next to it then it means that the Google Places system has flagged your listing for a manual review.","151","914","","0","0","","0","Google Places Pending Review?","29","","0","Leave a Reply Cancel reply","26","","0","index, follow, max-image-preview:large, max-snippet:-1, max-video-preview:-1","","","https://www.bowlerhat.co.uk/google-places-pending-review/","","","","","","123891","24016","24016","9.200","","534","82","6.512","81.880","Easy","3.459","5","1","","12","5","0","0.740","74","40","0","8","4","0","","","","","755d0615c9ecec14c9c42ebdfb471822","0.049","","","","","en-US","1.1","","","","","","https://www.bowlerhat.co.uk/google-places-pending-review/","2026-07-30 14:26:35"
"https://www.bowlerhat.co.uk/lessons-from-googles-9-billion-dollar-business-model/","text/html; charset=UTF-8","200","OK","Indexable","","Lessons from Googles 9 Billion Dollar Business Model - Bowler Hat","65","591","Suffice to say, Google is doing alright for itself so lets take a look at just what they are doing and what lessons we can take away.","133","793","","0","0","","0","Lessons from Googles 9 Billion Dollar Business Model","52","","0","Leave a Reply Cancel reply","26","","0","index, follow, max-image-preview:large, max-snippet:-1, max-video-preview:-1","","","https://www.bowlerhat.co.uk/lessons-from-googles-9-billion-dollar-business-model/","","","","","","128833","25990","25990","9.956","","1212","153","7.922","87.391","Easy","6.138","5","1","","12","5","0","0.740","74","40","0","10","6","0","","","","","abe83627688cab31ee28845c0913f719","0.052","","","","","en-US","1.1","","","","","","https://www.bowlerhat.co.uk/lessons-from-googles-9-billion-dollar-business-model/","2026-07-30 14:26:35"
"https://www.bowlerhat.co.uk/wp-content/uploads/elementor/css/post-15268.css?ver=1783002994","text/css","200","OK","Indexable","","","0","0","","0","0","","0","0","","0","","0","","0","","0","","0","","","","","","","","","","0","0","0","0.000","","0","","","","","0.000","5","4","","0","0","0","0.000","0","0","0","0","0","0","","","","","","0.026","Thu, 02 Jul 2026 14:36:34 GMT","","","","","1.1","","","","","","https://www.bowlerhat.co.uk/wp-content/uploads/elementor/css/post-15268.css?ver=1783002994","2026-07-30 14:26:35"
"https://www.bowlerhat.co.uk/enhanced-conversions-guide/","text/html; charset=UTF-8","200","OK","Indexable","","Enhanced Conversions Guide - Bowler Hat","39","373","","0","0","","0","0","","0","Enhanced Conversions Guide","26","","0","Setting Up Enhanced Conversions Using Google Tag Manager Guide","62","Step one: Preparation","21","index, follow, max-image-preview:large, max-snippet:-1, max-video-preview:-1","","","https://www.bowlerhat.co.uk/enhanced-conversions-guide/","","","","","","111334","23627","23627","9.051","","1706","296","5.764","85.491","Easy","8.604","5","1","","3","2","0","0.300","18","17","0","7","7","0","","","","","ec84dc5eed7acc40caa1c767694e6c36","0.040","Thu, 30 Jul 2026 13:22:55 GMT","","","","en-US","1.1","","","","","","https://www.bowlerhat.co.uk/enhanced-conversions-guide/","2026-07-30 14:26:35"
"https://www.bowlerhat.co.uk/2017/09/01/","text/html; charset=UTF-8","200","OK","Non-Indexable","noindex","September 1, 2017 - Bowler Hat","30","282","","0","0","","0","0","","0","","0","","0","September 1, 2017","17","","0","noindex, follow","","","","","","","","","107831","20315","20315","7.782","","139","27","5.148","87.187","Easy","1.926","5","3","","4","2","0","0.300","68","37","0","8","4","0","","","","","ccbf83e0a2007889c3b1540a4f59514b","0.033","Thu, 30 Jul 2026 13:22:54 GMT","","","","en-US","1.1","","","","","","https://www.bowlerhat.co.uk/2017/09/01/","2026-07-30 14:26:35"
"https://www.bowlerhat.co.uk/google-my-business-tips-for-multi-location-businesses/","text/html; charset=UTF-8","200","OK","Indexable","","Google My Business Tips For Multi Location Businesses - Bowler Hat","66","608","Does your business have more than one physical location? Read our blog on our Google my business tips for multi location businesses.","132","829","","0","0","","0","Google My Business Tips For Multi Location Businesses","53","","0","2 Responses","11","Leave a Reply Cancel reply","26","index, follow, max-image-preview:large, max-snippet:-1, max-video-preview:-1","","","https://www.bowlerhat.co.uk/google-my-business-tips-for-multi-location-businesses/","","","","","","129910","25576","25576","9.798","","895","148","6.047","78.381","Fairly Easy","5.014","5","1","","18","7","0","1.040","78","40","0","13","7","0","","","","","5d7c153524a2463324024d51bcfd5823","0.062","","","","","en-US","1.1","","","","","","https://www.bowlerhat.co.uk/google-my-business-tips-for-multi-location-businesses/","2026-07-30 14:26:35"
"https://www.bowlerhat.co.uk/2021/12/01/","text/html; charset=UTF-8","200","OK","Non-Indexable","noindex","December 1, 2021 - Bowler Hat","29","275","","0","0","","0","0","","0","","0","","0","December 1, 2021","16","","0","noindex, follow","","","","","","","","","110398","20696","20696","7.928","","180","35","5.143","80.825","Easy","2.103","5","3","","5","3","0","0.450","71","38","0","8","4","0","","","","","b3375d29d498b287b9a754beebfb2681","0.058","Thu, 30 Jul 2026 13:22:54 GMT","","","","en-US","1.1","","","","","","https://www.bowlerhat.co.uk/2021/12/01/","2026-07-30 14:26:35"
"https://www.bowlerhat.co.uk/wp-content/uploads/2017/06/Google-Review-Email-Template.pdf","application/pdf","200","OK","Indexable","","","0","0","","0","0","","0","0","","0","","0","","0","","0","","0","","","","","","","","","","35393","35393","35393","13.558","","0","","","","","0.000","5","4","","1","1","0","0.150","0","0","0","0","0","0","","","","","","0.044","Mon, 25 Apr 2022 14:45:21 GMT","","","","","1.1","","","","","","https://www.bowlerhat.co.uk/wp-content/uploads/2017/06/Google-Review-Email-Template.pdf","2026-07-30 14:26:35"
"https://www.bowlerhat.co.uk/2018/12/19/","text/html; charset=UTF-8","200","OK","Non-Indexable","noindex","December 19, 2018 - Bowler Hat","30","286","","0","0","","0","0","","0","","0","","0","December 19, 2018","17","","0","noindex, follow","","","","","","","","","107869","20357","20357","7.798","","146","29","5.034","81.199","Easy","1.964","5","3","","4","2","0","0.300","68","37","0","8","4","0","","","","","68308974b4f9bf971cb7fc0db5d3a501","0.026","Thu, 30 Jul 2026 13:22:54 GMT","","","","en-US","1.1","","","","","","https://www.bowlerhat.co.uk/2018/12/19/","2026-07-30 14:26:35"
"https://www.bowlerhat.co.uk/gdpr-wordpress-security/","text/html; charset=UTF-8","200","OK","Indexable","","GDPR and WordPress Security - How to Secure Your Site - Bowler Hat","66","616","Securing your website is a crucial component of looking after your customers’ data in compliance with GDPR. This post details how to secure your WordPress site to ensure your data is safe and you avoid a heft fine. By Marcus Miller, Bowler Hat.","244","1503","","0","0","","0","GDPR and WordPress Security – How to Secure Your Site","53","","0","A GDPR Warning Shot from ICO","28","First – Some Scary Statistics","29","index, follow, max-image-preview:large, max-snippet:-1, max-video-preview:-1","","","https://www.bowlerhat.co.uk/gdpr-wordpress-security/","","","","","","139339","28792","28792","11.030","","2207","330","6.688","75.504","Fairly Easy","9.970","5","1","","27","11","0","1.630","88","48","0","13","8","0","","","","","cd3b3eac31a40b53871dd2bf8cad74a6","0.067","","","","","en-US","1.1","","","","","","https://www.bowlerhat.co.uk/gdpr-wordpress-security/","2026-07-30 14:26:35"
"https://www.bowlerhat.co.uk/2017/06/02/","text/html; charset=UTF-8","200","OK","Non-Indexable","noindex","June 2, 2017 - Bowler Hat","25","227","","0","0","","0","0","","0","","0","","0","June 2, 2017","12","","0","noindex, follow","","","","","","","","","107619","20263","20263","7.762","","138","27","5.111","85.169","Easy","1.914","5","3","","4","2","0","0.300","68","37","0","8","4","0","","","","","6c9c83ed72d64515844b43572af6201f","0.044","Thu, 30 Jul 2026 13:22:54 GMT","","","","en-US","1.1","","","","","","https://www.bowlerhat.co.uk/2017/06/02/","2026-07-30 14:26:35"
"https://www.bowlerhat.co.uk/wp-content/uploads/2018/03/SEO-Guide-CTA-300x183.png","image/png","200","OK","Indexable","","","0","0","","0","0","","0","0","","0","","0","","0","","0","","0","","","","","","","","","","26087","26087","26087","9.993","","0","","","","","0.000","5","4","","0","0","0","0.000","0","0","0","0","0","0","","","","","","0.031","Mon, 25 Apr 2022 14:45:21 GMT","","","","","1.1","","","","","","https://www.bowlerhat.co.uk/wp-content/uploads/2018/03/SEO-Guide-CTA-300x183.png","2026-07-30 14:26:36"
"https://www.bowlerhat.co.uk/wp-content/uploads/2017/09/google-my-business-1.png","image/png","200","OK","Indexable","","","0","0","","0","0","","0","0","","0","","0","","0","","0","","0","","","","","","","","","","146286","146286","146286","56.039","","0","","","","","0.000","5","4","","0","0","0","0.000","0","0","0","0","0","0","","","","","","0.023","Mon, 25 Apr 2022 14:45:21 GMT","","","","","1.1","","","","","","https://www.bowlerhat.co.uk/wp-content/uploads/2017/09/google-my-business-1.png","2026-07-30 14:26:36"
"https://www.bowlerhat.co.uk/wp-content/uploads/2017/09/google-reviews.png","image/png","200","OK","Indexable","","","0","0","","0","0","","0","0","","0","","0","","0","","0","","0","","","","","","","","","","168511","168511","168511","64.553","","0","","","","","0.000","5","4","","0","0","0","0.000","0","0","0","0","0","0","","","","","","0.049","Mon, 25 Apr 2022 14:45:21 GMT","","","","","1.1","","","","","","https://www.bowlerhat.co.uk/wp-content/uploads/2017/09/google-reviews.png","2026-07-30 14:26:36"
"https://www.bowlerhat.co.uk/2017/09/29/","text/html; charset=UTF-8","200","OK","Non-Indexable","noindex","September 29, 2017 - Bowler Hat","31","293","","0","0","","0","0","","0","","0","","0","September 29, 2017","18","","0","noindex, follow","","","","","","","","","107965","20320","20320","7.784","","139","26","5.346","84.551","Easy","1.920","5","3","","4","2","0","0.300","68","37","0","8","4","0","","","","","35de2b9a46b72ca3db2c0abd0e175f27","0.081","Thu, 30 Jul 2026 13:22:55 GMT","","","","en-US","1.1","","","","","","https://www.bowlerhat.co.uk/2017/09/29/","2026-07-30 14:26:36"
"https://www.bowlerhat.co.uk/website-planning-guide/design-development/","text/html; charset=UTF-8","301","Moved Permanently","Non-Indexable","Redirected","","0","0","","0","0","","0","0","","0","","0","","0","","0","","0","","","","","","","","","","0","0","0","0.000","","0","","","","","0.000","5","2","","1","1","0","0.150","0","0","0","0","0","0","","","","","","0.045","","https://www.bowlerhat.co.uk/website-planning-guide-for-start-ups-and-small-businesses/","HTTP Redirect","","","1.1","","","","","","https://www.bowlerhat.co.uk/website-planning-guide/design-development/","2026-07-30 14:26:36"
"https://www.bowlerhat.co.uk/local-seo-new-businesses-5-hours/","text/html; charset=UTF-8","200","OK","Indexable","","Local SEO for New Businesses in 5 Hours - Bowler Hat","52","480","A simple guide for new businesses on how to effectively optimise their business for visibility in local search results in just 1 hour per day over 5 days.","154","906","","0","0","","0","Local SEO for New Businesses in 5 Hours","39","","0","That’s a wrap","13","3 Responses","11","index, follow, max-image-preview:large, max-snippet:-1, max-video-preview:-1","","","https://www.bowlerhat.co.uk/local-seo-new-businesses-5-hours/","","","","","","144995","30242","30242","11.585","","2449","326","7.512","82.242","Easy","10.283","5","1","","19","6","0","0.890","88","48","0","19","13","0","","","","","d353f9532135a49fa59ac45ca9a69f07","0.070","","","","","en-US","1.1","","","","","","https://www.bowlerhat.co.uk/local-seo-new-businesses-5-hours/","2026-07-30 14:26:36"
"https://www.bowlerhat.co.uk/motion-benefit-drawback-website-design/","text/html; charset=UTF-8","200","OK","Indexable","","Is Motion a Benefit or Drawback in Website Design? - Bowler Hat","63","571","This article explores a few key things to consider in order to use motion to your advantage to gain conversions and achieve your business goals.","144","883","","0","0","","0","Is Motion a Benefit or Drawback in Website Design?","50","","0","Leave a Reply Cancel reply","26","","0","index, follow, max-image-preview:large, max-snippet:-1, max-video-preview:-1","","","https://www.bowlerhat.co.uk/motion-benefit-drawback-website-design/","","","","","","129118","25586","25586","9.802","","957","130","7.362","76.574","Fairly Easy","5.156","5","1","","23","10","0","1.480","77","44","0","9","5","0","","","","","540f0f090998fafd717d7968adb49f19","0.055","","","","","en-US","1.1","","","","","","https://www.bowlerhat.co.uk/motion-benefit-drawback-website-design/","2026-07-30 14:26:36"
"https://www.bowlerhat.co.uk/2017/08/04/","text/html; charset=UTF-8","200","OK","Non-Indexable","noindex","August 4, 2017 - Bowler Hat","27","246","","0","0","","0","0","","0","","0","","0","August 4, 2017","14","","0","noindex, follow","","","","","","","","","107892","20384","20384","7.809","","141","27","5.222","78.534","Fairly Easy","1.952","5","3","","4","2","0","0.300","68","37","0","8","4","0","","","","","2664f3d06b7d529bebb2a7955e609747","0.039","Thu, 30 Jul 2026 13:22:55 GMT","","","","en-US","1.1","","","","","","https://www.bowlerhat.co.uk/2017/08/04/","2026-07-30 14:26:36"
"https://www.bowlerhat.co.uk/2017/07/14/","text/html; charset=UTF-8","200","OK","Non-Indexable","noindex","July 14, 2017 - Bowler Hat","26","230","","0","0","","0","0","","0","","0","","0","July 14, 2017","13","","0","noindex, follow","","","","","","","","","108294","20458","20458","7.837","","143","28","5.107","80.963","Easy","1.964","5","3","","4","2","0","0.300","68","37","0","8","4","0","","","","","3daefd4303af562148f21c5ecd04613a","0.040","Thu, 30 Jul 2026 13:22:55 GMT","","","","en-US","1.1","","","","","","https://www.bowlerhat.co.uk/2017/07/14/","2026-07-30 14:26:37"
"https://www.bowlerhat.co.uk/wp-content/uploads/2017/03/How-to-Optimise-Your-Twitter-Profile.jpg","image/jpeg","200","OK","Indexable","","","0","0","","0","0","","0","0","","0","","0","","0","","0","","0","","","","","","","","","","81939","81939","81939","31.389","","0","","","","","0.000","5","4","","0","0","0","0.000","0","0","0","0","0","0","","","","","","0.026","Mon, 25 Apr 2022 14:45:21 GMT","","","","","1.1","","","","","","https://www.bowlerhat.co.uk/wp-content/uploads/2017/03/How-to-Optimise-Your-Twitter-Profile.jpg","2026-07-30 14:26:37"
"https://www.bowlerhat.co.uk/wp-content/uploads/2016/10/5-questions-to-ask-before-joining-social-media-copy.jpg","image/jpeg","200","OK","Indexable","","","0","0","","0","0","","0","0","","0","","0","","0","","0","","0","","","","","","","","","","102235","102235","102235","39.164","","0","","","","","0.000","5","4","","0","0","0","0.000","0","0","0","0","0","0","","","","","","0.023","Mon, 25 Apr 2022 14:45:21 GMT","","","","","1.1","","","","","","https://www.bowlerhat.co.uk/wp-content/uploads/2016/10/5-questions-to-ask-before-joining-social-media-copy.jpg","2026-07-30 14:26:37"
"https://www.bowlerhat.co.uk/wp-content/uploads/2016/08/Consistent-Branding.jpg","image/jpeg","200","OK","Indexable","","","0","0","","0","0","","0","0","","0","","0","","0","","0","","0","","","","","","","","","","124132","124132","124132","47.553","","0","","","","","0.000","5","4","","0","0","0","0.000","0","0","0","0","0","0","","","","","","0.046","Mon, 25 Apr 2022 14:45:21 GMT","","","","","1.1","","","","","","https://www.bowlerhat.co.uk/wp-content/uploads/2016/08/Consistent-Branding.jpg","2026-07-30 14:26:37"
"https://www.bowlerhat.co.uk/tag/social-media/page/2/","text/html; charset=UTF-8","200","OK","Indexable","","social media Archives - Page 2 of 2 - Bowler Hat","48","426","","0","0","","0","0","","0","","0","","0","social media","12","","0","index, follow, max-image-preview:large, max-snippet:-1, max-video-preview:-1","","","https://www.bowlerhat.co.uk/tag/social-media/page/2/","","https://www.bowlerhat.co.uk/tag/social-media/","","","","109655","20722","20722","7.938","","144","28","5.143","84.115","Easy","1.936","5","4","","5","2","0","0.300","70","38","0","8","4","0","","","","","30bbfafb6beb1c17cc8018e191ee8bdf","0.043","Thu, 30 Jul 2026 13:22:56 GMT","","","","en-US","1.1","","","","","","https://www.bowlerhat.co.uk/tag/social-media/page/2/","2026-07-30 14:26:37"
"https://www.bowlerhat.co.uk/wp-content/uploads/newsletter.jpg","image/jpeg","200","OK","Indexable","","","0","0","","0","0","","0","0","","0","","0","","0","","0","","0","","","","","","","","","","46931","46931","46931","17.978","","0","","","","","0.000","5","2","","0","0","0","0.000","0","0","0","0","0","0","","","","","","0.046","Mon, 25 Apr 2022 14:45:20 GMT","","","","","1.1","","","","","","https://www.bowlerhat.co.uk/wp-content/uploads/newsletter.jpg","2026-07-30 14:26:37"
"https://www.bowlerhat.co.uk/wp-content/uploads/newsletter-better.jpg","image/jpeg","200","OK","Indexable","","","0","0","","0","0","","0","0","","0","","0","","0","","0","","0","","","","","","","","","","38074","38074","38074","14.585","","0","","","","","0.000","5","2","","0","0","0","0.000","0","0","0","0","0","0","","","","","","0.017","Mon, 25 Apr 2022 14:45:20 GMT","","","","","1.1","","","","","","https://www.bowlerhat.co.uk/wp-content/uploads/newsletter-better.jpg","2026-07-30 14:26:37"
"https://www.bowlerhat.co.uk/2016/09/11/","text/html; charset=UTF-8","200","OK","Non-Indexable","noindex","September 11, 2016 - Bowler Hat","31","293","","0","0","","0","0","","0","","0","","0","September 11, 2016","18","","0","noindex, follow","","","","","","","","","107644","20324","20324","7.786","","140","27","5.185","83.736","Easy","1.927","5","3","","4","2","0","0.300","68","37","0","8","4","0","","","","","a53e0fbd46948f53ea39aae7b661d499","0.052","Thu, 30 Jul 2026 13:22:56 GMT","","","","en-US","1.1","","","","","","https://www.bowlerhat.co.uk/2016/09/11/","2026-07-30 14:26:37"
"https://www.bowlerhat.co.uk/wp-content/uploads/2017/10/example-redirects-spreadsheet-1.png","image/png","200","OK","Indexable","","","0","0","","0","0","","0","0","","0","","0","","0","","0","","0","","","","","","","","","","2986","2986","2986","1.144","","0","","","","","0.000","5","4","","0","0","0","0.000","0","0","0","0","0","0","","","","","","0.027","Mon, 25 Apr 2022 14:45:21 GMT","","","","","1.1","","","","","","https://www.bowlerhat.co.uk/wp-content/uploads/2017/10/example-redirects-spreadsheet-1.png","2026-07-30 14:26:37"
"https://www.bowlerhat.co.uk/2017/10/13/","text/html; charset=UTF-8","200","OK","Non-Indexable","noindex","October 13, 2017 - Bowler Hat","29","265","","0","0","","0","0","","0","","0","","0","October 13, 2017","16","","0","noindex, follow","","","","","","","","","107905","20364","20364","7.801","","138","27","5.111","82.717","Easy","1.922","5","3","","4","2","0","0.300","68","37","0","8","4","0","","","","","26615eb43d3ff9f9d73bc732eb331001","0.048","Thu, 30 Jul 2026 13:22:56 GMT","","","","en-US","1.1","","","","","","https://www.bowlerhat.co.uk/2017/10/13/","2026-07-30 14:26:37"
"https://www.bowlerhat.co.uk/tag/banner-ads/","text/html; charset=UTF-8","200","OK","Indexable","","Banner Ads Archives - Bowler Hat","32","298","","0","0","","0","0","","0","","0","","0","Banner Ads","10","","0","index, follow, max-image-preview:large, max-snippet:-1, max-video-preview:-1","","","https://www.bowlerhat.co.uk/tag/banner-ads/","","","","","","108340","20480","20480","7.845","","137","27","5.074","79.416","Fairly Easy","1.917","5","2","","4","2","0","0.300","68","37","0","8","4","0","","","","","6f58df3c72ad0977a42bcdaea3b0edd3","0.026","Thu, 30 Jul 2026 13:22:56 GMT","","","","en-US","1.1","","","","","","https://www.bowlerhat.co.uk/tag/banner-ads/","2026-07-30 14:26:38"
"https://www.bowlerhat.co.uk/2016/10/14/","text/html; charset=UTF-8","200","OK","Non-Indexable","noindex","October 14, 2016 - Bowler Hat","29","265","","0","0","","0","0","","0","","0","","0","October 14, 2016","16","","0","noindex, follow","","","","","","","","","107888","20380","20380","7.807","","138","27","5.111","80.265","Easy","1.930","5","3","","4","2","0","0.300","68","37","0","8","4","0","","","","","df59412def3372086501fe5c495abf0d","0.039","Thu, 30 Jul 2026 13:22:57 GMT","","","","en-US","1.1","","","","","","https://www.bowlerhat.co.uk/2016/10/14/","2026-07-30 14:26:38"
"https://www.bowlerhat.co.uk/2012/09/05/","text/html; charset=UTF-8","200","OK","Non-Indexable","noindex","September 5, 2012 - Bowler Hat","30","282","","0","0","","0","0","","0","","0","","0","September 5, 2012","17","","0","noindex, follow","","","","","","","","","107448","20274","20274","7.767","","137","27","5.074","84.974","Easy","1.918","5","3","","4","2","0","0.300","68","37","0","8","4","0","","","","","48e14806d2033b6078f4a292312aa1d3","0.036","Thu, 30 Jul 2026 13:22:55 GMT","","","","en-US","1.1","","","","","","https://www.bowlerhat.co.uk/2012/09/05/","2026-07-30 14:26:38"
"https://www.bowlerhat.co.uk/anchor-text-ratios-and-link-building/","text/html; charset=UTF-8","200","OK","Indexable","","Anchor Text Ratios for SEO & Link Building | BowlerHat.co.uk","60","536","Guidelines on how to identify toxic links & 10 golden rules on creating a safe, stable anchor text profile to avoid Google penalties & over optimisation.","153","911","","0","0","","0","Anchor Text Ratios and Link Building in 2012 and Beyond","55","","0","","0","Leave a Reply Cancel reply","26","index, follow, max-image-preview:large, max-snippet:-1, max-video-preview:-1","","","https://www.bowlerhat.co.uk/anchor-text-ratios-and-link-building/","","","","","","133486","27637","27637","10.587","","1844","229","8.052","81.855","Easy","8.632","5","1","","16","8","0","1.190","77","41","0","13","9","0","","","","","8396875add7e01c5ce1abf3fa512a263","0.081","","","","","en-US","1.1","","","","","","https://www.bowlerhat.co.uk/anchor-text-ratios-and-link-building/","2026-07-30 14:26:38"
"https://www.bowlerhat.co.uk/link-networks-panda-3-4-over-optimisation/","text/html; charset=UTF-8","200","OK","Indexable","","Link Networks, Panda 3.4 and Over Optimisation - Bowler Hat","59","544","","0","0","","0","0","","0","Link Networks, Panda 3.4 and Over Optimisation","46","","0","Leave a Reply Cancel reply","26","","0","index, follow, max-image-preview:large, max-snippet:-1, max-video-preview:-1","","","https://www.bowlerhat.co.uk/link-networks-panda-3-4-over-optimisation/","","","","","","129156","26173","26173","10.026","","1175","143","8.217","82.503","Easy","6.045","5","1","","14","7","0","1.040","76","41","0","13","9","0","","","","","ec221a5dbc5af099d50d513a31d92d9f","0.049","","","","","en-US","1.1","","","","","","https://www.bowlerhat.co.uk/link-networks-panda-3-4-over-optimisation/","2026-07-30 14:26:38"
"https://www.bowlerhat.co.uk/backwards-seo-building-links-before-optimising-pages/","text/html; charset=UTF-8","200","OK","Indexable","","Backwards SEO & Useless Link Building | BowlerHat.co.uk","55","509","SEO not working? Building links but not seeing results? Have you done the basics and got your on site and landing pages sorted? No? Read on.","140","877","","0","0","","0","Backwards SEO & Building Links Before Optimising Pages","54","","0","Leave a Reply Cancel reply","26","","0","index, follow, max-image-preview:large, max-snippet:-1, max-video-preview:-1","","","https://www.bowlerhat.co.uk/backwards-seo-building-links-before-optimising-pages/","","","","","","129648","26246","26246","10.054","","1313","165","7.958","82.264","Easy","6.582","5","1","","12","5","0","0.740","76","42","0","8","4","0","","","","","f999b38707d42cdbf9a09308676980c4","0.083","","","","","en-US","1.1","","","","","","https://www.bowlerhat.co.uk/backwards-seo-building-links-before-optimising-pages/","2026-07-30 14:26:38"
"https://www.bowlerhat.co.uk/2012/04/02/","text/html; charset=UTF-8","200","OK","Non-Indexable","noindex","April 2, 2012 - Bowler Hat","26","224","","0","0","","0","0","","0","","0","","0","April 2, 2012","13","","0","noindex, follow","","","","","","","","","107497","20288","20288","7.772","","139","26","5.346","78.465","Fairly Easy","1.964","5","3","","4","2","0","0.300","68","37","0","8","4","0","","","","","83a14715db377fe3eb3bb1a6687d26ac","0.044","Thu, 30 Jul 2026 13:22:56 GMT","","","","en-US","1.1","","","","","","https://www.bowlerhat.co.uk/2012/04/02/","2026-07-30 14:26:38"
"https://www.bowlerhat.co.uk/301-redirects-for-seo-from-windows-server-iis/","text/html; charset=UTF-8","200","OK","Indexable","","301 Redirects for SEO from Windows Server & IIS - Bowler Hat","60","549","A guide to making SEO friendly permanent redirections from the web.config file on windows hosting. Simple examples and template web.config.","139","884","","0","0","","0","301 Redirects for SEO from Windows Server & IIS","47","","0","6 Responses","11","Leave a Reply Cancel reply","26","index, follow, max-image-preview:large, max-snippet:-1, max-video-preview:-1","","","https://www.bowlerhat.co.uk/301-redirects-for-seo-from-windows-server-iis/","","","","","","140339","27688","27688","10.607","","1401","312","4.490","71.060","Fairly Easy","7.368","5","1","","24","5","0","0.740","85","40","0","16","9","0","","","","","402a9e418000e6b3341c85c75086b39d","0.067","","","","","en-US","1.1","","","","","","https://www.bowlerhat.co.uk/301-redirects-for-seo-from-windows-server-iis/","2026-07-30 14:26:38"
"https://www.bowlerhat.co.uk/things-not-strings-google-is-getting-smarter/","text/html; charset=UTF-8","200","OK","Indexable","","Things not Strings - Google is Getting Smarter - Bowler Hat","59","524","Google is getting smarter and bringing us ever closer to the information that we want and quicker than ever before.","115","707","","0","0","","0","Things not Strings – Google is Getting Smarter","46","","0","","0","Leave a Reply Cancel reply","26","index, follow, max-image-preview:large, max-snippet:-1, max-video-preview:-1","","","https://www.bowlerhat.co.uk/things-not-strings-google-is-getting-smarter/","","","","","","128396","25668","25668","9.833","","1039","142","7.317","80.284","Easy","5.615","5","1","","12","5","0","0.740","75","41","0","14","8","0","","","","","8a404be90b3430662288d39882da28f3","0.044","","","","","en-US","1.1","","","","","","https://www.bowlerhat.co.uk/things-not-strings-google-is-getting-smarter/","2026-07-30 14:26:38"
"https://www.bowlerhat.co.uk/adwords-data-in-google-analytics/","text/html; charset=UTF-8","200","OK","Indexable","","Whyy PPC Data is not showing in Google Analytics | BowlerHat.co.uk","66","606","A simple four step fix for why your PPC data is not showing in Google Analytics and how to link your Adwords account to Analytics. Click to read more.","150","925","","0","0","","0","Adwords PPC Data not Showing in Google Analytics","48","","0","29 Responses","12","Leave a Reply Cancel reply","26","index, follow, max-image-preview:large, max-snippet:-1, max-video-preview:-1","","","https://www.bowlerhat.co.uk/adwords-data-in-google-analytics/","","","","","","175670","31150","31150","11.933","","1423","296","4.807","90.008","Very Easy","5.848","5","1","","71","6","0","0.890","130","39","0","40","24","0","","","","","dd665fb67787aa6c79cdfa6f7494558","0.061","","","","","en-US","1.1","","","","","","https://www.bowlerhat.co.uk/adwords-data-in-google-analytics/","2026-07-30 14:26:38"
"https://www.bowlerhat.co.uk/2012/05/14/","text/html; charset=UTF-8","200","OK","Non-Indexable","noindex","May 14, 2012 - Bowler Hat","25","231","","0","0","","0","0","","0","","0","","0","May 14, 2012","12","","0","noindex, follow","","","","","","","","","107455","20275","20275","7.767","","137","27","5.074","86.826","Easy","1.916","5","3","","4","2","0","0.300","68","37","0","8","4","0","","","","","56c4ae5fb3330a9c4723934d85dac335","0.025","Thu, 30 Jul 2026 13:22:56 GMT","","","","en-US","1.1","","","","","","https://www.bowlerhat.co.uk/2012/05/14/","2026-07-30 14:26:38"
"https://www.bowlerhat.co.uk/2012/10/09/","text/html; charset=UTF-8","200","OK","Non-Indexable","noindex","October 9, 2012 - Bowler Hat","28","254","","0","0","","0","0","","0","","0","","0","October 9, 2012","15","","0","noindex, follow","","","","","","","","","107397","20260","20260","7.761","","138","27","5.111","90.073","Very Easy","1.916","5","3","","4","2","0","0.300","68","37","0","8","4","0","","","","","769aba89d0a838f2afdc53c57186ce5b","0.026","Thu, 30 Jul 2026 13:22:56 GMT","","","","en-US","1.1","","","","","","https://www.bowlerhat.co.uk/2012/10/09/","2026-07-30 14:26:38"
"https://www.bowlerhat.co.uk/wp2/wp-content/uploads/2012/09/types-of-links.jpg","image/jpeg","200","OK","Indexable","","","0","0","","0","0","","0","0","","0","","0","","0","","0","","0","","","","","","","","","","34234","34234","34234","13.114","","0","","","","","0.000","5","5","","0","0","0","0.000","0","0","0","0","0","0","","","","","","0.017","Mon, 25 Apr 2022 14:45:19 GMT","","","","","1.1","","","","","","https://www.bowlerhat.co.uk/wp2/wp-content/uploads/2012/09/types-of-links.jpg","2026-07-30 14:26:38"
"https://www.bowlerhat.co.uk/google-algorithm-updates-july-2012/","text/html; charset=UTF-8","200","OK","Indexable","","Google Algorithm Updates - July 2012 - Bowler Hat","49","450","Google has released another batch of Search Quality updates made to the search algorithm detailing the further push for quality.","128","793","","0","0","","0","Google Algorithm Updates – July 2012","36","","0","Leave a Reply Cancel reply","26","","0","index, follow, max-image-preview:large, max-snippet:-1, max-video-preview:-1","","","https://www.bowlerhat.co.uk/google-algorithm-updates-july-2012/","","","","","","127274","25532","25532","9.781","","973","127","7.661","80.288","Easy","5.278","5","1","","12","5","0","0.740","74","40","0","11","7","0","","","","","e76239cd9d99b8e494a68010c53a46c","0.071","","","","","en-US","1.1","","","","","","https://www.bowlerhat.co.uk/google-algorithm-updates-july-2012/","2026-07-30 14:26:38"
"https://www.bowlerhat.co.uk/wp2/wp-content/uploads/2012/09/penguin-keywords.jpg","image/jpeg","200","OK","Indexable","","","0","0","","0","0","","0","0","","0","","0","","0","","0","","0","","","","","","","","","","62588","62588","62588","23.976","","0","","","","","0.000","5","5","","0","0","0","0.000","0","0","0","0","0","0","","","","","","0.033","Mon, 25 Apr 2022 14:45:19 GMT","","","","","1.1","","","","","","https://www.bowlerhat.co.uk/wp2/wp-content/uploads/2012/09/penguin-keywords.jpg","2026-07-30 14:26:38"
"https://www.bowlerhat.co.uk/wp2/wp-content/uploads/2012/09/penguin-traffic-drop.jpg","image/jpeg","200","OK","Indexable","","","0","0","","0","0","","0","0","","0","","0","","0","","0","","0","","","","","","","","","","17862","17862","17862","6.843","","0","","","","","0.000","5","5","","0","0","0","0.000","0","0","0","0","0","0","","","","","","0.034","Mon, 25 Apr 2022 14:45:19 GMT","","","","","1.1","","","","","","https://www.bowlerhat.co.uk/wp2/wp-content/uploads/2012/09/penguin-traffic-drop.jpg","2026-07-30 14:26:38"
"https://www.bowlerhat.co.uk/2012/09/04/","text/html; charset=UTF-8","200","OK","Non-Indexable","noindex","September 4, 2012 - Bowler Hat","30","282","","0","0","","0","0","","0","","0","","0","September 4, 2012","17","","0","noindex, follow","","","","","","","","","107502","20280","20280","7.769","","137","26","5.269","82.306","Easy","1.921","5","3","","4","2","0","0.300","68","37","0","8","4","0","","","","","79754a50ed311d68b07475e4279f9f9c","0.049","Thu, 30 Jul 2026 13:17:54 GMT","","","","en-US","1.1","","","","","","https://www.bowlerhat.co.uk/2012/09/04/","2026-07-30 14:26:38"
"https://www.bowlerhat.co.uk/wp2/wp-content/uploads/2012/09/traffic-loss-comparison.jpg","image/jpeg","200","OK","Indexable","","","0","0","","0","0","","0","0","","0","","0","","0","","0","","0","","","","","","","","","","32286","32286","32286","12.368","","0","","","","","0.000","5","5","","0","0","0","0.000","0","0","0","0","0","0","","","","","","0.041","Mon, 25 Apr 2022 14:45:19 GMT","","","","","1.1","","","","","","https://www.bowlerhat.co.uk/wp2/wp-content/uploads/2012/09/traffic-loss-comparison.jpg","2026-07-30 14:26:38"
"https://www.bowlerhat.co.uk/2012/08/08/","text/html; charset=UTF-8","200","OK","Non-Indexable","noindex","August 8, 2012 - Bowler Hat","27","246","","0","0","","0","0","","0","","0","","0","August 8, 2012","14","","0","noindex, follow","","","","","","","","","107459","20250","20250","7.757","","137","26","5.269","86.011","Easy","1.916","5","3","","4","2","0","0.300","68","37","0","8","4","0","","","","","45890acc97d97db4bd7bf1151d659ee8","0.039","Thu, 30 Jul 2026 13:22:57 GMT","","","","en-US","1.1","","","","","","https://www.bowlerhat.co.uk/2012/08/08/","2026-07-30 14:26:38"
"https://www.bowlerhat.co.uk/adwords-ppc-keywords-not-set-simple-fix/","text/html; charset=UTF-8","200","OK","Indexable","","Adwords PPC Keywords Not Set - Simple Fix - Bowler Hat","54","509","Simple fix for when your Google Adwords paid traffic keywords are all showing as (not set) in Google Analytics.","111","683","","0","0","","0","Adwords PPC Keywords Not Set – Simple Fix","41","","0","14 Responses","12","Leave a Reply Cancel reply","26","index, follow, max-image-preview:large, max-snippet:-1, max-video-preview:-1","","","https://www.bowlerhat.co.uk/adwords-ppc-keywords-not-set-simple-fix/","","","","","","156356","30172","30172","11.558","","1528","261","5.854","90.160","Very Easy","6.479","5","1","","40","5","0","0.740","102","40","0","23","14","0","","","","","2ccff834d02ebd04255edded76172e41","0.048","","","","","en-US","1.1","","","","","","https://www.bowlerhat.co.uk/adwords-ppc-keywords-not-set-simple-fix/","2026-07-30 14:26:39"
"https://www.bowlerhat.co.uk/2012/11/08/","text/html; charset=UTF-8","200","OK","Non-Indexable","noindex","November 8, 2012 - Bowler Hat","29","276","","0","0","","0","0","","0","","0","","0","November 8, 2012","16","","0","noindex, follow","","","","","","","","","107383","20253","20253","7.759","","137","27","5.074","88.061","Easy","1.909","5","3","","4","2","0","0.300","68","37","0","8","4","0","","","","","6b946e8d5552ab3118bd801e2a7d5ff5","0.028","Thu, 30 Jul 2026 13:22:57 GMT","","","","en-US","1.1","","","","","","https://www.bowlerhat.co.uk/2012/11/08/","2026-07-30 14:26:39"
"https://www.bowlerhat.co.uk/wp-content/uploads/2019/11/large-roofer-ad.png","image/png","200","OK","Indexable","","","0","0","","0","0","","0","0","","0","","0","","0","","0","","0","","","","","","","","","","11777","11777","11777","4.512","","0","","","","","0.000","5","4","","0","0","0","0.000","0","0","0","0","0","0","","","","","","0.032","Mon, 25 Apr 2022 14:45:20 GMT","","","","","1.1","","","","","","https://www.bowlerhat.co.uk/wp-content/uploads/2019/11/large-roofer-ad.png","2026-07-30 14:26:39"
"https://www.bowlerhat.co.uk/wp-content/uploads/2019/11/Campaign-name-image1.png","image/png","200","OK","Indexable","","","0","0","","0","0","","0","0","","0","","0","","0","","0","","0","","","","","","","","","","1231","1231","1231","0.472","","0","","","","","0.000","5","4","","0","0","0","0.000","0","0","0","0","0","0","","","","","","0.033","Mon, 25 Apr 2022 14:45:20 GMT","","","","","1.1","","","","","","https://www.bowlerhat.co.uk/wp-content/uploads/2019/11/Campaign-name-image1.png","2026-07-30 14:26:39"
"https://www.bowlerhat.co.uk/wp-content/uploads/2019/11/IMG_7406.jpg","image/jpeg","200","OK","Indexable","","","0","0","","0","0","","0","0","","0","","0","","0","","0","","0","","","","","","","","","","88076","88076","88076","33.740","","0","","","","","0.000","5","4","","0","0","0","0.000","0","0","0","0","0","0","","","","","","0.054","Mon, 25 Apr 2022 14:45:20 GMT","","","","","1.1","","","","","","https://www.bowlerhat.co.uk/wp-content/uploads/2019/11/IMG_7406.jpg","2026-07-30 14:26:39"
"https://www.bowlerhat.co.uk/wp-content/uploads/2019/11/Ad-group-name-image2.png","image/png","200","OK","Indexable","","","0","0","","0","0","","0","0","","0","","0","","0","","0","","0","","","","","","","","","","1737","1737","1737","0.665","","0","","","","","0.000","5","4","","0","0","0","0.000","0","0","0","0","0","0","","","","","","0.033","Mon, 25 Apr 2022 14:45:20 GMT","","","","","1.1","","","","","","https://www.bowlerhat.co.uk/wp-content/uploads/2019/11/Ad-group-name-image2.png","2026-07-30 14:26:39"
"https://www.bowlerhat.co.uk/wp-content/uploads/2019/11/roofer-location-extension.png","image/png","200","OK","Indexable","","","0","0","","0","0","","0","0","","0","","0","","0","","0","","0","","","","","","","","","","9722","9722","9722","3.724","","0","","","","","0.000","5","4","","0","0","0","0.000","0","0","0","0","0","0","","","","","","0.056","Mon, 25 Apr 2022 14:45:20 GMT","","","","","1.1","","","","","","https://www.bowlerhat.co.uk/wp-content/uploads/2019/11/roofer-location-extension.png","2026-07-30 14:26:39"
"https://www.bowlerhat.co.uk/wp-content/uploads/2019/11/small-roofer-ad.png","image/png","200","OK","Indexable","","","0","0","","0","0","","0","0","","0","","0","","0","","0","","0","","","","","","","","","","6994","6994","6994","2.679","","0","","","","","0.000","5","4","","0","0","0","0.000","0","0","0","0","0","0","","","","","","0.044","Mon, 25 Apr 2022 14:45:20 GMT","","","","","1.1","","","","","","https://www.bowlerhat.co.uk/wp-content/uploads/2019/11/small-roofer-ad.png","2026-07-30 14:26:39"
"https://www.bowlerhat.co.uk/2019/11/25/","text/html; charset=UTF-8","200","OK","Non-Indexable","noindex","November 25, 2019 - Bowler Hat","30","287","","0","0","","0","0","","0","","0","","0","November 25, 2019","17","","0","noindex, follow","","","","","","","","","107732","20297","20297","7.775","","142","27","5.259","82.342","Easy","1.946","5","3","","4","2","0","0.300","68","37","0","8","4","0","","","","","d4df59921250e97b860159dc878d651e","0.058","Thu, 30 Jul 2026 13:22:57 GMT","","","","en-US","1.1","","","","","","https://www.bowlerhat.co.uk/2019/11/25/","2026-07-30 14:26:39"
"https://www.bowlerhat.co.uk/tag/google-ads/","text/html; charset=UTF-8","200","OK","Indexable","","Google Ads Archives - Bowler Hat","32","298","","0","0","","0","0","","0","","0","","0","Google Ads","10","","0","index, follow, max-image-preview:large, max-snippet:-1, max-video-preview:-1","","","https://www.bowlerhat.co.uk/tag/google-ads/","","","","","","108178","20384","20384","7.809","","141","27","5.222","81.534","Easy","1.931","5","2","","4","2","0","0.300","68","37","0","8","4","0","","","","","b95dfb08d2ef21e7ce8a5615ff8c24fa","0.067","Thu, 30 Jul 2026 13:22:57 GMT","","","","en-US","1.1","","","","","","https://www.bowlerhat.co.uk/tag/google-ads/","2026-07-30 14:26:39"
"https://www.bowlerhat.co.uk/tag/roofers/","text/html; charset=UTF-8","200","OK","Indexable","","Roofers Archives - Bowler Hat","29","265","","0","0","","0","0","","0","","0","","0","Roofers","7","","0","index, follow, max-image-preview:large, max-snippet:-1, max-video-preview:-1","","","https://www.bowlerhat.co.uk/tag/roofers/","","","","","","108120","20377","20377","7.806","","140","27","5.185","81.319","Easy","1.930","5","2","","4","2","0","0.300","68","37","0","8","4","0","","","","","3862e2d080efa13a8dd2c8636e3abfe0","0.027","Thu, 30 Jul 2026 13:22:57 GMT","","","","en-US","1.1","","","","","","https://www.bowlerhat.co.uk/tag/roofers/","2026-07-30 14:26:39"
"https://www.bowlerhat.co.uk/wp-content/uploads/2017/09/TTI-Article.jpg","image/jpeg","200","OK","Indexable","","","0","0","","0","0","","0","0","","0","","0","","0","","0","","0","","","","","","","","","","70799","70799","70799","27.122","","0","","","","","0.000","5","4","","0","0","0","0.000","0","0","0","0","0","0","","","","","","0.025","Mon, 25 Apr 2022 14:45:21 GMT","","","","","1.1","","","","","","https://www.bowlerhat.co.uk/wp-content/uploads/2017/09/TTI-Article.jpg","2026-07-30 14:26:39"
"https://www.bowlerhat.co.uk/tag/digital-marketing/page/4/","text/html; charset=UTF-8","200","OK","Indexable","","digital marketing Archives - Page 4 of 6 - Bowler Hat","53","464","","0","0","","0","0","","0","","0","","0","digital marketing","17","","0","index, follow, max-image-preview:large, max-snippet:-1, max-video-preview:-1","","","https://www.bowlerhat.co.uk/tag/digital-marketing/page/4/","https://www.bowlerhat.co.uk/tag/digital-marketing/page/5/","https://www.bowlerhat.co.uk/tag/digital-marketing/page/3/","","","","130931","23200","23200","8.887","","474","78","6.077","81.263","Easy","3.083","5","4","","9","5","0","0.740","99","50","0","8","4","0","","","","","280684e3d24384ebdcf9870c53ce45ee","0.042","Thu, 30 Jul 2026 13:22:57 GMT","","","","en-US","1.1","","","","","","https://www.bowlerhat.co.uk/tag/digital-marketing/page/4/","2026-07-30 14:26:39"
"https://www.bowlerhat.co.uk/tag/digital-marketing/page/5/","text/html; charset=UTF-8","200","OK","Indexable","","digital marketing Archives - Page 5 of 6 - Bowler Hat","53","464","","0","0","","0","0","","0","","0","","0","digital marketing","17","","0","index, follow, max-image-preview:large, max-snippet:-1, max-video-preview:-1","","","https://www.bowlerhat.co.uk/tag/digital-marketing/page/5/","https://www.bowlerhat.co.uk/tag/digital-marketing/page/6/","https://www.bowlerhat.co.uk/tag/digital-marketing/page/4/","","","","130720","23074","23074","8.839","","483","74","6.527","85.483","Easy","3.080","5","4","","8","4","0","0.590","98","49","0","8","4","0","","","","","23150d0f39c300b0d54edfdbdb9b4c90","0.050","Thu, 30 Jul 2026 13:22:57 GMT","","","","en-US","1.1","","","","","","https://www.bowlerhat.co.uk/tag/digital-marketing/page/5/","2026-07-30 14:26:39"
"https://www.bowlerhat.co.uk/wp-content/uploads/2017/10/The-Best-Way-to-do-Bulk-Redirects-on-Wordpress.jpg","image/jpeg","200","OK","Indexable","","","0","0","","0","0","","0","0","","0","","0","","0","","0","","0","","","","","","","","","","71327","71327","71327","27.324","","0","","","","","0.000","5","4","","0","0","0","0.000","0","0","0","0","0","0","","","","","","0.058","Mon, 25 Apr 2022 14:45:21 GMT","","","","","1.1","","","","","","https://www.bowlerhat.co.uk/wp-content/uploads/2017/10/The-Best-Way-to-do-Bulk-Redirects-on-Wordpress.jpg","2026-07-30 14:26:39"
"https://www.bowlerhat.co.uk/wp-content/uploads/2018/05/How-to-choose-your-WordPress-Theme.jpg","image/jpeg","200","OK","Indexable","","","0","0","","0","0","","0","0","","0","","0","","0","","0","","0","","","","","","","","","","99506","99506","99506","38.119","","0","","","","","0.000","5","4","","0","0","0","0.000","0","0","0","0","0","0","","","","","","0.027","Mon, 25 Apr 2022 14:45:21 GMT","","","","","1.1","","","","","","https://www.bowlerhat.co.uk/wp-content/uploads/2018/05/How-to-choose-your-WordPress-Theme.jpg","2026-07-30 14:26:39"
"https://www.bowlerhat.co.uk/wp-content/uploads/2018/04/Designing-Your-Website-for-Results.jpg","image/jpeg","200","OK","Indexable","","","0","0","","0","0","","0","0","","0","","0","","0","","0","","0","","","","","","","","","","96362","96362","96362","36.914","","0","","","","","0.000","5","4","","0","0","0","0.000","0","0","0","0","0","0","","","","","","0.028","Mon, 25 Apr 2022 14:45:21 GMT","","","","","1.1","","","","","","https://www.bowlerhat.co.uk/wp-content/uploads/2018/04/Designing-Your-Website-for-Results.jpg","2026-07-30 14:26:39"
"https://www.bowlerhat.co.uk/wp-content/uploads/2018/08/Web-1920-–-18.png","image/png","200","OK","Indexable","","","0","0","","0","0","","0","0","","0","","0","","0","","0","","0","","","","","","","","","","15726","15726","15726","6.024","","0","","","","","0.000","5","4","","0","0","0","0.000","0","0","0","0","0","0","","","","","","0.054","Mon, 25 Apr 2022 14:45:20 GMT","","","","","1.1","","","","","","https://www.bowlerhat.co.uk/wp-content/uploads/2018/08/Web-1920-%E2%80%93-18.png","2026-07-30 14:26:39"
"https://www.bowlerhat.co.uk/wp-content/uploads/2017/03/What-to-include-in-your-websites-footer.jpg","image/jpeg","200","OK","Indexable","","","0","0","","0","0","","0","0","","0","","0","","0","","0","","0","","","","","","","","","","95489","95489","95489","36.580","","0","","","","","0.000","5","4","","0","0","0","0.000","0","0","0","0","0","0","","","","","","0.054","Mon, 25 Apr 2022 14:45:21 GMT","","","","","1.1","","","","","","https://www.bowlerhat.co.uk/wp-content/uploads/2017/03/What-to-include-in-your-websites-footer.jpg","2026-07-30 14:26:39"
"https://www.bowlerhat.co.uk/2016/09/19/","text/html; charset=UTF-8","200","OK","Non-Indexable","noindex","September 19, 2016 - Bowler Hat","31","293","","0","0","","0","0","","0","","0","","0","September 19, 2016","18","","0","noindex, follow","","","","","","","","","107300","20276","20276","7.767","","141","29","4.862","80.700","Easy","1.959","5","3","","4","2","0","0.300","68","37","0","8","4","0","","","","","ecc373d53aa2bdd6c8a0987acc09a204","0.078","Thu, 30 Jul 2026 13:22:57 GMT","","","","en-US","1.1","","","","","","https://www.bowlerhat.co.uk/2016/09/19/","2026-07-30 14:26:39"
"https://www.bowlerhat.co.uk/2016/09/15/","text/html; charset=UTF-8","200","OK","Non-Indexable","noindex","September 15, 2016 - Bowler Hat","31","293","","0","0","","0","0","","0","","0","","0","September 15, 2016","18","","0","noindex, follow","","","","","","","","","107722","20343","20343","7.793","","140","27","5.185","80.111","Easy","1.963","5","3","","4","2","0","0.300","68","37","0","8","4","0","","","","","49a95041ede9a18dd74f82093dddca59","0.065","Thu, 30 Jul 2026 13:22:57 GMT","","","","en-US","1.1","","","","","","https://www.bowlerhat.co.uk/2016/09/15/","2026-07-30 14:26:39"
"https://www.bowlerhat.co.uk/wp-content/uploads/geek.png","image/png","200","OK","Indexable","","","0","0","","0","0","","0","0","","0","","0","","0","","0","","0","","","","","","","","","","25380","25380","25380","9.723","","0","","","","","0.000","5","2","","0","0","0","0.000","0","0","0","0","0","0","","","","","","0.063","Mon, 25 Apr 2022 14:45:20 GMT","","","","","1.1","","","","","","https://www.bowlerhat.co.uk/wp-content/uploads/geek.png","2026-07-30 14:26:39"
"https://www.bowlerhat.co.uk/2016/08/26/","text/html; charset=UTF-8","200","OK","Non-Indexable","noindex","August 26, 2016 - Bowler Hat","28","257","","0","0","","0","0","","0","","0","","0","August 26, 2016","15","","0","noindex, follow","","","","","","","","","109947","20655","20655","7.913","","176","35","5.029","85.406","Easy","2.092","5","3","","5","3","0","0.450","71","38","0","8","4","0","","","","","e0605f4001b9cbc781e1ddbb9ef63fee","0.023","Thu, 30 Jul 2026 13:22:57 GMT","","","","en-US","1.1","","","","","","https://www.bowlerhat.co.uk/2016/08/26/","2026-07-30 14:26:39"
"https://www.bowlerhat.co.uk/tag/branding/","text/html; charset=UTF-8","200","OK","Indexable","","branding Archives - Bowler Hat","30","274","","0","0","","0","0","","0","","0","","0","branding","8","","0","index, follow, max-image-preview:large, max-snippet:-1, max-video-preview:-1","","","https://www.bowlerhat.co.uk/tag/branding/","","","","","","112429","20952","20952","8.026","","214","38","5.632","91.613","Very Easy","2.190","5","2","","6","4","0","0.590","74","39","0","8","4","0","","","","","67151bed6d280c72d18a7fa190bcd49f","0.036","Thu, 30 Jul 2026 13:22:57 GMT","","","","en-US","1.1","","","","","","https://www.bowlerhat.co.uk/tag/branding/","2026-07-30 14:26:39"
"https://www.bowlerhat.co.uk/the-importance-of-being-first/","text/html; charset=UTF-8","200","OK","Indexable","","The Importance of Being First - Bowler Hat","42","378","Find out the best tips and tricks to optimise your website with Bowler Hat's blog. Read on the learn why its so important to rank first in Google.","146","874","","0","0","","0","The Importance of Being First","29","","0","The Second Man on the Moon","26","Leave a Reply Cancel reply","26","index, follow, max-image-preview:large, max-snippet:-1, max-video-preview:-1","","","https://www.bowlerhat.co.uk/the-importance-of-being-first/","","","","","","124818","24364","24364","9.333","","606","95","6.379","83.372","Easy","3.739","5","1","","12","5","0","0.740","82","46","0","8","4","0","","","","","f29fd08463d0376877e29a8ef28ddcc","0.067","","","","","en-US","1.1","","","","","","https://www.bowlerhat.co.uk/the-importance-of-being-first/","2026-07-30 14:26:39"
"https://www.bowlerhat.co.uk/things-to-do-a-new-google-layout/","text/html; charset=UTF-8","200","OK","Indexable","","Things to Do - A New Google Layout - Bowler Hat","47","433","How do changes to the search results for things to do queries impact local businesses and what can you do about it?","115","720","","0","0","","0","Things to Do – A New Google Layout","34","","0","Leave a Reply Cancel reply","26","","0","index, follow, max-image-preview:large, max-snippet:-1, max-video-preview:-1","","","https://www.bowlerhat.co.uk/things-to-do-a-new-google-layout/","","","","","","127331","25070","25070","9.604","","771","113","6.823","74.491","Fairly Easy","4.525","5","1","","15","6","0","0.890","75","41","0","10","6","0","","","","","5236f29779b29734d527b6b8a82fb3cf","0.048","","","","","en-US","1.1","","","","","","https://www.bowlerhat.co.uk/things-to-do-a-new-google-layout/","2026-07-30 14:26:39"
"https://www.bowlerhat.co.uk/2015/12/16/","text/html; charset=UTF-8","200","OK","Non-Indexable","noindex","December 16, 2015 - Bowler Hat","30","286","","0","0","","0","0","","0","","0","","0","December 16, 2015","17","","0","noindex, follow","","","","","","","","","109913","20615","20615","7.897","","177","36","4.917","76.139","Fairly Easy","2.120","5","3","","5","3","0","0.450","71","38","0","8","4","0","","","","","3c255887f81a8a48a2f16e88e60ad957","0.038","Thu, 30 Jul 2026 13:22:57 GMT","","","","en-US","1.1","","","","","","https://www.bowlerhat.co.uk/2015/12/16/","2026-07-30 14:26:39"
"https://www.bowlerhat.co.uk/2017/04/07/","text/html; charset=UTF-8","200","OK","Non-Indexable","noindex","April 7, 2017 - Bowler Hat","26","224","","0","0","","0","0","","0","","0","","0","April 7, 2017","13","","0","noindex, follow","","","","","","","","","108073","20371","20371","7.804","","141","28","5.036","79.924","Fairly Easy","1.956","5","3","","4","2","0","0.300","68","37","0","8","4","0","","","","","9483256ac81340146c4ba69730681ec3","0.029","Thu, 30 Jul 2026 13:22:57 GMT","","","","en-US","1.1","","","","","","https://www.bowlerhat.co.uk/2017/04/07/","2026-07-30 14:26:39"
"https://www.bowlerhat.co.uk/2016/09/12/","text/html; charset=UTF-8","200","OK","Non-Indexable","noindex","September 12, 2016 - Bowler Hat","31","293","","0","0","","0","0","","0","","0","","0","September 12, 2016","18","","0","noindex, follow","","","","","","","","","107685","20290","20290","7.773","","139","29","4.793","77.200","Fairly Easy","1.959","5","3","","4","2","0","0.300","68","37","0","8","4","0","","","","","83fa59d98c1b2cbd3ea6cfaabe5e084d","0.051","Thu, 30 Jul 2026 13:22:57 GMT","","","","en-US","1.1","","","","","","https://www.bowlerhat.co.uk/2016/09/12/","2026-07-30 14:26:39"
"https://www.bowlerhat.co.uk/2018/02/02/","text/html; charset=UTF-8","200","OK","Non-Indexable","noindex","February 2, 2018 - Bowler Hat","29","261","","0","0","","0","0","","0","","0","","0","February 2, 2018","16","","0","noindex, follow","","","","","","","","","107339","20257","20257","7.760","","141","26","5.423","84.331","Easy","1.955","5","3","","4","2","0","0.300","68","37","0","8","4","0","","","","","cb740c48d580643eaed92e6c50c1259","0.083","Thu, 30 Jul 2026 13:22:57 GMT","","","","en-US","1.1","","","","","","https://www.bowlerhat.co.uk/2018/02/02/","2026-07-30 14:26:39"
"https://www.bowlerhat.co.uk/author/james-tighe/","text/html; charset=UTF-8","200","OK","Indexable","","James Tighe, Author at Bowler Hat","33","311","","0","0","","0","0","","0","","0","","0","James Tighe","11","","0","index, follow, max-image-preview:large, max-snippet:-1, max-video-preview:-1","","","https://www.bowlerhat.co.uk/author/james-tighe/","","","","","","113908","21218","21218","8.128","","218","38","5.737","86.919","Easy","2.204","5","2","","15","4","0","0.590","74","39","0","8","4","0","","","","","dd5f5bc78efe76323273f6de74393702","0.030","Thu, 30 Jul 2026 13:22:57 GMT","","","","en-US","1.1","","","","","","https://www.bowlerhat.co.uk/author/james-tighe/","2026-07-30 14:26:40"
"https://www.bowlerhat.co.uk/2018/02/23/","text/html; charset=UTF-8","200","OK","Non-Indexable","noindex","February 23, 2018 - Bowler Hat","30","272","","0","0","","0","0","","0","","0","","0","February 23, 2018","17","","0","noindex, follow","","","","","","","","","107744","20306","20306","7.779","","137","26","5.269","84.776","Easy","1.924","5","3","","4","2","0","0.300","68","37","0","8","4","0","","","","","c3c89db0b2aca46c6599180c8e744db2","0.022","Thu, 30 Jul 2026 13:22:58 GMT","","","","en-US","1.1","","","","","","https://www.bowlerhat.co.uk/2018/02/23/","2026-07-30 14:26:40"
"https://www.bowlerhat.co.uk/2017/06/22/","text/html; charset=UTF-8","200","OK","Non-Indexable","noindex","June 22, 2017 - Bowler Hat","26","238","","0","0","","0","0","","0","","0","","0","June 22, 2017","13","","0","noindex, follow","","","","","","","","","107630","20315","20315","7.782","","138","27","5.111","87.621","Easy","1.922","5","3","","4","2","0","0.300","68","37","0","8","4","0","","","","","3303369d0aea425964b06f3176bab850","0.027","Thu, 30 Jul 2026 13:22:58 GMT","","","","en-US","1.1","","","","","","https://www.bowlerhat.co.uk/2017/06/22/","2026-07-30 14:26:40"
"https://www.bowlerhat.co.uk/tag/websites/page/3/","text/html; charset=UTF-8","200","OK","Indexable","","websites Archives - Page 3 of 3 - Bowler Hat","44","393","","0","0","","0","0","","0","","0","","0","websites","8","","0","index, follow, max-image-preview:large, max-snippet:-1, max-video-preview:-1","","","https://www.bowlerhat.co.uk/tag/websites/page/3/","","https://www.bowlerhat.co.uk/tag/websites/page/2/","","","","127658","22641","22641","8.673","","437","69","6.333","86.187","Easy","2.950","5","4","","6","3","0","0.450","92","46","0","8","4","0","","","","","8012bc8ad44bfed8a53709445d0e29f9","0.033","Thu, 30 Jul 2026 13:22:58 GMT","","","","en-US","1.1","","","","","","https://www.bowlerhat.co.uk/tag/websites/page/3/","2026-07-30 14:26:40"
"https://www.bowlerhat.co.uk/tag/websites/page/2/","text/html; charset=UTF-8","200","OK","Indexable","","websites Archives - Page 2 of 3 - Bowler Hat","44","393","","0","0","","0","0","","0","","0","","0","websites","8","","0","index, follow, max-image-preview:large, max-snippet:-1, max-video-preview:-1","","","https://www.bowlerhat.co.uk/tag/websites/page/2/","https://www.bowlerhat.co.uk/tag/websites/page/3/","https://www.bowlerhat.co.uk/tag/websites/","","","","130406","23046","23046","8.828","","474","75","6.320","85.657","Easy","3.083","5","4","","7","3","0","0.450","96","47","0","8","4","0","","","","","52f9772ffb7670dc160f153654971b59","0.041","Thu, 30 Jul 2026 13:22:58 GMT","","","","en-US","1.1","","","","","","https://www.bowlerhat.co.uk/tag/websites/page/2/","2026-07-30 14:26:40"
"https://www.bowlerhat.co.uk/wp-content/uploads/2018/03/What-Every-Small-Business-Should-Have-on-Their-Website.jpg","image/jpeg","200","OK","Indexable","","","0","0","","0","0","","0","0","","0","","0","","0","","0","","0","","","","","","","","","","92851","92851","92851","35.569","","0","","","","","0.000","5","4","","0","0","0","0.000","0","0","0","0","0","0","","","","","","0.028","Mon, 25 Apr 2022 14:45:21 GMT","","","","","1.1","","","","","","https://www.bowlerhat.co.uk/wp-content/uploads/2018/03/What-Every-Small-Business-Should-Have-on-Their-Website.jpg","2026-07-30 14:26:40"
"https://www.bowlerhat.co.uk/tag/ux/","text/html; charset=UTF-8","200","OK","Indexable","","UX Archives - Bowler Hat","24","222","","0","0","","0","0","","0","","0","","0","UX","2","","0","index, follow, max-image-preview:large, max-snippet:-1, max-video-preview:-1","","","https://www.bowlerhat.co.uk/tag/ux/","","","","","","116000","21297","21297","8.158","","263","46","5.717","80.404","Easy","2.424","5","2","","7","5","0","0.740","77","40","0","8","4","0","","","","","2b26dd2709cef6fb4edb71bbf777c02a","0.034","Thu, 30 Jul 2026 13:22:58 GMT","","","","en-US","1.1","","","","","","https://www.bowlerhat.co.uk/tag/ux/","2026-07-30 14:26:40"
"https://www.bowlerhat.co.uk/2017/02/27/","text/html; charset=UTF-8","200","OK","Non-Indexable","noindex","February 27, 2017 - Bowler Hat","30","272","","0","0","","0","0","","0","","0","","0","February 27, 2017","17","","0","noindex, follow","","","","","","","","","108186","20469","20469","7.841","","142","28","5.071","85.511","Easy","1.950","5","3","","4","2","0","0.300","68","37","0","8","4","0","","","","","705d522b7afb14dfc97cb8aae22e45d5","0.040","Thu, 30 Jul 2026 13:22:58 GMT","","","","en-US","1.1","","","","","","https://www.bowlerhat.co.uk/2017/02/27/","2026-07-30 14:26:41"
"https://www.bowlerhat.co.uk/top-5-ways-to-check-if-your-website-is-technically-optimised/","text/html; charset=UTF-8","200","OK","Indexable","","Top 5 Ways to Check if Your Website is Technically Optimised - Bowler Hat","73","663","Is your website as well optimised as you think it is? Find the best tricks in checking if your website is technically optimised, right here.","140","811","","0","0","","0","Top 5 Ways to Check if Your Website is Technically Optimised","60","","0","Leave a Reply Cancel reply","26","","0","index, follow, max-image-preview:large, max-snippet:-1, max-video-preview:-1","","","https://www.bowlerhat.co.uk/top-5-ways-to-check-if-your-website-is-technically-optimised/","","","","","","127608","25129","25129","9.626","","828","116","7.138","81.273","Easy","4.691","5","1","","16","7","0","1.040","75","41","0","10","6","0","","","","","c2429c7f39d25afddbc5047c11c56dbe","0.058","","","","","en-US","1.1","","","","","","https://www.bowlerhat.co.uk/top-5-ways-to-check-if-your-website-is-technically-optimised/","2026-07-30 14:26:41"
"https://www.bowlerhat.co.uk/2018/04/20/","text/html; charset=UTF-8","200","OK","Non-Indexable","noindex","April 20, 2018 - Bowler Hat","27","235","","0","0","","0","0","","0","","0","","0","April 20, 2018","14","","0","noindex, follow","","","","","","","","","107844","20358","20358","7.799","","139","27","5.148","87.795","Easy","1.912","5","3","","4","2","0","0.300","68","37","0","8","4","0","","","","","fab633704cb8c1429586aa8c6b1a943c","0.039","Thu, 30 Jul 2026 13:22:59 GMT","","","","en-US","1.1","","","","","","https://www.bowlerhat.co.uk/2018/04/20/","2026-07-30 14:26:41"
"https://www.bowlerhat.co.uk/implement-goal-tracking-contact-form-7/","text/html; charset=UTF-8","200","OK","Indexable","","How To Implement Goal Tracking With Contact Form 7 - Bowler Hat","63","601","Goal tracking is an important factor to anyone's marketing strategy, so we have created a simple 10 minute guide to help you track Contact Form 7 submissions.","158","988","","0","0","","0","How To Implement Goal Tracking With Contact Form 7","50","","0","","0","6 Responses","11","index, follow, max-image-preview:large, max-snippet:-1, max-video-preview:-1","","","https://www.bowlerhat.co.uk/implement-goal-tracking-contact-form-7/","","","","","","134644","25556","25556","9.790","","598","121","4.942","92.603","Very Easy","3.577","5","1","","24","5","0","0.740","89","41","0","11","7","0","","","","","add3728958d3386a6020f3cc2dfcd2c4","0.063","","","","","en-US","1.1","","","","","","https://www.bowlerhat.co.uk/implement-goal-tracking-contact-form-7/","2026-07-30 14:26:41"
"https://www.bowlerhat.co.uk/2015/12/03/","text/html; charset=UTF-8","200","OK","Non-Indexable","noindex","December 3, 2015 - Bowler Hat","29","275","","0","0","","0","0","","0","","0","","0","December 3, 2015","16","","0","noindex, follow","","","","","","","","","107699","20352","20352","7.796","","142","26","5.462","86.903","Easy","1.939","5","3","","4","2","0","0.300","68","37","0","8","4","0","","","","","f5ea85345cbd707ea057d62fbbe321a3","0.039","Thu, 30 Jul 2026 13:22:59 GMT","","","","en-US","1.1","","","","","","https://www.bowlerhat.co.uk/2015/12/03/","2026-07-30 14:26:41"
"https://www.bowlerhat.co.uk/wp-content/uploads/2017/07/Top-5-WordPress-Plugins-That-Will-Speed-up-Development-of-Your-Website.jpg","image/jpeg","200","OK","Indexable","","","0","0","","0","0","","0","0","","0","","0","","0","","0","","0","","","","","","","","","","70159","70159","70159","26.877","","0","","","","","0.000","5","4","","0","0","0","0.000","0","0","0","0","0","0","","","","","","0.024","Mon, 25 Apr 2022 14:45:21 GMT","","","","","1.1","","","","","","https://www.bowlerhat.co.uk/wp-content/uploads/2017/07/Top-5-WordPress-Plugins-That-Will-Speed-up-Development-of-Your-Website.jpg","2026-07-30 14:26:42"
"https://www.bowlerhat.co.uk/wp-content/uploads/2018/02/How-to-choose-your-WordPress-Theme-1.jpg","image/jpeg","200","OK","Indexable","","","0","0","","0","0","","0","0","","0","","0","","0","","0","","0","","","","","","","","","","99506","99506","99506","38.119","","0","","","","","0.000","5","4","","0","0","0","0.000","0","0","0","0","0","0","","","","","","0.025","Mon, 25 Apr 2022 14:45:21 GMT","","","","","1.1","","","","","","https://www.bowlerhat.co.uk/wp-content/uploads/2018/02/How-to-choose-your-WordPress-Theme-1.jpg","2026-07-30 14:26:42"
"https://www.bowlerhat.co.uk/wp-content/uploads/2017/07/yoast-screenshot-1.png","image/png","200","OK","Indexable","","","0","0","","0","0","","0","0","","0","","0","","0","","0","","0","","","","","","","","","","63055","63055","63055","24.155","","0","","","","","0.000","5","4","","0","0","0","0.000","0","0","0","0","0","0","","","","","","0.048","Mon, 25 Apr 2022 14:45:21 GMT","","","","","1.1","","","","","","https://www.bowlerhat.co.uk/wp-content/uploads/2017/07/yoast-screenshot-1.png","2026-07-30 14:26:42"
"https://www.bowlerhat.co.uk/tag/wordpress/page/2/","text/html; charset=UTF-8","200","OK","Indexable","","wordpress Archives - Page 2 of 2 - Bowler Hat","45","406","","0","0","","0","0","","0","","0","","0","wordpress","9","","0","index, follow, max-image-preview:large, max-snippet:-1, max-video-preview:-1","","","https://www.bowlerhat.co.uk/tag/wordpress/page/2/","","https://www.bowlerhat.co.uk/tag/wordpress/","","","","114534","21219","21219","8.129","","223","41","5.439","83.709","Easy","2.275","5","4","","5","2","0","0.300","76","40","0","8","4","0","","","","","a2b8b94e9d08a0e70abbee2ad1cb0ba9","0.057","Thu, 30 Jul 2026 13:22:59 GMT","","","","en-US","1.1","","","","","","https://www.bowlerhat.co.uk/tag/wordpress/page/2/","2026-07-30 14:26:42"
"https://www.bowlerhat.co.uk/wp-content/uploads/2017/07/yoast-screenshot-2.png","image/png","200","OK","Indexable","","","0","0","","0","0","","0","0","","0","","0","","0","","0","","0","","","","","","","","","","14703","14703","14703","5.632","","0","","","","","0.000","5","4","","0","0","0","0.000","0","0","0","0","0","0","","","","","","0.023","Mon, 25 Apr 2022 14:45:21 GMT","","","","","1.1","","","","","","https://www.bowlerhat.co.uk/wp-content/uploads/2017/07/yoast-screenshot-2.png","2026-07-30 14:26:42"
"https://www.bowlerhat.co.uk/2017/07/07/","text/html; charset=UTF-8","200","OK","Non-Indexable","noindex","July 7, 2017 - Bowler Hat","25","219","","0","0","","0","0","","0","","0","","0","July 7, 2017","12","","0","noindex, follow","","","","","","","","","108047","20358","20358","7.799","","142","27","5.259","86.512","Easy","1.938","5","3","","4","2","0","0.300","68","37","0","8","4","0","","","","","322488f04df7154156b0a675a53c4f75","0.081","Thu, 30 Jul 2026 13:22:59 GMT","","","","en-US","1.1","","","","","","https://www.bowlerhat.co.uk/2017/07/07/","2026-07-30 14:26:42"
"https://www.bowlerhat.co.uk/wp-content/uploads/2017/07/yoast-screenshot-3.png","image/png","200","OK","Indexable","","","0","0","","0","0","","0","0","","0","","0","","0","","0","","0","","","","","","","","","","20841","20841","20841","7.984","","0","","","","","0.000","5","4","","0","0","0","0.000","0","0","0","0","0","0","","","","","","0.084","Mon, 25 Apr 2022 14:45:21 GMT","","","","","1.1","","","","","","https://www.bowlerhat.co.uk/wp-content/uploads/2017/07/yoast-screenshot-3.png","2026-07-30 14:26:42"
"https://www.bowlerhat.co.uk/2017/03/17/","text/html; charset=UTF-8","200","OK","Non-Indexable","noindex","March 17, 2017 - Bowler Hat","27","250","","0","0","","0","0","","0","","0","","0","March 17, 2017","14","","0","noindex, follow","","","","","","","","","107991","20359","20359","7.799","","141","26","5.423","89.131","Easy","1.919","5","3","","4","2","0","0.300","68","37","0","8","4","0","","","","","bea65929ff8e82181dc0a769df83d423","0.033","Thu, 30 Jul 2026 13:23:00 GMT","","","","en-US","1.1","","","","","","https://www.bowlerhat.co.uk/2017/03/17/","2026-07-30 14:26:42"
"https://www.bowlerhat.co.uk/tag/web-design/page/2/","text/html; charset=UTF-8","200","OK","Indexable","","web design Archives - Page 2 of 2 - Bowler Hat","46","414","","0","0","","0","0","","0","","0","","0","web design","10","","0","index, follow, max-image-preview:large, max-snippet:-1, max-video-preview:-1","","","https://www.bowlerhat.co.uk/tag/web-design/page/2/","","https://www.bowlerhat.co.uk/tag/web-design/","","","","127590","22731","22731","8.708","","435","69","6.304","82.969","Easy","2.985","5","4","","5","2","0","0.300","91","45","0","8","4","0","","","","","61799a42ad86ae9375c0b2b787b5ba2d","0.033","Thu, 30 Jul 2026 13:23:00 GMT","","","","en-US","1.1","","","","","","https://www.bowlerhat.co.uk/tag/web-design/page/2/","2026-07-30 14:26:42"
"https://www.bowlerhat.co.uk/2016/08/31/","text/html; charset=UTF-8","200","OK","Non-Indexable","noindex","August 31, 2016 - Bowler Hat","28","257","","0","0","","0","0","","0","","0","","0","August 31, 2016","15","","0","noindex, follow","","","","","","","","","107573","20305","20305","7.778","","138","27","5.111","86.395","Easy","1.910","5","3","","4","2","0","0.300","68","37","0","8","4","0","","","","","b0883c370780a39546cac1121f8fd7b8","0.032","Thu, 30 Jul 2026 13:23:00 GMT","","","","en-US","1.1","","","","","","https://www.bowlerhat.co.uk/2016/08/31/","2026-07-30 14:26:42"
"https://www.bowlerhat.co.uk/2012/11/20/","text/html; charset=UTF-8","200","OK","Non-Indexable","noindex","November 20, 2012 - Bowler Hat","30","287","","0","0","","0","0","","0","","0","","0","November 20, 2012","17","","0","noindex, follow","","","","","","","","","107543","20283","20283","7.770","","138","26","5.308","86.196","Easy","1.922","5","3","","4","2","0","0.300","68","37","0","8","4","0","","","","","d6b969bd6e8c6a6134fd8b510f690c5d","0.033","Thu, 30 Jul 2026 13:23:00 GMT","","","","en-US","1.1","","","","","","https://www.bowlerhat.co.uk/2012/11/20/","2026-07-30 14:26:42"
"https://www.bowlerhat.co.uk/wp2/wp-content/uploads/2012/11/wordpress-logo.png","image/png","200","OK","Indexable","","","0","0","","0","0","","0","0","","0","","0","","0","","0","","0","","","","","","","","","","4563","4563","4563","1.748","","0","","","","","0.000","5","5","","0","0","0","0.000","0","0","0","0","0","0","","","","","","0.025","Mon, 25 Apr 2022 14:45:19 GMT","","","","","1.1","","","","","","https://www.bowlerhat.co.uk/wp2/wp-content/uploads/2012/11/wordpress-logo.png","2026-07-30 14:26:42"
"https://www.bowlerhat.co.uk/wp2/wp-content/uploads/2012/11/wordpress-permalink-setting.jpg","image/jpeg","200","OK","Indexable","","","0","0","","0","0","","0","0","","0","","0","","0","","0","","0","","","","","","","","","","44485","44485","44485","17.041","","0","","","","","0.000","5","5","","0","0","0","0.000","0","0","0","0","0","0","","","","","","0.059","Mon, 25 Apr 2022 14:45:19 GMT","","","","","1.1","","","","","","https://www.bowlerhat.co.uk/wp2/wp-content/uploads/2012/11/wordpress-permalink-setting.jpg","2026-07-30 14:26:42"
"https://www.bowlerhat.co.uk/tag/daily-insights/","text/html; charset=UTF-8","200","OK","Indexable","","Daily Insights Archives - Bowler Hat","36","314","","0","0","","0","0","","0","","0","","0","Daily Insights","14","","0","index, follow, max-image-preview:large, max-snippet:-1, max-video-preview:-1","","","https://www.bowlerhat.co.uk/tag/daily-insights/","","","","","","108053","20396","20396","7.813","","138","26","5.308","82.517","Easy","1.918","5","2","","4","2","0","0.300","68","37","0","8","4","0","","","","","5942421e48b79bf4eaf57a4ae43bd38","0.048","Thu, 30 Jul 2026 13:23:00 GMT","","","","en-US","1.1","","","","","","https://www.bowlerhat.co.uk/tag/daily-insights/","2026-07-30 14:26:42"
"https://www.bowlerhat.co.uk/2016/08/12/","text/html; charset=UTF-8","200","OK","Non-Indexable","noindex","August 12, 2016 - Bowler Hat","28","257","","0","0","","0","0","","0","","0","","0","August 12, 2016","15","","0","noindex, follow","","","","","","","","","107525","20294","20294","7.774","","137","27","5.074","84.974","Easy","1.917","5","3","","4","2","0","0.300","68","37","0","8","4","0","","","","","90bd3261fe714b70763272bb1e8c18b7","0.034","Thu, 30 Jul 2026 13:23:00 GMT","","","","en-US","1.1","","","","","","https://www.bowlerhat.co.uk/2016/08/12/","2026-07-30 14:26:42"
"https://www.bowlerhat.co.uk/2018/06/15/","text/html; charset=UTF-8","200","OK","Non-Indexable","noindex","June 15, 2018 - Bowler Hat","26","238","","0","0","","0","0","","0","","0","","0","June 15, 2018","13","","0","noindex, follow","","","","","","","","","108077","20409","20409","7.818","","140","27","5.185","84.341","Easy","1.938","5","3","","4","2","0","0.300","68","37","0","8","4","0","","","","","801cd6dad9efad31e6bbc5a8558e65d9","0.034","Thu, 30 Jul 2026 13:23:00 GMT","","","","en-US","1.1","","","","","","https://www.bowlerhat.co.uk/2018/06/15/","2026-07-30 14:26:42"
"https://www.bowlerhat.co.uk/wp-content/uploads/2018/08/pasted-image-0-11.png","image/png","200","OK","Indexable","","","0","0","","0","0","","0","0","","0","","0","","0","","0","","0","","","","","","","","","","71830","71830","71830","27.517","","0","","","","","0.000","5","4","","0","0","0","0.000","0","0","0","0","0","0","","","","","","0.037","Mon, 25 Apr 2022 14:45:21 GMT","","","","","1.1","","","","","","https://www.bowlerhat.co.uk/wp-content/uploads/2018/08/pasted-image-0-11.png","2026-07-30 14:26:43"
"https://www.bowlerhat.co.uk/2018/08/03/","text/html; charset=UTF-8","200","OK","Non-Indexable","noindex","August 3, 2018 - Bowler Hat","27","246","","0","0","","0","0","","0","","0","","0","August 3, 2018","14","","0","noindex, follow","","","","","","","","","107248","20239","20239","7.753","","139","27","5.148","84.752","Easy","1.939","5","3","","4","2","0","0.300","68","37","0","8","4","0","","","","","b72d14ec4fff21609fb04002292d9eb6","0.050","Thu, 30 Jul 2026 13:23:01 GMT","","","","en-US","1.1","","","","","","https://www.bowlerhat.co.uk/2018/08/03/","2026-07-30 14:26:43"
"https://www.bowlerhat.co.uk/wp-content/uploads/2018/08/example-2.png","image/png","200","OK","Indexable","","","0","0","","0","0","","0","0","","0","","0","","0","","0","","0","","","","","","","","","","662658","662658","662658","253.852","","0","","","","","0.000","5","4","","0","0","0","0.000","0","0","0","0","0","0","","","","","","0.026","Mon, 25 Apr 2022 14:45:21 GMT","","","","","1.1","","","","","","https://www.bowlerhat.co.uk/wp-content/uploads/2018/08/example-2.png","2026-07-30 14:26:43"
"https://www.bowlerhat.co.uk/2018/05/11/","text/html; charset=UTF-8","200","OK","Non-Indexable","noindex","May 11, 2018 - Bowler Hat","25","231","","0","0","","0","0","","0","","0","","0","May 11, 2018","12","","0","noindex, follow","","","","","","","","","107469","20263","20263","7.762","","139","27","5.148","89.621","Easy","1.915","5","3","","4","2","0","0.300","68","37","0","8","4","0","","","","","9f123b509bfbb2fda832c857163cab7","0.065","Thu, 30 Jul 2026 13:23:01 GMT","","","","en-US","1.1","","","","","","https://www.bowlerhat.co.uk/2018/05/11/","2026-07-30 14:26:43"
"https://www.bowlerhat.co.uk/wp-content/uploads/2020/01/image2.jpg","image/jpeg","200","OK","Indexable","","","0","0","","0","0","","0","0","","0","","0","","0","","0","","0","","","","","","","","","","50765","50765","50765","19.447","","0","","","","","0.000","5","4","","0","0","0","0.000","0","0","0","0","0","0","","","","","","0.020","Mon, 25 Apr 2022 14:45:20 GMT","","","","","1.1","","","","","","https://www.bowlerhat.co.uk/wp-content/uploads/2020/01/image2.jpg","2026-07-30 14:26:43"
"https://www.bowlerhat.co.uk/wp-content/uploads/2020/01/image1.jpg","image/jpeg","200","OK","Indexable","","","0","0","","0","0","","0","0","","0","","0","","0","","0","","0","","","","","","","","","","40460","40460","40460","15.499","","0","","","","","0.000","5","4","","0","0","0","0.000","0","0","0","0","0","0","","","","","","0.051","Mon, 25 Apr 2022 14:45:20 GMT","","","","","1.1","","","","","","https://www.bowlerhat.co.uk/wp-content/uploads/2020/01/image1.jpg","2026-07-30 14:26:43"
"https://www.bowlerhat.co.uk/author/guest/","text/html; charset=UTF-8","200","OK","Indexable","","Guest, Author at Bowler Hat","27","248","","0","0","","0","0","","0","","0","","0","Guest","5","","0","index, follow, max-image-preview:large, max-snippet:-1, max-video-preview:-1","","","https://www.bowlerhat.co.uk/author/guest/","","","","","","108771","20571","20571","7.880","","135","27","5.000","80.813","Easy","1.900","5","2","","7","2","0","0.300","68","37","0","8","4","0","","","","","f15d5704b581ca54424e5e80a2b63a5b","0.052","Thu, 30 Jul 2026 13:23:01 GMT","","","","en-US","1.1","","","","","","https://www.bowlerhat.co.uk/author/guest/","2026-07-30 14:26:43"
"https://www.bowlerhat.co.uk/2020/01/30/","text/html; charset=UTF-8","200","OK","Non-Indexable","noindex","January 30, 2020 - Bowler Hat","29","265","","0","0","","0","0","","0","","0","","0","January 30, 2020","16","","0","noindex, follow","","","","","","","","","107448","20255","20255","7.759","","137","27","5.074","81.269","Easy","1.933","5","3","","4","2","0","0.300","68","37","0","8","4","0","","","","","d2d4d905c3d9a9790e2c857a1a063199","0.066","Thu, 30 Jul 2026 13:23:01 GMT","","","","en-US","1.1","","","","","","https://www.bowlerhat.co.uk/2020/01/30/","2026-07-30 14:26:43"
"https://www.bowlerhat.co.uk/wp-content/uploads/2020/01/image3.png","image/png","200","OK","Indexable","","","0","0","","0","0","","0","0","","0","","0","","0","","0","","0","","","","","","","","","","240360","240360","240360","92.077","","0","","","","","0.000","5","4","","0","0","0","0.000","0","0","0","0","0","0","","","","","","0.022","Mon, 25 Apr 2022 14:45:20 GMT","","","","","1.1","","","","","","https://www.bowlerhat.co.uk/wp-content/uploads/2020/01/image3.png","2026-07-30 14:26:44"
"https://www.bowlerhat.co.uk/wp-content/uploads/2020/01/larry-kim-square-640.jpg","image/jpeg","200","OK","Indexable","","","0","0","","0","0","","0","0","","0","","0","","0","","0","","0","","","","","","","","","","33990","33990","33990","13.021","","0","","","","","0.000","5","4","","0","0","0","0.000","0","0","0","0","0","0","","","","","","0.033","Mon, 25 Apr 2022 14:45:20 GMT","","","","","1.1","","","","","","https://www.bowlerhat.co.uk/wp-content/uploads/2020/01/larry-kim-square-640.jpg","2026-07-30 14:26:44"
"https://www.bowlerhat.co.uk/2015/11/03/","text/html; charset=UTF-8","200","OK","Non-Indexable","noindex","November 3, 2015 - Bowler Hat","29","276","","0","0","","0","0","","0","","0","","0","November 3, 2015","16","","0","noindex, follow","","","","","","","","","107543","20272","20272","7.766","","137","27","5.074","84.974","Easy","1.924","5","3","","4","2","0","0.300","68","37","0","8","4","0","","","","","5af12e8f189e14c265881e5d5351f65b","0.069","Thu, 30 Jul 2026 13:23:02 GMT","","","","en-US","1.1","","","","","","https://www.bowlerhat.co.uk/2015/11/03/","2026-07-30 14:26:44"
"https://www.bowlerhat.co.uk/2013/05/14/","text/html; charset=UTF-8","200","OK","Non-Indexable","noindex","May 14, 2013 - Bowler Hat","25","231","","0","0","","0","0","","0","","0","","0","May 14, 2013","12","","0","noindex, follow","","","","","","","","","107377","20235","20235","7.752","","138","26","5.308","89.874","Easy","1.904","5","3","","4","2","0","0.300","68","37","0","8","4","0","","","","","8313a4006b63277f364c1e6f84dbaeaf","0.069","Thu, 30 Jul 2026 13:23:02 GMT","","","","en-US","1.1","","","","","","https://www.bowlerhat.co.uk/2013/05/14/","2026-07-30 14:26:44"
"https://www.bowlerhat.co.uk/seoing-yourself-in-the-foot/","text/html; charset=UTF-8","200","OK","Indexable","","SEO'ing Yourself in the Foot - Bowler Hat","41","360","Low quality SEO? Are your rankings tanking? Did you build crappy links and litter the web with tons of spammy articles? You just SEO'd yourself in the foot!","156","950","","0","0","","0","SEO’ing Yourself in the Foot","28","","0","Leave a Reply Cancel reply","26","","0","index, follow, max-image-preview:large, max-snippet:-1, max-video-preview:-1","","","https://www.bowlerhat.co.uk/seoing-yourself-in-the-foot/","","","","","","129408","26376","26376","10.104","","1208","152","7.947","84.054","Easy","6.023","5","1","","12","5","0","0.740","80","45","0","10","6","0","","","","","5893377eddd490e1d5aba14a0f8627f1","0.058","","","","","en-US","1.1","","","","","","https://www.bowlerhat.co.uk/seoing-yourself-in-the-foot/","2026-07-30 14:26:44"
"https://www.bowlerhat.co.uk/2013/11/01/","text/html; charset=UTF-8","200","OK","Non-Indexable","noindex","November 1, 2013 - Bowler Hat","29","276","","0","0","","0","0","","0","","0","","0","November 1, 2013","16","","0","noindex, follow","","","","","","","","","107535","20291","20291","7.773","","138","27","5.111","81.491","Easy","1.930","5","3","","4","2","0","0.300","68","37","0","8","4","0","","","","","5d861dfa2fc42712e2ec42f21e6aa0de","0.033","Thu, 30 Jul 2026 13:23:02 GMT","","","","en-US","1.1","","","","","","https://www.bowlerhat.co.uk/2013/11/01/","2026-07-30 14:26:44"
"https://www.bowlerhat.co.uk/fix-street-view-images/","text/html; charset=UTF-8","200","OK","Indexable","","How to Fix an Incorrect Google Street View Image - Bowler Hat","61","557","Details of how to update the street view image for your business location in Google Maps by Marcus Miller from Bowler Hat.","122","760","","0","0","","0","How to Fix an Incorrect Google Street View Image","48","","0","","0","How Wrong Can It Be?","20","index, follow, max-image-preview:large, max-snippet:-1, max-video-preview:-1","","","https://www.bowlerhat.co.uk/fix-street-view-images/","","","","","","162378","30837","30837","11.813","","1829","318","5.752","86.378","Easy","7.657","5","1","","52","5","0","0.740","121","45","0","18","13","0","","","","","113193d983dd1f191b04664d9a7407f2","0.067","","","","","en-US","1.1","","","","","","https://www.bowlerhat.co.uk/fix-street-view-images/","2026-07-30 14:26:44"
"https://www.bowlerhat.co.uk/wp2/wp-content/uploads/2013/07/mod-rewrite-rules.png","image/png","200","OK","Indexable","","","0","0","","0","0","","0","0","","0","","0","","0","","0","","0","","","","","","","","","","19993","19993","19993","7.659","","0","","","","","0.000","5","5","","0","0","0","0.000","0","0","0","0","0","0","","","","","","0.017","Mon, 25 Apr 2022 14:45:19 GMT","","","","","1.1","","","","","","https://www.bowlerhat.co.uk/wp2/wp-content/uploads/2013/07/mod-rewrite-rules.png","2026-07-30 14:26:44"
"https://www.bowlerhat.co.uk/is-google-reducing-the-importance-of-links-for-seo/","text/html; charset=UTF-8","200","OK","Indexable","","Is Google Reducing the Importance of Links for SEO? - Bowler Hat","64","581","Is Google reducing the importance of links for SEO? Do links even help with search ranking at all any longer? Some thoughts on the state of links today.","152","926","","0","0","","0","Is Google Reducing the Importance of Links for SEO?","51","","0","One Response","12","Leave a Reply Cancel reply","26","index, follow, max-image-preview:large, max-snippet:-1, max-video-preview:-1","","","https://www.bowlerhat.co.uk/is-google-reducing-the-importance-of-links-for-seo/","","","","","","134270","27804","27804","10.651","","1717","209","8.215","79.554","Fairly Easy","8.180","5","1","","14","5","0","0.740","78","43","0","11","7","0","","","","","b118b1fd2fb0e77c1f4c7fb3c522b6e","0.050","","","","","en-US","1.1","","","","","","https://www.bowlerhat.co.uk/is-google-reducing-the-importance-of-links-for-seo/","2026-07-30 14:26:44"
"https://www.bowlerhat.co.uk/2013/07/19/","text/html; charset=UTF-8","200","OK","Non-Indexable","noindex","July 19, 2013 - Bowler Hat","26","230","","0","0","","0","0","","0","","0","","0","July 19, 2013","13","","0","noindex, follow","","","","","","","","","107445","20260","20260","7.761","","138","26","5.308","90.487","Very Easy","1.894","5","3","","4","2","0","0.300","68","37","0","8","4","0","","","","","9946798f34311c4a96864f8c00cf1698","0.032","Thu, 30 Jul 2026 13:23:02 GMT","","","","en-US","1.1","","","","","","https://www.bowlerhat.co.uk/2013/07/19/","2026-07-30 14:26:44"
"https://www.bowlerhat.co.uk/2013/05/28/","text/html; charset=UTF-8","200","OK","Non-Indexable","noindex","May 28, 2013 - Bowler Hat","25","231","","0","0","","0","0","","0","","0","","0","May 28, 2013","12","","0","noindex, follow","","","","","","","","","107460","20255","20255","7.759","","138","27","5.111","86.395","Easy","1.925","5","3","","4","2","0","0.300","68","37","0","8","4","0","","","","","226c14efe6424f3a22001e3daf581c43","0.050","Thu, 30 Jul 2026 13:23:02 GMT","","","","en-US","1.1","","","","","","https://www.bowlerhat.co.uk/2013/05/28/","2026-07-30 14:26:44"
"https://www.bowlerhat.co.uk/wordpress-database-widgetkit-problems-solutions/","text/html; charset=UTF-8","200","OK","Indexable","","WordPress Database & WidgetKit - Problems & Solutions - Bowler Hat","66","619","Identify and master problems with Wordpress database and widgetkit with our blog. Read on to find out more.","107","679","","0","0","","0","WordPress Database & WidgetKit – Problems & Solutions","53","","0","Widgetkit Problems Moving WordPress to another directory","56","Broken Link Hell","16","index, follow, max-image-preview:large, max-snippet:-1, max-video-preview:-1","","","https://www.bowlerhat.co.uk/wordpress-database-widgetkit-problems-solutions/","","","","","","129783","25638","25638","9.821","","715","153","4.673","76.316","Fairly Easy","4.431","5","1","","16","5","0","0.740","77","40","0","10","6","0","","","","","fe05a690767c6bb7177afcbff3830107","0.073","","","","","en-US","1.1","","","","","","https://www.bowlerhat.co.uk/wordpress-database-widgetkit-problems-solutions/","2026-07-30 14:26:44"
"https://www.bowlerhat.co.uk/2013/05/16/","text/html; charset=UTF-8","200","OK","Non-Indexable","noindex","May 16, 2013 - Bowler Hat","25","231","","0","0","","0","0","","0","","0","","0","May 16, 2013","12","","0","noindex, follow","","","","","","","","","107398","20249","20249","7.757","","137","26","5.269","88.481","Easy","1.913","5","3","","4","2","0","0.300","68","37","0","8","4","0","","","","","575d8e391df9f466709ee0406e841e5","0.035","Thu, 30 Jul 2026 13:23:02 GMT","","","","en-US","1.1","","","","","","https://www.bowlerhat.co.uk/2013/05/16/","2026-07-30 14:26:44"
"https://www.bowlerhat.co.uk/wp-content/uploads/tripadvisor.jpg","image/jpeg","200","OK","Indexable","","","0","0","","0","0","","0","0","","0","","0","","0","","0","","0","","","","","","","","","","28702","28702","28702","10.995","","0","","","","","0.000","5","2","","0","0","0","0.000","0","0","0","0","0","0","","","","","","0.017","Mon, 25 Apr 2022 14:45:20 GMT","","","","","1.1","","","","","","https://www.bowlerhat.co.uk/wp-content/uploads/tripadvisor.jpg","2026-07-30 14:26:44"
"https://www.bowlerhat.co.uk/2015/09/14/","text/html; charset=UTF-8","200","OK","Non-Indexable","noindex","September 14, 2015 - Bowler Hat","31","293","","0","0","","0","0","","0","","0","","0","September 14, 2015","18","","0","noindex, follow","","","","","","","","","107454","20284","20284","7.770","","137","27","5.074","83.739","Easy","1.913","5","3","","4","2","0","0.300","68","37","0","8","4","0","","","","","2fa7d7ac37ab005cdab6c3eab0fc2e4e","0.033","Thu, 30 Jul 2026 13:23:03 GMT","","","","en-US","1.1","","","","","","https://www.bowlerhat.co.uk/2015/09/14/","2026-07-30 14:26:44"
"https://www.bowlerhat.co.uk/2012/10/11/","text/html; charset=UTF-8","200","OK","Non-Indexable","noindex","October 11, 2012 - Bowler Hat","29","265","","0","0","","0","0","","0","","0","","0","October 11, 2012","16","","0","noindex, follow","","","","","","","","","107645","20304","20304","7.778","","142","26","5.462","87.499","Easy","1.938","5","3","","4","2","0","0.300","68","37","0","8","4","0","","","","","ada0b2805b1c2074f1b04318f27ae897","0.027","Thu, 30 Jul 2026 13:23:02 GMT","","","","en-US","1.1","","","","","","https://www.bowlerhat.co.uk/2012/10/11/","2026-07-30 14:26:44"
"https://www.bowlerhat.co.uk/wp-content/uploads/how-old-is-answer.jpg","image/jpeg","200","OK","Indexable","","","0","0","","0","0","","0","0","","0","","0","","0","","0","","0","","","","","","","","","","25952","25952","25952","9.942","","0","","","","","0.000","5","2","","0","0","0","0.000","0","0","0","0","0","0","","","","","","0.051","Mon, 25 Apr 2022 14:45:20 GMT","","","","","1.1","","","","","","https://www.bowlerhat.co.uk/wp-content/uploads/how-old-is-answer.jpg","2026-07-30 14:26:44"
"https://www.bowlerhat.co.uk/on-page-seo-strategies-for-2013-and-beyond/","text/html; charset=UTF-8","200","OK","Indexable","","On Page SEO Strategies for 2013 and beyond - Bowler Hat","55","515","On page SEO is maturing and in 2012 and beyond into 2013 there is more for us to do to win those click and turn that traffic organic traffic into business.","155","940","","0","0","","0","On Page SEO Strategies for 2013 and beyond","42","","0","Leave a Reply Cancel reply","26","","0","index, follow, max-image-preview:large, max-snippet:-1, max-video-preview:-1","","","https://www.bowlerhat.co.uk/on-page-seo-strategies-for-2013-and-beyond/","","","","","","125261","24666","24666","9.449","","654","92","7.109","84.879","Easy","3.898","5","1","","12","5","0","0.740","73","40","0","10","6","0","","","","","77d8c31027295ac73b4dd22680fdf157","0.063","","","","","en-US","1.1","","","","","","https://www.bowlerhat.co.uk/on-page-seo-strategies-for-2013-and-beyond/","2026-07-30 14:26:44"
"https://www.bowlerhat.co.uk/2016/10/02/","text/html; charset=UTF-8","200","OK","Non-Indexable","noindex","October 2, 2016 - Bowler Hat","28","254","","0","0","","0","0","","0","","0","","0","October 2, 2016","15","","0","noindex, follow","","","","","","","","","107503","20283","20283","7.770","","137","27","5.074","81.886","Easy","1.939","5","3","","4","2","0","0.300","68","37","0","8","4","0","","","","","d30c637f5535306f899ba1e7d9eccdfa","0.044","Thu, 30 Jul 2026 13:23:02 GMT","","","","en-US","1.1","","","","","","https://www.bowlerhat.co.uk/2016/10/02/","2026-07-30 14:26:44"
"https://www.bowlerhat.co.uk/2018/06/29/","text/html; charset=UTF-8","200","OK","Non-Indexable","noindex","June 29, 2018 - Bowler Hat","26","238","","0","0","","0","0","","0","","0","","0","June 29, 2018","13","","0","noindex, follow","","","","","","","","","107597","20306","20306","7.779","","140","27","5.185","94.009","Very Easy","1.908","5","3","","4","2","0","0.300","68","37","0","8","4","0","","","","","1f8b6ce6602a3600ec663ae4c11dbe8c","0.041","Thu, 30 Jul 2026 13:23:02 GMT","","","","en-US","1.1","","","","","","https://www.bowlerhat.co.uk/2018/06/29/","2026-07-30 14:26:44"
"https://www.bowlerhat.co.uk/2016/12/16/","text/html; charset=UTF-8","200","OK","Non-Indexable","noindex","December 16, 2016 - Bowler Hat","30","286","","0","0","","0","0","","0","","0","","0","December 16, 2016","17","","0","noindex, follow","","","","","","","","","107750","20288","20288","7.772","","141","26","5.423","84.331","Easy","1.937","5","3","","4","2","0","0.300","68","37","0","8","4","0","","","","","9ea837ffc1bf71818788d1018e6086e0","0.056","Thu, 30 Jul 2026 13:23:02 GMT","","","","en-US","1.1","","","","","","https://www.bowlerhat.co.uk/2016/12/16/","2026-07-30 14:26:44"
"https://www.bowlerhat.co.uk/wp-content/uploads/screenshot4.png","image/png","200","OK","Indexable","","","0","0","","0","0","","0","0","","0","","0","","0","","0","","0","","","","","","","","","","20551","20551","20551","7.873","","0","","","","","0.000","5","2","","0","0","0","0.000","0","0","0","0","0","0","","","","","","0.018","Mon, 25 Apr 2022 14:45:20 GMT","","","","","1.1","","","","","","https://www.bowlerhat.co.uk/wp-content/uploads/screenshot4.png","2026-07-30 14:26:44"
"https://www.bowlerhat.co.uk/how-to-show-google-reviews-in-google-search-results/","text/html; charset=UTF-8","200","OK","Indexable","","How To Show Google+ Reviews In Local, Organic & PPC - Bowler Hat","64","607","With the recent update from Google allowing you to display Google+ reviews in PPC search ads, I thought I would show you how to display them in PPC, Local & Orangic","164","1034","","0","0","","0","How To Show Google+ Reviews In Local, Organic & PPC","51","","0","Leave a Reply Cancel reply","26","","0","index, follow, max-image-preview:large, max-snippet:-1, max-video-preview:-1","","","https://www.bowlerhat.co.uk/how-to-show-google-reviews-in-google-search-results/","","","","","","125770","24361","24361","9.332","","602","95","6.337","87.697","Easy","3.652","5","1","","13","6","0","0.890","74","41","0","9","5","0","","","","","befc5cec04aeaaf485e27668310c048a","0.041","","","","","en-US","1.1","","","","","","https://www.bowlerhat.co.uk/how-to-show-google-reviews-in-google-search-results/","2026-07-30 14:26:44"
"https://www.bowlerhat.co.uk/wp-content/uploads/screenshot.png","image/png","200","OK","Indexable","","","0","0","","0","0","","0","0","","0","","0","","0","","0","","0","","","","","","","","","","7826","7826","7826","2.998","","0","","","","","0.000","5","2","","0","0","0","0.000","0","0","0","0","0","0","","","","","","0.037","Mon, 25 Apr 2022 14:45:20 GMT","","","","","1.1","","","","","","https://www.bowlerhat.co.uk/wp-content/uploads/screenshot.png","2026-07-30 14:26:44"
"https://www.bowlerhat.co.uk/wp-content/uploads/screenshot2.png","image/png","200","OK","Indexable","","","0","0","","0","0","","0","0","","0","","0","","0","","0","","0","","","","","","","","","","12725","12725","12725","4.875","","0","","","","","0.000","5","2","","0","0","0","0.000","0","0","0","0","0","0","","","","","","0.021","Mon, 25 Apr 2022 14:45:20 GMT","","","","","1.1","","","","","","https://www.bowlerhat.co.uk/wp-content/uploads/screenshot2.png","2026-07-30 14:26:44"
"https://www.bowlerhat.co.uk/2017/03/24/","text/html; charset=UTF-8","200","OK","Non-Indexable","noindex","March 24, 2017 - Bowler Hat","27","250","","0","0","","0","0","","0","","0","","0","March 24, 2017","14","","0","noindex, follow","","","","","","","","","107878","20335","20335","7.790","","142","27","5.259","85.321","Easy","1.950","5","3","","4","2","0","0.300","68","37","0","8","4","0","","","","","87ee6cad4136030d88f51504e1305dd4","0.080","Thu, 30 Jul 2026 13:23:02 GMT","","","","en-US","1.1","","","","","","https://www.bowlerhat.co.uk/2017/03/24/","2026-07-30 14:26:44"
"https://www.bowlerhat.co.uk/2016/12/02/","text/html; charset=UTF-8","200","OK","Non-Indexable","noindex","December 2, 2016 - Bowler Hat","29","275","","0","0","","0","0","","0","","0","","0","December 2, 2016","16","","0","noindex, follow","","","","","","","","","107624","20302","20302","7.777","","138","26","5.308","82.517","Easy","1.927","5","3","","4","2","0","0.300","68","37","0","8","4","0","","","","","92c039b332209d76807c76401dbde3a0","0.043","Thu, 30 Jul 2026 13:23:02 GMT","","","","en-US","1.1","","","","","","https://www.bowlerhat.co.uk/2016/12/02/","2026-07-30 14:26:44"
"https://www.bowlerhat.co.uk/wp-content/uploads/Screen-Shot-2016-10-28-at-11.23.31.png","image/png","200","OK","Indexable","","","0","0","","0","0","","0","0","","0","","0","","0","","0","","0","","","","","","","","","","259191","259191","259191","99.291","","0","","","","","0.000","5","2","","0","0","0","0.000","0","0","0","0","0","0","","","","","","0.033","Mon, 25 Apr 2022 14:45:20 GMT","","","","","1.1","","","","","","https://www.bowlerhat.co.uk/wp-content/uploads/Screen-Shot-2016-10-28-at-11.23.31.png","2026-07-30 14:26:44"
"https://www.bowlerhat.co.uk/2016/10/28/","text/html; charset=UTF-8","200","OK","Non-Indexable","noindex","October 28, 2016 - Bowler Hat","29","265","","0","0","","0","0","","0","","0","","0","October 28, 2016","16","","0","noindex, follow","","","","","","","","","107252","20238","20238","7.753","","138","27","5.111","87.008","Easy","1.928","5","3","","4","2","0","0.300","68","37","0","8","4","0","","","","","fa9e39c2f1349ab7308b649d03d3053","0.041","Thu, 30 Jul 2026 13:23:03 GMT","","","","en-US","1.1","","","","","","https://www.bowlerhat.co.uk/2016/10/28/","2026-07-30 14:26:44"
"https://www.bowlerhat.co.uk/wp-content/uploads/Screen-Shot-2016-10-28-at-11.24.48.png","image/png","200","OK","Indexable","","","0","0","","0","0","","0","0","","0","","0","","0","","0","","0","","","","","","","","","","60279","60279","60279","23.092","","0","","","","","0.000","5","2","","0","0","0","0.000","0","0","0","0","0","0","","","","","","0.018","Mon, 25 Apr 2022 14:45:20 GMT","","","","","1.1","","","","","","https://www.bowlerhat.co.uk/wp-content/uploads/Screen-Shot-2016-10-28-at-11.24.48.png","2026-07-30 14:26:44"
"https://www.bowlerhat.co.uk/wp-content/uploads/Screen-Shot-2016-10-28-at-11.26.05.png","image/png","200","OK","Indexable","","","0","0","","0","0","","0","0","","0","","0","","0","","0","","0","","","","","","","","","","148295","148295","148295","56.809","","0","","","","","0.000","5","2","","0","0","0","0.000","0","0","0","0","0","0","","","","","","0.037","Mon, 25 Apr 2022 14:45:20 GMT","","","","","1.1","","","","","","https://www.bowlerhat.co.uk/wp-content/uploads/Screen-Shot-2016-10-28-at-11.26.05.png","2026-07-30 14:26:45"
"https://www.bowlerhat.co.uk/wp-content/uploads/Screen-Shot-2015-09-24-at-10.12.04.png","image/png","200","OK","Indexable","","","0","0","","0","0","","0","0","","0","","0","","0","","0","","0","","","","","","","","","","293214","293214","293214","112.325","","0","","","","","0.000","5","2","","1","1","0","0.150","0","0","0","0","0","0","","","","","","0.047","Mon, 25 Apr 2022 14:45:20 GMT","","","","","1.1","","","","","","https://www.bowlerhat.co.uk/wp-content/uploads/Screen-Shot-2015-09-24-at-10.12.04.png","2026-07-30 14:26:45"
"https://www.bowlerhat.co.uk/wp-content/uploads/Screen-Shot-2015-09-24-at-09.35.59.png","image/png","200","OK","Indexable","","","0","0","","0","0","","0","0","","0","","0","","0","","0","","0","","","","","","","","","","337108","337108","337108","129.140","","0","","","","","0.000","5","2","","1","1","0","0.150","0","0","0","0","0","0","","","","","","0.042","Mon, 25 Apr 2022 14:45:20 GMT","","","","","1.1","","","","","","https://www.bowlerhat.co.uk/wp-content/uploads/Screen-Shot-2015-09-24-at-09.35.59.png","2026-07-30 14:26:45"
"https://www.bowlerhat.co.uk/wp-content/uploads/Screen-Shot-2015-09-24-at-10.08.24.png","image/png","200","OK","Indexable","","","0","0","","0","0","","0","0","","0","","0","","0","","0","","0","","","","","","","","","","293937","293937","293937","112.602","","0","","","","","0.000","5","2","","1","1","0","0.150","0","0","0","0","0","0","","","","","","0.035","Mon, 25 Apr 2022 14:45:20 GMT","","","","","1.1","","","","","","https://www.bowlerhat.co.uk/wp-content/uploads/Screen-Shot-2015-09-24-at-10.08.24.png","2026-07-30 14:26:45"
"https://www.bowlerhat.co.uk/wp-content/uploads/Screen-Shot-2015-09-24-at-09.59.37.png","image/png","200","OK","Indexable","","","0","0","","0","0","","0","0","","0","","0","","0","","0","","0","","","","","","","","","","310060","310060","310060","118.778","","0","","","","","0.000","5","2","","1","1","0","0.150","0","0","0","0","0","0","","","","","","0.033","Mon, 25 Apr 2022 14:45:20 GMT","","","","","1.1","","","","","","https://www.bowlerhat.co.uk/wp-content/uploads/Screen-Shot-2015-09-24-at-09.59.37.png","2026-07-30 14:26:45"
"https://www.bowlerhat.co.uk/wp-content/uploads/Screen-Shot-2015-09-24-at-10.00.35.png","image/png","200","OK","Indexable","","","0","0","","0","0","","0","0","","0","","0","","0","","0","","0","","","","","","","","","","308533","308533","308533","118.193","","0","","","","","0.000","5","2","","1","1","0","0.150","0","0","0","0","0","0","","","","","","0.045","Mon, 25 Apr 2022 14:45:20 GMT","","","","","1.1","","","","","","https://www.bowlerhat.co.uk/wp-content/uploads/Screen-Shot-2015-09-24-at-10.00.35.png","2026-07-30 14:26:45"
"https://www.bowlerhat.co.uk/2015/11/18/","text/html; charset=UTF-8","200","OK","Non-Indexable","noindex","November 18, 2015 - Bowler Hat","30","287","","0","0","","0","0","","0","","0","","0","November 18, 2015","17","","0","noindex, follow","","","","","","","","","109953","20607","20607","7.894","","183","36","5.083","87.026","Easy","2.114","5","3","","5","3","0","0.450","71","38","0","8","4","0","","","","","54b8ca31600e72272b46b25f9198f900","0.076","Thu, 30 Jul 2026 13:23:03 GMT","","","","en-US","1.1","","","","","","https://www.bowlerhat.co.uk/2015/11/18/","2026-07-30 14:26:45"
"https://www.bowlerhat.co.uk/wp-content/uploads/Screen-Shot-2015-09-24-at-09.32.56.png","image/png","200","OK","Indexable","","","0","0","","0","0","","0","0","","0","","0","","0","","0","","0","","","","","","","","","","466683","466683","466683","178.777","","0","","","","","0.000","5","2","","1","1","0","0.150","0","0","0","0","0","0","","","","","","0.046","Mon, 25 Apr 2022 14:45:20 GMT","","","","","1.1","","","","","","https://www.bowlerhat.co.uk/wp-content/uploads/Screen-Shot-2015-09-24-at-09.32.56.png","2026-07-30 14:26:45"
"https://www.bowlerhat.co.uk/wp-content/uploads/Screen-Shot-2015-09-24-at-10.05.01.png","image/png","200","OK","Indexable","","","0","0","","0","0","","0","0","","0","","0","","0","","0","","0","","","","","","","","","","432010","432010","432010","165.495","","0","","","","","0.000","5","2","","1","1","0","0.150","0","0","0","0","0","0","","","","","","0.039","Mon, 25 Apr 2022 14:45:20 GMT","","","","","1.1","","","","","","https://www.bowlerhat.co.uk/wp-content/uploads/Screen-Shot-2015-09-24-at-10.05.01.png","2026-07-30 14:26:45"
"https://www.bowlerhat.co.uk/wp-content/uploads/Screen-Shot-2015-09-24-at-10.11.25.png","image/png","200","OK","Indexable","","","0","0","","0","0","","0","0","","0","","0","","0","","0","","0","","","","","","","","","","260913","260913","260913","99.951","","0","","","","","0.000","5","2","","1","1","0","0.150","0","0","0","0","0","0","","","","","","0.050","Mon, 25 Apr 2022 14:45:20 GMT","","","","","1.1","","","","","","https://www.bowlerhat.co.uk/wp-content/uploads/Screen-Shot-2015-09-24-at-10.11.25.png","2026-07-30 14:26:45"
"https://www.bowlerhat.co.uk/wp-content/uploads/Screen-Shot-2015-09-24-at-10.05.49.png","image/png","200","OK","Indexable","","","0","0","","0","0","","0","0","","0","","0","","0","","0","","0","","","","","","","","","","242544","242544","242544","92.914","","0","","","","","0.000","5","2","","1","1","0","0.150","0","0","0","0","0","0","","","","","","0.043","Mon, 25 Apr 2022 14:45:20 GMT","","","","","1.1","","","","","","https://www.bowlerhat.co.uk/wp-content/uploads/Screen-Shot-2015-09-24-at-10.05.49.png","2026-07-30 14:26:45"
"https://www.bowlerhat.co.uk/wp-content/uploads/Screen-Shot-2015-09-24-at-10.00.18.png","image/png","200","OK","Indexable","","","0","0","","0","0","","0","0","","0","","0","","0","","0","","0","","","","","","","","","","431029","431029","431029","165.119","","0","","","","","0.000","5","2","","1","1","0","0.150","0","0","0","0","0","0","","","","","","0.051","Mon, 25 Apr 2022 14:45:20 GMT","","","","","1.1","","","","","","https://www.bowlerhat.co.uk/wp-content/uploads/Screen-Shot-2015-09-24-at-10.00.18.png","2026-07-30 14:26:45"
"https://www.bowlerhat.co.uk/wp-content/uploads/Screen-Shot-2015-09-24-at-10.08.44.png","image/png","200","OK","Indexable","","","0","0","","0","0","","0","0","","0","","0","","0","","0","","0","","","","","","","","","","369925","369925","369925","141.711","","0","","","","","0.000","5","2","","1","1","0","0.150","0","0","0","0","0","0","","","","","","0.050","Mon, 25 Apr 2022 14:45:20 GMT","","","","","1.1","","","","","","https://www.bowlerhat.co.uk/wp-content/uploads/Screen-Shot-2015-09-24-at-10.08.44.png","2026-07-30 14:26:45"
"https://www.bowlerhat.co.uk/how-to-fix-yoast-index-issue/","text/html; charset=UTF-8","200","OK","Indexable","","How To Fix Yoast 3.0 Home Page Index Issue - Bowler Hat","55","516","Are you seeing ""Your Homepage can not be indexed by search engines""? Follow this simple 4 step guide to get your homepage index issue fixed .","141","882","","0","0","","0","How To Fix Yoast 3.0 Home Page Index Issue","42","","0","4 Responses","11","Leave a Reply Cancel reply","26","index, follow, max-image-preview:large, max-snippet:-1, max-video-preview:-1","","","https://www.bowlerhat.co.uk/how-to-fix-yoast-index-issue/","","","","","","130079","24872","24872","9.528","","450","94","4.787","96.884","Very Easy","3.006","5","1","","20","5","0","0.740","82","40","0","12","8","0","","","","","f9588822b5330f47e55bda925177cc07","0.081","","","","","en-US","1.1","","","","","","https://www.bowlerhat.co.uk/how-to-fix-yoast-index-issue/","2026-07-30 14:26:45"
"https://www.bowlerhat.co.uk/wp-content/uploads/homeserviceads.gif","image/gif","200","OK","Indexable","","","0","0","","0","0","","0","0","","0","","0","","0","","0","","0","","","","","","","","","","225519","225519","225519","86.392","","0","","","","","0.000","5","2","","0","0","0","0.000","0","0","0","0","0","0","","","","","","0.016","Mon, 25 Apr 2022 14:45:20 GMT","","","","","1.1","","","","","","https://www.bowlerhat.co.uk/wp-content/uploads/homeserviceads.gif","2026-07-30 14:26:45"
"https://www.bowlerhat.co.uk/2012/03/09/","text/html; charset=UTF-8","200","OK","Non-Indexable","noindex","March 9, 2012 - Bowler Hat","26","239","","0","0","","0","0","","0","","0","","0","March 9, 2012","13","","0","noindex, follow","","","","","","","","","112437","20672","20672","7.919","","222","37","6.000","89.469","Easy","2.245","5","3","","6","4","0","0.590","74","39","0","8","4","0","","","","","9734418c669ada79bed7050b8ccf3726","0.062","Thu, 30 Jul 2026 13:23:03 GMT","","","","en-US","1.1","","","","","","https://www.bowlerhat.co.uk/2012/03/09/","2026-07-30 14:26:45"
"https://www.bowlerhat.co.uk/wp-content/uploads/2021/12/SERPforPlasterers-146x300.png","image/png","200","OK","Indexable","","","0","0","","0","0","","0","0","","0","","0","","0","","0","","0","","","","","","","","","","25850","25850","25850","9.903","","0","","","","","0.000","5","4","","0","0","0","0.000","0","0","0","0","0","0","","","","","","0.017","Mon, 25 Apr 2022 14:45:20 GMT","","","","","1.1","","","","","","https://www.bowlerhat.co.uk/wp-content/uploads/2021/12/SERPforPlasterers-146x300.png","2026-07-30 14:26:45"
"https://www.bowlerhat.co.uk/2015/09/03/","text/html; charset=UTF-8","200","OK","Non-Indexable","noindex","September 3, 2015 - Bowler Hat","30","282","","0","0","","0","0","","0","","0","","0","September 3, 2015","17","","0","noindex, follow","","","","","","","","","107489","20260","20260","7.761","","139","27","5.148","89.621","Easy","1.921","5","3","","4","2","0","0.300","68","37","0","8","4","0","","","","","a4be6fd63df66b35f3ca2abcd018fe5b","0.049","Thu, 30 Jul 2026 13:23:03 GMT","","","","en-US","1.1","","","","","","https://www.bowlerhat.co.uk/2015/09/03/","2026-07-30 14:26:45"
"https://www.bowlerhat.co.uk/seo-birmingham/","text/html; charset=UTF-8","301","Moved Permanently","Non-Indexable","Redirected","","0","0","","0","0","","0","0","","0","","0","","0","","0","","0","","","","","","","","","","0","0","0","0.000","","0","","","","","0.000","5","1","","1","1","0","0.150","0","0","0","0","0","0","","","","","","0.020","","https://www.bowlerhat.co.uk/choose-a-local-seo-company/","HTTP Redirect","","","1.1","","","","","","https://www.bowlerhat.co.uk/seo-birmingham/","2026-07-30 14:26:45"
"https://www.bowlerhat.co.uk/how-to-merge-two-facebook-pages/","text/html; charset=UTF-8","200","OK","Indexable","","How to Merge Two Facebook Pages - Bowler Hat","44","434","Trying to master the art of social media? Read our blog to find the best social media tricks, starting with learning how to merge two Facebook pages.","149","913","","0","0","","0","How to Merge Two Facebook Pages","31","","0","Leave a Reply Cancel reply","26","","0","index, follow, max-image-preview:large, max-snippet:-1, max-video-preview:-1","","","https://www.bowlerhat.co.uk/how-to-merge-two-facebook-pages/","","","","","","125620","24470","24470","9.374","","554","89","6.225","85.375","Easy","3.483","5","1","","12","5","0","0.740","74","41","0","10","6","0","","","","","7ddf40b7958ecdd2d5c81cb51c7a5154","0.099","","","","","en-US","1.1","","","","","","https://www.bowlerhat.co.uk/how-to-merge-two-facebook-pages/","2026-07-30 14:26:45"
"https://www.bowlerhat.co.uk/wp-content/uploads/mapmaker.gif","image/gif","200","OK","Indexable","","","0","0","","0","0","","0","0","","0","","0","","0","","0","","0","","","","","","","","","","843265","843265","843265","323.039","","0","","","","","0.000","5","2","","0","0","0","0.000","0","0","0","0","0","0","","","","","","0.026","Mon, 25 Apr 2022 14:45:20 GMT","","","","","1.1","","","","","","https://www.bowlerhat.co.uk/wp-content/uploads/mapmaker.gif","2026-07-30 14:26:45"
"https://www.bowlerhat.co.uk/why-is-my-google-page-showing-as-permanently-closed/","text/html; charset=UTF-8","200","OK","Indexable","","Why Is My Google+ Page Showing As Permanently Closed? - Bowler Hat","66","636","Is your Google+ page displaying as closed? This simple guide will help you get your page pack up and running again in the quickest time possible.","145","888","","0","0","","0","Why Is My Google+ Page Showing As Permanently Closed?","53","","0","4 Responses","11","Leave a Reply Cancel reply","26","index, follow, max-image-preview:large, max-snippet:-1, max-video-preview:-1","","","https://www.bowlerhat.co.uk/why-is-my-google-page-showing-as-permanently-closed/","","","","","","132493","25637","25637","9.821","","722","128","5.641","84.170","Easy","4.124","5","1","","21","6","0","0.890","85","40","0","15","9","0","","","","","8790dc5f9182a10fd254b87808e23c0c","0.063","","","","","en-US","1.1","","","","","","https://www.bowlerhat.co.uk/why-is-my-google-page-showing-as-permanently-closed/","2026-07-30 14:26:45"
"https://www.bowlerhat.co.uk/tag/website-security/","text/html; charset=UTF-8","200","OK","Indexable","","Website Security Archives - Bowler Hat","38","346","","0","0","","0","0","","0","","0","","0","Website Security","16","","0","index, follow, max-image-preview:large, max-snippet:-1, max-video-preview:-1","","","https://www.bowlerhat.co.uk/tag/website-security/","","","","","","108374","20443","20443","7.831","","140","31","4.516","80.185","Easy","1.928","6","2","","4","2","0","0.300","68","37","0","8","4","0","","","","","b8e27664ce8cd4062e4a087b27244ba","0.028","Thu, 30 Jul 2026 13:23:04 GMT","","","","en-US","1.1","","","","","","https://www.bowlerhat.co.uk/tag/website-security/","2026-07-30 14:26:46"
"https://www.bowlerhat.co.uk/2015/10/19/","text/html; charset=UTF-8","200","OK","Non-Indexable","noindex","October 19, 2015 - Bowler Hat","29","265","","0","0","","0","0","","0","","0","","0","October 19, 2015","16","","0","noindex, follow","","","","","","","","","107587","20283","20283","7.770","","139","27","5.148","73.188","Fairly Easy","1.954","6","3","","4","2","0","0.300","68","37","0","8","4","0","","","","","f530ebe5d16364aa82dc9997b43500b1","0.046","Thu, 30 Jul 2026 13:23:04 GMT","","","","en-US","1.1","","","","","","https://www.bowlerhat.co.uk/2015/10/19/","2026-07-30 14:26:46"
"https://www.bowlerhat.co.uk/wp-content/uploads/elementor/css/post-15249.css?ver=1782985832","text/css","200","OK","Indexable","","","0","0","","0","0","","0","0","","0","","0","","0","","0","","0","","","","","","","","","","0","0","0","0.000","","0","","","","","0.000","6","4","","0","0","0","0.000","0","0","0","0","0","0","","","","","","0.017","Thu, 02 Jul 2026 09:50:32 GMT","","","","","1.1","","","","","","https://www.bowlerhat.co.uk/wp-content/uploads/elementor/css/post-15249.css?ver=1782985832","2026-07-30 14:26:46"
"https://www.bowlerhat.co.uk/sop-user-provided-data-event-edition/embed/","text/html; charset=UTF-8","200","OK","Non-Indexable","Canonicalised,noindex","SOP: User-Provided Data Event Edition - Bowler Hat","50","457","","0","0","","0","0","","0","","0","","0","","0","","0","noindex, follow","","","https://www.bowlerhat.co.uk/sop-user-provided-data-event-edition/","","","","","","21596","6671","6671","2.556","","97","16","6.062","72.473","Fairly Easy","11.599","6","2","","0","0","0","0.000","3","2","0","0","0","0","","","","","ec82ede5a1291da383283ef4e8ebb501","0.017","Thu, 30 Jul 2026 13:23:18 GMT","","","","en-US","1.1","","","","","","https://www.bowlerhat.co.uk/sop-user-provided-data-event-edition/embed/","2026-07-30 14:26:46"
"https://www.bowlerhat.co.uk/wp-includes/js/wp-embed.min.js?ver=7.0.2","application/javascript","200","OK","Indexable","","","0","0","","0","0","","0","0","","0","","0","","0","","0","","0","","","","","","","","","","0","0","0","0.000","","0","","","","","0.000","6","2","","0","0","0","0.000","0","0","0","0","0","0","","","","","","0.035","Thu, 06 Feb 2025 17:27:26 GMT","","","","","1.1","","","","","","https://www.bowlerhat.co.uk/wp-includes/js/wp-embed.min.js?ver=7.0.2","2026-07-30 14:26:46"
"https://www.bowlerhat.co.uk/wp-content/uploads/2024/02/LP-icon.png","image/png","200","OK","Indexable","","","0","0","","0","0","","0","0","","0","","0","","0","","0","","0","","","","","","","","","","29967","29967","29967","11.480","","0","","","","","0.000","6","4","","0","0","0","0.000","0","0","0","0","0","0","","","","","","0.056","Fri, 09 Feb 2024 14:11:20 GMT","","","","","1.1","","","","","","https://www.bowlerhat.co.uk/wp-content/uploads/2024/02/LP-icon.png","2026-07-30 14:26:46"
"https://www.bowlerhat.co.uk/wp-content/uploads/elementor/css/post-15241.css?ver=1782985832","text/css","200","OK","Indexable","","","0","0","","0","0","","0","0","","0","","0","","0","","0","","0","","","","","","","","","","0","0","0","0.000","","0","","","","","0.000","6","4","","0","0","0","0.000","0","0","0","0","0","0","","","","","","0.060","Thu, 02 Jul 2026 09:50:32 GMT","","","","","1.1","","","","","","https://www.bowlerhat.co.uk/wp-content/uploads/elementor/css/post-15241.css?ver=1782985832","2026-07-30 14:26:46"
"https://www.bowlerhat.co.uk/2011/07/30/","text/html; charset=UTF-8","200","OK","Non-Indexable","noindex","July 30, 2011 - Bowler Hat","26","230","","0","0","","0","0","","0","","0","","0","July 30, 2011","13","","0","noindex, follow","","","","","","","","","107535","20300","20300","7.777","","139","27","5.148","87.187","Easy","1.924","6","3","","4","2","0","0.300","68","37","0","8","4","0","","","","","ce89fb8669d7bf53dbbddff2ea1f3ebc","0.060","Thu, 30 Jul 2026 13:23:04 GMT","","","","en-US","1.1","","","","","","https://www.bowlerhat.co.uk/2011/07/30/","2026-07-30 14:26:46"
"https://www.bowlerhat.co.uk/wp2/wp-content/uploads/2012/02/google-plus-notification-ba.jpg","image/jpeg","200","OK","Indexable","","","0","0","","0","0","","0","0","","0","","0","","0","","0","","0","","","","","","","","","","9230","9230","9230","3.536","","0","","","","","0.000","6","5","","0","0","0","0.000","0","0","0","0","0","0","","","","","","0.048","Mon, 25 Apr 2022 14:45:19 GMT","","","","","1.1","","","","","","https://www.bowlerhat.co.uk/wp2/wp-content/uploads/2012/02/google-plus-notification-ba.jpg","2026-07-30 14:26:46"
"https://www.bowlerhat.co.uk/2010/07/25/","text/html; charset=UTF-8","200","OK","Non-Indexable","noindex","July 25, 2010 - Bowler Hat","26","230","","0","0","","0","0","","0","","0","","0","July 25, 2010","13","","0","noindex, follow","","","","","","","","","109731","20449","20449","7.834","","173","31","5.581","82.339","Easy","2.070","6","3","","5","3","0","0.450","71","38","0","8","4","0","","","","","9ba79a2f15d97c9ea2cc756e875e136e","0.059","Thu, 30 Jul 2026 13:23:04 GMT","","","","en-US","1.1","","","","","","https://www.bowlerhat.co.uk/2010/07/25/","2026-07-30 14:26:46"
"https://www.bowlerhat.co.uk/wp2/wp-content/uploads/2012/03/html-title-tag.gif","image/gif","200","OK","Indexable","","","0","0","","0","0","","0","0","","0","","0","","0","","0","","0","","","","","","","","","","4516","4516","4516","1.730","","0","","","","","0.000","6","5","","0","0","0","0.000","0","0","0","0","0","0","","","","","","0.026","Mon, 25 Apr 2022 14:45:19 GMT","","","","","1.1","","","","","","https://www.bowlerhat.co.uk/wp2/wp-content/uploads/2012/03/html-title-tag.gif","2026-07-30 14:26:46"
"https://www.bowlerhat.co.uk/2011/07/24/","text/html; charset=UTF-8","200","OK","Non-Indexable","noindex","July 24, 2011 - Bowler Hat","26","230","","0","0","","0","0","","0","","0","","0","July 24, 2011","13","","0","noindex, follow","","","","","","","","","107450","20272","20272","7.766","","137","26","5.269","86.628","Easy","1.906","6","3","","4","2","0","0.300","68","37","0","8","4","0","","","","","56fe9f0164545a3fd53d204c1edac464","0.029","Thu, 30 Jul 2026 13:23:04 GMT","","","","en-US","1.1","","","","","","https://www.bowlerhat.co.uk/2011/07/24/","2026-07-30 14:26:46"
"https://www.bowlerhat.co.uk/2012/02/12/","text/html; charset=UTF-8","200","OK","Non-Indexable","noindex","February 12, 2012 - Bowler Hat","30","272","","0","0","","0","0","","0","","0","","0","February 12, 2012","17","","0","noindex, follow","","","","","","","","","107307","20229","20229","7.749","","122","25","4.880","85.383","Easy","1.841","6","3","","4","2","0","0.300","68","37","0","8","4","0","","","","","8093ae7320c90db98cfd862acb6cb1ed","0.056","Thu, 30 Jul 2026 13:23:04 GMT","","","","en-US","1.1","","","","","","https://www.bowlerhat.co.uk/2012/02/12/","2026-07-30 14:26:46"
"https://www.bowlerhat.co.uk/wordpress-updated-to-version-3-3-2/","text/html; charset=UTF-8","200","OK","Indexable","","WordPress Updated to Version 3.3.2 - Bowler Hat","47","436","Learn all you need to know about the new Wordpress update - version 3.3.2. Find the best tips & tricks for the new version of Wordpress from Bowler Hat.","152","942","","0","0","","0","WordPress Updated to Version 3.3.2","34","","0","Leave a Reply Cancel reply","26","","0","index, follow, max-image-preview:large, max-snippet:-1, max-video-preview:-1","","","https://www.bowlerhat.co.uk/wordpress-updated-to-version-3-3-2/","","","","","","124083","23946","23946","9.173","","391","71","5.507","82.243","Easy","2.796","6","1","","12","5","0","0.740","73","40","0","11","7","0","","","","","392bbacddb8d7d574ee2687f1ab0ae9f","0.045","","","","","en-US","1.1","","","","","","https://www.bowlerhat.co.uk/wordpress-updated-to-version-3-3-2/","2026-07-30 14:26:46"
"https://www.bowlerhat.co.uk/negative-seo-smoke-mirrors-and-half-truths/","text/html; charset=UTF-8","200","OK","Indexable","","Negative SEO - Smoke, Mirrors and Half Truths - Bowler Hat","58","530","Well, it's been a hell of a month with a Panda update, the Penguin Webspam update and now negative SEO - do you need to worry?","126","800","","0","0","","0","Negative SEO – Smoke, Mirrors and Half Truths","45","","0","","0","3 Responses","11","index, follow, max-image-preview:large, max-snippet:-1, max-video-preview:-1","","","https://www.bowlerhat.co.uk/negative-seo-smoke-mirrors-and-half-truths/","","","","","","141547","30146","30146","11.548","","2400","284","8.451","81.968","Easy","10.455","6","1","","18","5","0","0.740","81","41","0","21","17","0","","","","","2e9ed53abdf444d91ba741191fb0dcea","0.076","","","","","en-US","1.1","","","","","","https://www.bowlerhat.co.uk/negative-seo-smoke-mirrors-and-half-truths/","2026-07-30 14:26:46"
"https://www.bowlerhat.co.uk/over-optimisation-penalty-rolling-out-today/","text/html; charset=UTF-8","200","OK","Indexable","","Google Over Optimisation Penalty live - April 25th | BowlerHat.co.uk","68","600","The over optimisation / webspam penaltyis is hitting today and is going to affect 3% of search queries - have you been affected?","128","786","","0","0","","0","Google Over Optimisation Penalty Rolling Out – April 25th","57","","0","Leave a Reply Cancel reply","26","","0","index, follow, max-image-preview:large, max-snippet:-1, max-video-preview:-1","","","https://www.bowlerhat.co.uk/over-optimisation-penalty-rolling-out-today/","","","","","","127622","25678","25678","9.837","","923","112","8.241","78.582","Fairly Easy","5.060","6","1","","13","6","0","0.890","74","40","0","14","10","0","","","","","7751d40dca53c5f708e534b84b3a7632","0.081","","","","","en-US","1.1","","","","","","https://www.bowlerhat.co.uk/over-optimisation-penalty-rolling-out-today/","2026-07-30 14:26:46"
"https://www.bowlerhat.co.uk/adwords-adverts-under-review/","text/html; charset=UTF-8","200","OK","Indexable","","Adwords Adverts Under Review for more than 3 Days - Bowler Hat","62","584","If your adverts are getting stuck in the under review status then there is a chance they are stuck but we have an easy solution.","128","773","","0","0","","0","Adwords Adverts Under Review for more than 3 Days","49","","0","Leave a Reply Cancel reply","26","","0","index, follow, max-image-preview:large, max-snippet:-1, max-video-preview:-1","","","https://www.bowlerhat.co.uk/adwords-adverts-under-review/","","","","","","126480","24674","24674","9.452","","502","85","5.906","82.872","Easy","3.284","6","1","","12","5","0","0.740","73","39","0","11","7","0","","","","","c5977034b70ffbf506d0bdbfbe192df2","0.052","","","","","en-US","1.1","","","","","","https://www.bowlerhat.co.uk/adwords-adverts-under-review/","2026-07-30 14:26:46"
"https://www.bowlerhat.co.uk/wp-content/uploads/2016/08/Strategy-Generic.jpg","image/jpeg","200","OK","Indexable","","","0","0","","0","0","","0","0","","0","","0","","0","","0","","0","","","","","","","","","","68936","68936","68936","26.408","","0","","","","","0.000","6","4","","0","0","0","0.000","0","0","0","0","0","0","","","","","","0.020","Mon, 25 Apr 2022 14:45:21 GMT","","","","","1.1","","","","","","https://www.bowlerhat.co.uk/wp-content/uploads/2016/08/Strategy-Generic.jpg","2026-07-30 14:26:46"
"https://www.bowlerhat.co.uk/add-vimeo-vids-to-video-sitemap/","text/html; charset=UTF-8","200","OK","Indexable","","Add Vimeo Hosted Videos to Your Video Sitemap - Bowler Hat","58","552","How to overcome URL blocked by robots.txt errors when adding Vimeo videos to your video sitemap in Google Webmaster Tools.","122","792","","0","0","","0","Add Vimeo Hosted Videos to Your Video Sitemap","45","","0","8 Responses","11","Leave a Reply Cancel reply","26","index, follow, max-image-preview:large, max-snippet:-1, max-video-preview:-1","","","https://www.bowlerhat.co.uk/add-vimeo-vids-to-video-sitemap/","","","","","","140351","27461","27461","10.520","","1115","258","4.322","83.477","Easy","5.840","6","1","","28","5","0","0.740","89","40","0","21","15","0","","","","","932e457fa9ab0ab16755d5055b721823","0.074","","","","","en-US","1.1","","","","","","https://www.bowlerhat.co.uk/add-vimeo-vids-to-video-sitemap/","2026-07-30 14:26:46"
"https://www.bowlerhat.co.uk/blog/page/25/","text/html; charset=UTF-8","200","OK","Indexable","","Digital Marketing Blog | Bowler Hat","35","309","Cutting-edge advice and guidance from our digital marketing experts across strategy, SEO, PPC, Web Design & Development, Social Media and Content Marketing.","156","996","","0","0","","0","","0","","0","Blog","4","","0","index, follow, max-image-preview:large, max-snippet:-1, max-video-preview:-1","","","https://www.bowlerhat.co.uk/blog/page/25/","https://www.bowlerhat.co.uk/blog/page/26/","https://www.bowlerhat.co.uk/blog/page/24/","","","","128401","22368","22368","8.569","","461","69","6.681","87.559","Easy","3.049","6","3","","9","5","0","0.740","100","50","0","8","4","0","","","","","f9b70ecb25c51ffcffcab4740508f1b7","0.039","Thu, 30 Jul 2026 13:23:05 GMT","","","","en-US","1.1","","","","","","https://www.bowlerhat.co.uk/blog/page/25/","2026-07-30 14:26:46"
"https://www.bowlerhat.co.uk/google-plus-seo-experiment/","text/html; charset=UTF-8","200","OK","Indexable","","Google Plus SEO Experiment - Bowler Hat","39","370","A series of experiments to examine how Google Plus can be used for SEO purposes & for generating increased visibility in the search results.","140","858","","0","0","","0","Google Plus SEO Experiment","26","","0","9 Responses","11","Leave a Reply Cancel reply","26","index, follow, max-image-preview:large, max-snippet:-1, max-video-preview:-1","","","https://www.bowlerhat.co.uk/google-plus-seo-experiment/","","","","","","143466","28141","28141","10.780","","1492","254","5.874","88.886","Easy","6.841","6","1","","30","5","0","0.740","91","40","0","19","12","0","","","","","5a89d5457432ca000e5a4a655beabf4f","0.050","","","","","en-US","1.1","","","","","","https://www.bowlerhat.co.uk/google-plus-seo-experiment/","2026-07-30 14:26:46"
"https://www.bowlerhat.co.uk/what-to-blog-about/","text/html; charset=UTF-8","200","OK","Indexable","","What to Blog About? - Bowler Hat","32","295","Got a blog? Got no clue what to write about? Thinking about your audience, their needs and your goals can help you find a stream of ideas.","138","853","","0","0","","0","What to Blog About?","19","","0","Leave a Reply Cancel reply","26","","0","index, follow, max-image-preview:large, max-snippet:-1, max-video-preview:-1","","","https://www.bowlerhat.co.uk/what-to-blog-about/","","","","","","127339","25581","25581","9.800","","1137","150","7.580","87.011","Easy","5.851","6","1","","13","5","0","0.740","73","40","0","10","6","0","","","","","65f9a4591e02a8ab2efc7a80325eb5fc","0.051","","","","","en-US","1.1","","","","","","https://www.bowlerhat.co.uk/what-to-blog-about/","2026-07-30 14:26:46"
"https://www.bowlerhat.co.uk/blog/page/24/","text/html; charset=UTF-8","200","OK","Indexable","","Digital Marketing Blog | Bowler Hat","35","309","Cutting-edge advice and guidance from our digital marketing experts across strategy, SEO, PPC, Web Design & Development, Social Media and Content Marketing.","156","996","","0","0","","0","","0","","0","Blog","4","","0","index, follow, max-image-preview:large, max-snippet:-1, max-video-preview:-1","","","https://www.bowlerhat.co.uk/blog/page/24/","https://www.bowlerhat.co.uk/blog/page/25/","https://www.bowlerhat.co.uk/blog/page/23/","","","","128046","22331","22331","8.555","","472","72","6.556","92.997","Very Easy","3.040","6","3","","9","5","0","0.740","100","50","0","8","4","0","","","","","7cb29efc9ec4fe504dc2b1c0611c7655","0.071","Thu, 30 Jul 2026 13:23:05 GMT","","","","en-US","1.1","","","","","","https://www.bowlerhat.co.uk/blog/page/24/","2026-07-30 14:26:46"
"https://www.bowlerhat.co.uk/a-simple-website-marketing-strategy/","text/html; charset=UTF-8","200","OK","Indexable","","A Simple Website Marketing Strategy | BowlerHat.co.uk","53","493","A simple strategy for Internet Marketing that can optimise existing campaigns or provide a starting point for new ones.","119","730","","0","0","","0","A Simple Website Marketing Strategy","35","","0","Leave a Reply Cancel reply","26","","0","index, follow, max-image-preview:large, max-snippet:-1, max-video-preview:-1","","","https://www.bowlerhat.co.uk/a-simple-website-marketing-strategy/","","","","","","132878","27542","27542","10.551","","1857","224","8.290","77.967","Fairly Easy","8.861","6","1","","12","5","0","0.740","73","40","0","9","5","0","","","","","f5b6a26f5e060849cd659ef4b9baeeef","0.049","","","","","en-US","1.1","","","","","","https://www.bowlerhat.co.uk/a-simple-website-marketing-strategy/","2026-07-30 14:26:46"
"https://www.bowlerhat.co.uk/2012/03/13/","text/html; charset=UTF-8","200","OK","Non-Indexable","noindex","March 13, 2012 - Bowler Hat","27","250","","0","0","","0","0","","0","","0","","0","March 13, 2012","14","","0","noindex, follow","","","","","","","","","107534","20269","20269","7.765","","138","28","4.929","89.033","Easy","1.921","6","3","","4","2","0","0.300","68","37","0","8","4","0","","","","","33f668f38e2b7106e441ba6c41a9e61c","0.034","Thu, 30 Jul 2026 13:23:04 GMT","","","","en-US","1.1","","","","","","https://www.bowlerhat.co.uk/2012/03/13/","2026-07-30 14:26:46"
"https://www.bowlerhat.co.uk/2012/03/10/","text/html; charset=UTF-8","200","OK","Non-Indexable","noindex","March 10, 2012 - Bowler Hat","27","250","","0","0","","0","0","","0","","0","","0","March 10, 2012","14","","0","noindex, follow","","","","","","","","","107392","20258","20258","7.760","","134","26","5.154","86.699","Easy","1.909","6","3","","4","2","0","0.300","68","37","0","8","4","0","","","","","f4eb680d4f2f6b03bdd8acb6190f3d8a","0.049","Thu, 30 Jul 2026 13:26:47 GMT","","","","en-US","1.1","","","","","","https://www.bowlerhat.co.uk/2012/03/10/","2026-07-30 14:26:46"
"https://www.bowlerhat.co.uk/2012/03/14/","text/html; charset=UTF-8","200","OK","Non-Indexable","noindex","March 14, 2012 - Bowler Hat","27","250","","0","0","","0","0","","0","","0","","0","March 14, 2012","14","","0","noindex, follow","","","","","","","","","107560","20301","20301","7.777","","143","26","5.500","85.889","Easy","1.942","6","3","","4","2","0","0.300","68","37","0","8","4","0","","","","","56ed1b564e55f99939c9973be7f5944c","0.033","Thu, 30 Jul 2026 13:23:05 GMT","","","","en-US","1.1","","","","","","https://www.bowlerhat.co.uk/2012/03/14/","2026-07-30 14:26:46"
"https://www.bowlerhat.co.uk/marketing/seo/","text/html; charset=UTF-8","301","Moved Permanently","Non-Indexable","Redirected","","0","0","","0","0","","0","0","","0","","0","","0","","0","","0","","","","","","","","","","0","0","0","0.000","","0","","","","","0.000","6","2","","1","1","0","0.150","0","0","0","0","0","0","","","","","","0.028","","https://www.bowlerhat.co.uk/services/seo/","HTTP Redirect","","","1.1","","","","","","https://www.bowlerhat.co.uk/marketing/seo/","2026-07-30 14:26:46"
"https://www.bowlerhat.co.uk/2012/03/21/","text/html; charset=UTF-8","200","OK","Non-Indexable","noindex","March 21, 2012 - Bowler Hat","27","250","","0","0","","0","0","","0","","0","","0","March 21, 2012","14","","0","noindex, follow","","","","","","","","","107589","20276","20276","7.767","","138","26","5.308","84.356","Easy","1.926","6","3","","4","2","0","0.300","68","37","0","8","4","0","","","","","e4a10b1e1b57927ceedf0c5a15f6ae99","0.034","Thu, 30 Jul 2026 13:23:05 GMT","","","","en-US","1.1","","","","","","https://www.bowlerhat.co.uk/2012/03/21/","2026-07-30 14:26:47"
"https://www.bowlerhat.co.uk/2012/03/15/","text/html; charset=UTF-8","200","OK","Non-Indexable","noindex","March 15, 2012 - Bowler Hat","27","250","","0","0","","0","0","","0","","0","","0","March 15, 2012","14","","0","noindex, follow","","","","","","","","","107557","20288","20288","7.772","","138","26","5.308","84.356","Easy","1.935","6","3","","4","2","0","0.300","68","37","0","8","4","0","","","","","720f556c5015bb7ce0f90c798970e896","0.034","Thu, 30 Jul 2026 13:23:05 GMT","","","","en-US","1.1","","","","","","https://www.bowlerhat.co.uk/2012/03/15/","2026-07-30 14:26:47"
"https://www.bowlerhat.co.uk/wp-content/uploads/2012/03/Screen-Shot-2017-03-23-at-11.37.36.png","image/png","200","OK","Indexable","","","0","0","","0","0","","0","0","","0","","0","","0","","0","","0","","","","","","","","","","153624","153624","153624","58.850","","0","","","","","0.000","6","4","","0","0","0","0.000","0","0","0","0","0","0","","","","","","0.017","Mon, 25 Apr 2022 14:45:22 GMT","","","","","1.1","","","","","","https://www.bowlerhat.co.uk/wp-content/uploads/2012/03/Screen-Shot-2017-03-23-at-11.37.36.png","2026-07-30 14:26:47"
"https://www.bowlerhat.co.uk/2012/03/22/","text/html; charset=UTF-8","200","OK","Non-Indexable","noindex","March 22, 2012 - Bowler Hat","27","250","","0","0","","0","0","","0","","0","","0","March 22, 2012","14","","0","noindex, follow","","","","","","","","","107562","20280","20280","7.769","","136","26","5.231","79.602","Fairly Easy","1.935","6","3","","4","2","0","0.300","68","37","0","8","4","0","","","","","3529c8de8031b9d62fcb83725fb27b0","0.050","Thu, 30 Jul 2026 13:23:05 GMT","","","","en-US","1.1","","","","","","https://www.bowlerhat.co.uk/2012/03/22/","2026-07-30 14:26:47"
"https://www.bowlerhat.co.uk/tag/likeable-links/","text/html; charset=UTF-8","200","OK","Indexable","","likeable links Archives - Bowler Hat","36","311","","0","0","","0","0","","0","","0","","0","likeable links","14","","0","index, follow, max-image-preview:large, max-snippet:-1, max-video-preview:-1","","","https://www.bowlerhat.co.uk/tag/likeable-links/","","","","","","110257","20557","20557","7.875","","176","31","5.677","89.074","Easy","2.054","6","2","","5","3","0","0.450","71","38","0","8","4","0","","","","","100cfdd2e14f73cd994f5be87a8d0d4e","0.034","Thu, 30 Jul 2026 13:23:05 GMT","","","","en-US","1.1","","","","","","https://www.bowlerhat.co.uk/tag/likeable-links/","2026-07-30 14:26:47"
"https://www.bowlerhat.co.uk/2012/03/19/","text/html; charset=UTF-8","200","OK","Non-Indexable","noindex","March 19, 2012 - Bowler Hat","27","250","","0","0","","0","0","","0","","0","","0","March 19, 2012","14","","0","noindex, follow","","","","","","","","","109782","20492","20492","7.850","","182","31","5.871","88.386","Easy","2.085","6","3","","5","3","0","0.450","71","38","0","8","4","0","","","","","2b46d65e28913c7f5462709071accee5","0.034","Thu, 30 Jul 2026 13:23:05 GMT","","","","en-US","1.1","","","","","","https://www.bowlerhat.co.uk/2012/03/19/","2026-07-30 14:26:47"
"https://www.bowlerhat.co.uk/wp-content/uploads/2018/06/How-to-choose-your-WordPress-Theme.jpg","image/jpeg","200","OK","Indexable","","","0","0","","0","0","","0","0","","0","","0","","0","","0","","0","","","","","","","","","","99506","99506","99506","38.119","","0","","","","","0.000","6","4","","0","0","0","0.000","0","0","0","0","0","0","","","","","","0.025","Mon, 25 Apr 2022 14:45:21 GMT","","","","","1.1","","","","","","https://www.bowlerhat.co.uk/wp-content/uploads/2018/06/How-to-choose-your-WordPress-Theme.jpg","2026-07-30 14:26:47"
"https://www.bowlerhat.co.uk/blog/page/9/","text/html; charset=UTF-8","200","OK","Indexable","","Digital Marketing Blog | Bowler Hat","35","309","Cutting-edge advice and guidance from our digital marketing experts across strategy, SEO, PPC, Web Design & Development, Social Media and Content Marketing.","156","996","","0","0","","0","","0","","0","Blog","4","","0","index, follow, max-image-preview:large, max-snippet:-1, max-video-preview:-1","","","https://www.bowlerhat.co.uk/blog/page/9/","https://www.bowlerhat.co.uk/blog/page/10/","https://www.bowlerhat.co.uk/blog/page/8/","","","","130911","23146","23146","8.867","","479","74","6.473","79.988","Fairly Easy","3.123","6","3","","9","5","0","0.740","100","50","0","8","4","0","","","","","701c520b6c6401158152596cce31e400","0.030","Thu, 30 Jul 2026 13:23:06 GMT","","","","en-US","1.1","","","","","","https://www.bowlerhat.co.uk/blog/page/9/","2026-07-30 14:26:47"
"https://www.bowlerhat.co.uk/blog/page/8/","text/html; charset=UTF-8","200","OK","Indexable","","Digital Marketing Blog | Bowler Hat","35","309","Cutting-edge advice and guidance from our digital marketing experts across strategy, SEO, PPC, Web Design & Development, Social Media and Content Marketing.","156","996","","0","0","","0","","0","","0","Blog","4","","0","index, follow, max-image-preview:large, max-snippet:-1, max-video-preview:-1","","","https://www.bowlerhat.co.uk/blog/page/8/","https://www.bowlerhat.co.uk/blog/page/9/","https://www.bowlerhat.co.uk/blog/page/7/","","","","128612","23178","23178","8.879","","481","78","6.167","89.769","Easy","3.158","6","3","","9","5","0","0.740","100","50","0","8","4","0","","","","","49a35673309b534a5846cc69ad177fa6","0.030","Thu, 30 Jul 2026 13:23:06 GMT","","","","en-US","1.1","","","","","","https://www.bowlerhat.co.uk/blog/page/8/","2026-07-30 14:26:47"
"https://www.bowlerhat.co.uk/2016/08/30/","text/html; charset=UTF-8","200","OK","Non-Indexable","noindex","August 30, 2016 - Bowler Hat","28","257","","0","0","","0","0","","0","","0","","0","August 30, 2016","15","","0","noindex, follow","","","","","","","","","107444","20260","20260","7.761","","136","26","5.231","92.665","Very Easy","1.890","6","3","","4","2","0","0.300","68","37","0","8","4","0","","","","","72bd477d637088b67b4d1cd7afb31bd7","0.041","Thu, 30 Jul 2026 13:23:08 GMT","","","","en-US","1.1","","","","","","https://www.bowlerhat.co.uk/2016/08/30/","2026-07-30 14:26:47"
"https://www.bowlerhat.co.uk/2016/09/01/","text/html; charset=UTF-8","200","OK","Non-Indexable","noindex","September 1, 2016 - Bowler Hat","30","282","","0","0","","0","0","","0","","0","","0","September 1, 2016","17","","0","noindex, follow","","","","","","","","","107620","20302","20302","7.777","","138","27","5.111","79.039","Fairly Easy","1.946","6","3","","4","2","0","0.300","68","37","0","8","4","0","","","","","fa03ce065d008c0284ee7f69f30a88f3","0.032","Thu, 30 Jul 2026 13:23:08 GMT","","","","en-US","1.1","","","","","","https://www.bowlerhat.co.uk/2016/09/01/","2026-07-30 14:26:47"
"https://www.bowlerhat.co.uk/2016/09/13/","text/html; charset=UTF-8","200","OK","Non-Indexable","noindex","September 13, 2016 - Bowler Hat","31","293","","0","0","","0","0","","0","","0","","0","September 13, 2016","18","","0","noindex, follow","","","","","","","","","107607","20304","20304","7.778","","137","26","5.269","82.306","Easy","1.926","6","3","","4","2","0","0.300","68","37","0","8","4","0","","","","","66b2908aee46a6de175f1123bbf15d7d","0.023","Thu, 30 Jul 2026 13:23:08 GMT","","","","en-US","1.1","","","","","","https://www.bowlerhat.co.uk/2016/09/13/","2026-07-30 14:26:48"
"https://www.bowlerhat.co.uk/seo-before-or-after/","text/html; charset=UTF-8","200","OK","Indexable","","SEO Before or After You Design a Website? - Bowler Hat","54","496","Should you consider SEO before you build your website? Is SEO something you do afterwards? This post examines the pro's and con's of SEO before & after.","152","958","","0","0","","0","SEO Before or After You Design a Website?","41","","0","One Response","12","Leave a Reply Cancel reply","26","index, follow, max-image-preview:large, max-snippet:-1, max-video-preview:-1","","","https://www.bowlerhat.co.uk/seo-before-or-after/","","","","","","129309","26202","26202","10.037","","1161","166","6.994","77.755","Fairly Easy","6.067","6","1","","14","5","0","0.740","76","41","0","9","5","0","","","","","5af27c70262f78e01e62910fc5510e1a","0.054","","","","","en-US","1.1","","","","","","https://www.bowlerhat.co.uk/seo-before-or-after/","2026-07-30 14:26:48"
"https://www.bowlerhat.co.uk/local-seo-attack-mega-pack/","text/html; charset=UTF-8","200","OK","Indexable","","Local SEO & The Attack of the Mega Pack - Bowler Hat","52","484","","0","0","","0","0","","0","Local SEO & The Attack of the Mega Pack","39","","0","2 Responses","11","Leave a Reply Cancel reply","26","index, follow, max-image-preview:large, max-snippet:-1, max-video-preview:-1","","","https://www.bowlerhat.co.uk/local-seo-attack-mega-pack/","","","","","","134322","27620","27620","10.581","","1517","203","7.473","82.193","Easy","7.311","6","1","","16","5","0","0.740","78","41","0","13","8","0","","","","","184d8af38f1d7db936aed5d1b77fad0e","0.066","","","","","en-US","1.1","","","","","","https://www.bowlerhat.co.uk/local-seo-attack-mega-pack/","2026-07-30 14:26:48"
"https://www.bowlerhat.co.uk/2015/02/05/","text/html; charset=UTF-8","200","OK","Non-Indexable","noindex","February 5, 2015 - Bowler Hat","29","261","","0","0","","0","0","","0","","0","","0","February 5, 2015","16","","0","noindex, follow","","","","","","","","","107454","20264","20264","7.763","","137","27","5.074","84.974","Easy","1.913","6","3","","4","2","0","0.300","68","37","0","8","4","0","","","","","b78de402fd856151e399d33037107794","0.035","Thu, 30 Jul 2026 13:23:06 GMT","","","","en-US","1.1","","","","","","https://www.bowlerhat.co.uk/2015/02/05/","2026-07-30 14:26:48"
"https://www.bowlerhat.co.uk/wp-content/uploads/2015/02/video-rich-snippet.jpg","image/jpeg","200","OK","Indexable","","","0","0","","0","0","","0","0","","0","","0","","0","","0","","0","","","","","","","","","","41943","41943","41943","16.068","","0","","","","","0.000","6","4","","0","0","0","0.000","0","0","0","0","0","0","","","","","","0.036","Mon, 25 Apr 2022 14:45:22 GMT","","","","","1.1","","","","","","https://www.bowlerhat.co.uk/wp-content/uploads/2015/02/video-rich-snippet.jpg","2026-07-30 14:26:48"
"https://www.bowlerhat.co.uk/2017/09/08/","text/html; charset=UTF-8","200","OK","Non-Indexable","noindex","September 8, 2017 - Bowler Hat","30","282","","0","0","","0","0","","0","","0","","0","September 8, 2017","17","","0","noindex, follow","","","","","","","","","107558","20286","20286","7.771","","140","27","5.185","82.528","Easy","1.955","6","3","","4","2","0","0.300","68","37","0","8","4","0","","","","","ba1479d9115ff71230cb34f16cf69c68","0.033","Thu, 30 Jul 2026 13:23:07 GMT","","","","en-US","1.1","","","","","","https://www.bowlerhat.co.uk/2017/09/08/","2026-07-30 14:26:48"
"https://www.bowlerhat.co.uk/2015/12/11/","text/html; charset=UTF-8","200","OK","Non-Indexable","noindex","December 11, 2015 - Bowler Hat","30","286","","0","0","","0","0","","0","","0","","0","December 11, 2015","17","","0","noindex, follow","","","","","","","","","107954","20341","20341","7.792","","137","27","5.074","84.356","Easy","1.925","6","3","","4","2","0","0.300","68","37","0","8","4","0","","","","","b43373f3554d466be01e0bbe00142648","0.031","Thu, 30 Jul 2026 13:23:07 GMT","","","","en-US","1.1","","","","","","https://www.bowlerhat.co.uk/2015/12/11/","2026-07-30 14:26:48"
"https://www.bowlerhat.co.uk/2015/12/10/","text/html; charset=UTF-8","200","OK","Non-Indexable","noindex","December 10, 2015 - Bowler Hat","30","286","","0","0","","0","0","","0","","0","","0","December 10, 2015","17","","0","noindex, follow","","","","","","","","","107588","20292","20292","7.773","","138","28","4.929","81.063","Easy","1.941","6","3","","4","2","0","0.300","68","37","0","8","4","0","","","","","a67852a67eda168d0aa6c13907966d23","0.035","Thu, 30 Jul 2026 13:23:07 GMT","","","","en-US","1.1","","","","","","https://www.bowlerhat.co.uk/2015/12/10/","2026-07-30 14:26:48"
"https://www.bowlerhat.co.uk/5-ways-to-make-your-blog-posts-better/","text/html; charset=UTF-8","200","OK","Indexable","","5 Ways to Make Your Blog Posts 1,000,000 Times Better - Bowler Hat","66","612","Find the best content marketing tips and tricks in Bowler Hat's blog. Read on to find 5 ways to make your blog posts better.","124","756","","0","0","","0","5 Ways to Make Your Blog Posts 1,000,000 Times Better","53","","0","Leave a Reply Cancel reply","26","","0","index, follow, max-image-preview:large, max-snippet:-1, max-video-preview:-1","","","https://www.bowlerhat.co.uk/5-ways-to-make-your-blog-posts-better/","","","","","","125345","24533","24533","9.398","","591","104","5.683","84.402","Easy","3.689","6","1","","16","6","0","0.890","76","43","0","8","4","0","","","","","242c7640621d4127c43edf3e58715139","0.046","","","","","en-US","1.1","","","","","","https://www.bowlerhat.co.uk/5-ways-to-make-your-blog-posts-better/","2026-07-30 14:26:48"
"https://www.bowlerhat.co.uk/2015/09/23/","text/html; charset=UTF-8","200","OK","Non-Indexable","noindex","September 23, 2015 - Bowler Hat","31","293","","0","0","","0","0","","0","","0","","0","September 23, 2015","18","","0","noindex, follow","","","","","","","","","110045","20694","20694","7.927","","183","33","5.545","84.246","Easy","2.101","6","3","","5","3","0","0.450","71","38","0","8","4","0","","","","","7f4be17f5b9f11c5fd9484752013e442","0.034","Thu, 30 Jul 2026 13:23:08 GMT","","","","en-US","1.1","","","","","","https://www.bowlerhat.co.uk/2015/09/23/","2026-07-30 14:26:48"
"https://www.bowlerhat.co.uk/4-year-old-can-teach-us-brands-content-marketing/","text/html; charset=UTF-8","200","OK","Indexable","","What A 4-year-old Can Teach Us About Brands And Content - Bowler Hat","68","641","What can a 4 year old teach us about brands and content marketing? When it comes to Angry Birds it would seem quite a lot.","122","767","","0","0","","0","What A 4-year-old Can Teach Us About Brands And Content","55","","0","Gimme, Gimme, Gimme","19","Toy Vampires","12","index, follow, max-image-preview:large, max-snippet:-1, max-video-preview:-1","","","https://www.bowlerhat.co.uk/4-year-old-can-teach-us-brands-content-marketing/","","","","","","129663","26572","26572","10.179","","1302","205","6.351","89.668","Easy","6.461","6","1","","12","5","0","0.740","75","42","0","10","6","0","","","","","e7dc51f42e9a864cd260c749f6af61e0","0.052","","","","","en-US","1.1","","","","","","https://www.bowlerhat.co.uk/4-year-old-can-teach-us-brands-content-marketing/","2026-07-30 14:26:49"
"https://www.bowlerhat.co.uk/2016/08/24/","text/html; charset=UTF-8","200","OK","Non-Indexable","noindex","August 24, 2016 - Bowler Hat","28","257","","0","0","","0","0","","0","","0","","0","August 24, 2016","15","","0","noindex, follow","","","","","","","","","107450","20282","20282","7.770","","137","30","4.567","88.576","Easy","1.918","6","3","","4","2","0","0.300","68","37","0","8","4","0","","","","","a7dd03bdbb019600380014fb31dee2d4","0.029","Thu, 30 Jul 2026 13:23:08 GMT","","","","en-US","1.1","","","","","","https://www.bowlerhat.co.uk/2016/08/24/","2026-07-30 14:26:49"
"https://www.bowlerhat.co.uk/2016/09/20/","text/html; charset=UTF-8","200","OK","Non-Indexable","noindex","September 20, 2016 - Bowler Hat","31","293","","0","0","","0","0","","0","","0","","0","September 20, 2016","18","","0","noindex, follow","","","","","","","","","107644","20294","20294","7.774","","139","27","5.148","82.926","Easy","1.943","6","3","","4","2","0","0.300","68","37","0","8","4","0","","","","","69532ddf4e6a8fff009401403dcd2bdd","0.070","Thu, 30 Jul 2026 13:23:08 GMT","","","","en-US","1.1","","","","","","https://www.bowlerhat.co.uk/2016/09/20/","2026-07-30 14:26:49"
"https://www.bowlerhat.co.uk/wp-content/uploads/Screen-Shot-2016-07-01-at-13.31.54.png","image/png","200","OK","Indexable","","","0","0","","0","0","","0","0","","0","","0","","0","","0","","0","","","","","","","","","","14857","14857","14857","5.691","","0","","","","","0.000","6","2","","0","0","0","0.000","0","0","0","0","0","0","","","","","","0.034","Mon, 25 Apr 2022 14:45:20 GMT","","","","","1.1","","","","","","https://www.bowlerhat.co.uk/wp-content/uploads/Screen-Shot-2016-07-01-at-13.31.54.png","2026-07-30 14:26:49"
"https://www.bowlerhat.co.uk/wp-content/uploads/Content-Calendar-Template.xlsx","application/vnd.openxmlformats-officedocument.spreadsheetml.sheet","200","OK","Indexable","","","0","0","","0","0","","0","0","","0","","0","","0","","0","","0","","","","","","","","","","4481","4481","4481","1.717","","0","","","","","0.000","6","2","","1","1","0","0.150","0","0","0","0","0","0","","","","","","0.043","Mon, 25 Apr 2022 14:45:20 GMT","","","","","1.1","","","","","","https://www.bowlerhat.co.uk/wp-content/uploads/Content-Calendar-Template.xlsx","2026-07-30 14:26:49"
"https://www.bowlerhat.co.uk/2016/07/01/","text/html; charset=UTF-8","200","OK","Non-Indexable","noindex","July 1, 2016 - Bowler Hat","25","219","","0","0","","0","0","","0","","0","","0","July 1, 2016","12","","0","noindex, follow","","","","","","","","","108063","20356","20356","7.798","","139","27","5.148","82.318","Easy","1.925","6","3","","4","2","0","0.300","68","37","0","8","4","0","","","","","c38e4c7fded426d75fa5badce06db282","0.067","Thu, 30 Jul 2026 13:23:08 GMT","","","","en-US","1.1","","","","","","https://www.bowlerhat.co.uk/2016/07/01/","2026-07-30 14:26:49"
"https://www.bowlerhat.co.uk/wp-content/uploads/2016/12/How-to-Make-Your-Content-Stand-Out-From-the-Crowd-in-2017.jpg","image/jpeg","200","OK","Indexable","","","0","0","","0","0","","0","0","","0","","0","","0","","0","","0","","","","","","","","","","131188","131188","131188","50.256","","0","","","","","0.000","6","4","","0","0","0","0.000","0","0","0","0","0","0","","","","","","0.043","Mon, 25 Apr 2022 14:45:21 GMT","","","","","1.1","","","","","","https://www.bowlerhat.co.uk/wp-content/uploads/2016/12/How-to-Make-Your-Content-Stand-Out-From-the-Crowd-in-2017.jpg","2026-07-30 14:26:49"
"https://www.bowlerhat.co.uk/wp-content/uploads/2016/09/20-Content-Marketing-Tools-That-Will-Improve-Your-Productivity.jpg","image/jpeg","200","OK","Indexable","","","0","0","","0","0","","0","0","","0","","0","","0","","0","","0","","","","","","","","","","123371","123371","123371","47.261","","0","","","","","0.000","6","4","","0","0","0","0.000","0","0","0","0","0","0","","","","","","0.032","Mon, 25 Apr 2022 14:45:21 GMT","","","","","1.1","","","","","","https://www.bowlerhat.co.uk/wp-content/uploads/2016/09/20-Content-Marketing-Tools-That-Will-Improve-Your-Productivity.jpg","2026-07-30 14:26:49"
"https://www.bowlerhat.co.uk/wp-content/uploads/2017/02/step-2.png","image/png","200","OK","Indexable","","","0","0","","0","0","","0","0","","0","","0","","0","","0","","0","","","","","","","","","","19640","19640","19640","7.524","","0","","","","","0.000","6","4","","0","0","0","0.000","0","0","0","0","0","0","","","","","","0.048","Mon, 25 Apr 2022 14:45:21 GMT","","","","","1.1","","","","","","https://www.bowlerhat.co.uk/wp-content/uploads/2017/02/step-2.png","2026-07-30 14:26:49"
"https://www.bowlerhat.co.uk/2017/01/06/","text/html; charset=UTF-8","200","OK","Non-Indexable","noindex","January 6, 2017 - Bowler Hat","28","254","","0","0","","0","0","","0","","0","","0","January 6, 2017","15","","0","noindex, follow","","","","","","","","","107814","20311","20311","7.781","","143","27","5.296","84.912","Easy","1.929","6","3","","4","2","0","0.300","68","37","0","8","4","0","","","","","900fc195a00ac1c3539f425a4d713bbc","0.048","Thu, 30 Jul 2026 13:23:08 GMT","","","","en-US","1.1","","","","","","https://www.bowlerhat.co.uk/2017/01/06/","2026-07-30 14:26:49"
"https://www.bowlerhat.co.uk/2017/02/17/","text/html; charset=UTF-8","200","OK","Non-Indexable","noindex","February 17, 2017 - Bowler Hat","30","272","","0","0","","0","0","","0","","0","","0","February 17, 2017","17","","0","noindex, follow","","","","","","","","","107659","20312","20312","7.781","","142","27","5.259","86.512","Easy","1.932","6","3","","4","2","0","0.300","68","37","0","8","4","0","","","","","7fcfcd98bee6b6399fd409de115d597b","0.071","Thu, 30 Jul 2026 13:23:08 GMT","","","","en-US","1.1","","","","","","https://www.bowlerhat.co.uk/2017/02/17/","2026-07-30 14:26:49"
"https://www.bowlerhat.co.uk/wp-content/uploads/2017/02/step-3.png","image/png","200","OK","Indexable","","","0","0","","0","0","","0","0","","0","","0","","0","","0","","0","","","","","","","","","","29491","29491","29491","11.297","","0","","","","","0.000","6","4","","0","0","0","0.000","0","0","0","0","0","0","","","","","","0.018","Mon, 25 Apr 2022 14:45:21 GMT","","","","","1.1","","","","","","https://www.bowlerhat.co.uk/wp-content/uploads/2017/02/step-3.png","2026-07-30 14:26:49"
"https://www.bowlerhat.co.uk/wp-content/uploads/2017/02/unable-to-send.png","image/png","200","OK","Indexable","","","0","0","","0","0","","0","0","","0","","0","","0","","0","","0","","","","","","","","","","13822","13822","13822","5.295","","0","","","","","0.000","6","4","","0","0","0","0.000","0","0","0","0","0","0","","","","","","0.082","Mon, 25 Apr 2022 14:45:21 GMT","","","","","1.1","","","","","","https://www.bowlerhat.co.uk/wp-content/uploads/2017/02/unable-to-send.png","2026-07-30 14:26:49"
"https://www.bowlerhat.co.uk/wp-content/uploads/2017/06/How-to-choose-your-WordPress-Theme-e1500036998811.jpg","image/jpeg","200","OK","Indexable","","","0","0","","0","0","","0","0","","0","","0","","0","","0","","0","","","","","","","","","","46712","46712","46712","17.894","","0","","","","","0.000","6","4","","0","0","0","0.000","0","0","0","0","0","0","","","","","","0.030","Mon, 25 Apr 2022 14:45:21 GMT","","","","","1.1","","","","","","https://www.bowlerhat.co.uk/wp-content/uploads/2017/06/How-to-choose-your-WordPress-Theme-e1500036998811.jpg","2026-07-30 14:26:49"
"https://www.bowlerhat.co.uk/wp-content/uploads/2017/06/Is-Motion-a-Benefit-or-Drawback-in-Website-Design_-e1500037034867.jpg","image/jpeg","200","OK","Indexable","","","0","0","","0","0","","0","0","","0","","0","","0","","0","","0","","","","","","","","","","42526","42526","42526","16.291","","0","","","","","0.000","6","4","","0","0","0","0.000","0","0","0","0","0","0","","","","","","0.035","Mon, 25 Apr 2022 14:45:21 GMT","","","","","1.1","","","","","","https://www.bowlerhat.co.uk/wp-content/uploads/2017/06/Is-Motion-a-Benefit-or-Drawback-in-Website-Design_-e1500037034867.jpg","2026-07-30 14:26:49"
"https://www.bowlerhat.co.uk/wp-content/uploads/2017/04/The-Pros-and-Cons-of-a-small-business-using-WordPress.jpg","image/jpeg","200","OK","Indexable","","","0","0","","0","0","","0","0","","0","","0","","0","","0","","0","","","","","","","","","","112109","112109","112109","42.947","","0","","","","","0.000","6","4","","0","0","0","0.000","0","0","0","0","0","0","","","","","","0.032","Mon, 25 Apr 2022 14:45:21 GMT","","","","","1.1","","","","","","https://www.bowlerhat.co.uk/wp-content/uploads/2017/04/The-Pros-and-Cons-of-a-small-business-using-WordPress.jpg","2026-07-30 14:26:49"
"https://www.bowlerhat.co.uk/wp-content/uploads/2017/08/Designing-Your-Website-for-Results.jpg","image/jpeg","200","OK","Indexable","","","0","0","","0","0","","0","0","","0","","0","","0","","0","","0","","","","","","","","","","96362","96362","96362","36.914","","0","","","","","0.000","6","4","","0","0","0","0.000","0","0","0","0","0","0","","","","","","0.031","Mon, 25 Apr 2022 14:45:21 GMT","","","","","1.1","","","","","","https://www.bowlerhat.co.uk/wp-content/uploads/2017/08/Designing-Your-Website-for-Results.jpg","2026-07-30 14:26:49"
"https://www.bowlerhat.co.uk/wp-content/uploads/2016/12/Beating-Twitters-Awful-Headers.jpg","image/jpeg","200","OK","Indexable","","","0","0","","0","0","","0","0","","0","","0","","0","","0","","0","","","","","","","","","","60646","60646","60646","23.232","","0","","","","","0.000","6","4","","0","0","0","0.000","0","0","0","0","0","0","","","","","","0.033","Mon, 25 Apr 2022 14:45:21 GMT","","","","","1.1","","","","","","https://www.bowlerhat.co.uk/wp-content/uploads/2016/12/Beating-Twitters-Awful-Headers.jpg","2026-07-30 14:26:49"
"https://www.bowlerhat.co.uk/wp-content/uploads/2016/10/Web-1920-–-13-1.png","image/png","200","OK","Indexable","","","0","0","","0","0","","0","0","","0","","0","","0","","0","","0","","","","","","","","","","18992","18992","18992","7.275","","0","","","","","0.000","6","4","","0","0","0","0.000","0","0","0","0","0","0","","","","","","0.036","Mon, 25 Apr 2022 14:45:21 GMT","","","","","1.1","","","","","","https://www.bowlerhat.co.uk/wp-content/uploads/2016/10/Web-1920-%E2%80%93-13-1.png","2026-07-30 14:26:49"
"https://www.bowlerhat.co.uk/wp-content/uploads/2017/03/What-Every-Small-Business-Should-Have-on-Their-Website.jpg","image/jpeg","200","OK","Indexable","","","0","0","","0","0","","0","0","","0","","0","","0","","0","","0","","","","","","","","","","92851","92851","92851","35.569","","0","","","","","0.000","6","4","","0","0","0","0.000","0","0","0","0","0","0","","","","","","0.044","Mon, 25 Apr 2022 14:45:21 GMT","","","","","1.1","","","","","","https://www.bowlerhat.co.uk/wp-content/uploads/2017/03/What-Every-Small-Business-Should-Have-on-Their-Website.jpg","2026-07-30 14:26:49"
"https://www.bowlerhat.co.uk/wp-content/uploads/2017/02/Setting-up-your-emails.jpg","image/jpeg","200","OK","Indexable","","","0","0","","0","0","","0","0","","0","","0","","0","","0","","0","","","","","","","","","","78499","78499","78499","30.071","","0","","","","","0.000","6","4","","0","0","0","0.000","0","0","0","0","0","0","","","","","","0.032","Mon, 25 Apr 2022 14:45:21 GMT","","","","","1.1","","","","","","https://www.bowlerhat.co.uk/wp-content/uploads/2017/02/Setting-up-your-emails.jpg","2026-07-30 14:26:49"
"https://www.bowlerhat.co.uk/wp-content/uploads/2017/02/The-Free-Plugins-Every-WordPress-Site-Needs-to-Avoid-Disaster.jpg","image/jpeg","200","OK","Indexable","","","0","0","","0","0","","0","0","","0","","0","","0","","0","","0","","","","","","","","","","99020","99020","99020","37.933","","0","","","","","0.000","6","4","","0","0","0","0.000","0","0","0","0","0","0","","","","","","0.039","Mon, 25 Apr 2022 14:45:21 GMT","","","","","1.1","","","","","","https://www.bowlerhat.co.uk/wp-content/uploads/2017/02/The-Free-Plugins-Every-WordPress-Site-Needs-to-Avoid-Disaster.jpg","2026-07-30 14:26:49"
"https://www.bowlerhat.co.uk/wp-content/uploads/2016/11/Web-1920-–-14.png","image/png","200","OK","Indexable","","","0","0","","0","0","","0","0","","0","","0","","0","","0","","0","","","","","","","","","","18541","18541","18541","7.103","","0","","","","","0.000","6","4","","0","0","0","0.000","0","0","0","0","0","0","","","","","","0.053","Mon, 25 Apr 2022 14:45:21 GMT","","","","","1.1","","","","","","https://www.bowlerhat.co.uk/wp-content/uploads/2016/11/Web-1920-%E2%80%93-14.png","2026-07-30 14:26:49"
"https://www.bowlerhat.co.uk/wp-content/uploads/2017/01/How-To-Redirect-One-Page-Of-A-Website-To-A-New-Domain-1.jpg","image/jpeg","200","OK","Indexable","","","0","0","","0","0","","0","0","","0","","0","","0","","0","","0","","","","","","","","","","141143","141143","141143","54.069","","0","","","","","0.000","6","4","","0","0","0","0.000","0","0","0","0","0","0","","","","","","0.044","Mon, 25 Apr 2022 14:45:21 GMT","","","","","1.1","","","","","","https://www.bowlerhat.co.uk/wp-content/uploads/2017/01/How-To-Redirect-One-Page-Of-A-Website-To-A-New-Domain-1.jpg","2026-07-30 14:26:49"
"https://www.bowlerhat.co.uk/wp-content/uploads/small-business-seo-tips-1.jpg","image/jpeg","200","OK","Indexable","","","0","0","","0","0","","0","0","","0","","0","","0","","0","","0","","","","","","","","","","16502","16502","16502","6.322","","0","","","","","0.000","6","2","","0","0","0","0.000","0","0","0","0","0","0","","","","","","0.054","Mon, 25 Apr 2022 14:45:20 GMT","","","","","1.1","","","","","","https://www.bowlerhat.co.uk/wp-content/uploads/small-business-seo-tips-1.jpg","2026-07-30 14:26:49"
"https://www.bowlerhat.co.uk/wp-content/uploads/related-searches.jpg","image/jpeg","200","OK","Indexable","","","0","0","","0","0","","0","0","","0","","0","","0","","0","","0","","","","","","","","","","17203","17203","17203","6.590","","0","","","","","0.000","6","2","","0","0","0","0.000","0","0","0","0","0","0","","","","","","0.053","Mon, 25 Apr 2022 14:45:20 GMT","","","","","1.1","","","","","","https://www.bowlerhat.co.uk/wp-content/uploads/related-searches.jpg","2026-07-30 14:26:49"
"https://www.bowlerhat.co.uk/2016/09/02/","text/html; charset=UTF-8","200","OK","Non-Indexable","noindex","September 2, 2016 - Bowler Hat","30","282","","0","0","","0","0","","0","","0","","0","September 2, 2016","17","","0","noindex, follow","","","","","","","","","107468","20276","20276","7.767","","140","27","5.185","81.319","Easy","1.948","6","3","","4","2","0","0.300","68","37","0","8","4","0","","","","","ca6080a71eb968bfbe529c8c62dbb64","0.069","Thu, 30 Jul 2026 13:23:09 GMT","","","","en-US","1.1","","","","","","https://www.bowlerhat.co.uk/2016/09/02/","2026-07-30 14:26:49"
"https://www.bowlerhat.co.uk/wp-content/uploads/answerthepublic.jpg","image/jpeg","200","OK","Indexable","","","0","0","","0","0","","0","0","","0","","0","","0","","0","","0","","","","","","","","","","78171","78171","78171","29.946","","0","","","","","0.000","6","2","","0","0","0","0.000","0","0","0","0","0","0","","","","","","0.022","Mon, 25 Apr 2022 14:45:20 GMT","","","","","1.1","","","","","","https://www.bowlerhat.co.uk/wp-content/uploads/answerthepublic.jpg","2026-07-30 14:26:49"
"https://www.bowlerhat.co.uk/2016/09/24/","text/html; charset=UTF-8","200","OK","Non-Indexable","noindex","September 24, 2016 - Bowler Hat","31","293","","0","0","","0","0","","0","","0","","0","September 24, 2016","18","","0","noindex, follow","","","","","","","","","107689","20329","20329","7.788","","139","26","5.346","80.291","Easy","1.949","6","3","","4","2","0","0.300","68","37","0","8","4","0","","","","","ed6e5e43909606c192ad42c7e786f66f","0.043","Thu, 30 Jul 2026 13:23:09 GMT","","","","en-US","1.1","","","","","","https://www.bowlerhat.co.uk/2016/09/24/","2026-07-30 14:26:49"
"https://www.bowlerhat.co.uk/2018/04/27/","text/html; charset=UTF-8","200","OK","Non-Indexable","noindex","April 27, 2018 - Bowler Hat","27","235","","0","0","","0","0","","0","","0","","0","April 27, 2018","14","","0","noindex, follow","","","","","","","","","107772","20334","20334","7.790","","134","27","4.963","81.842","Easy","1.902","6","3","","4","2","0","0.300","68","37","0","8","4","0","","","","","cee829ab614e41e17b441a27f23f5dd8","0.053","Thu, 30 Jul 2026 13:23:09 GMT","","","","en-US","1.1","","","","","","https://www.bowlerhat.co.uk/2018/04/27/","2026-07-30 14:26:49"
"https://www.bowlerhat.co.uk/2017/03/31/","text/html; charset=UTF-8","200","OK","Non-Indexable","noindex","March 31, 2017 - Bowler Hat","27","250","","0","0","","0","0","","0","","0","","0","March 31, 2017","14","","0","noindex, follow","","","","","","","","","107803","20321","20321","7.785","","138","27","5.111","82.717","Easy","1.922","6","3","","4","2","0","0.300","68","37","0","8","4","0","","","","","304e310eaf1f43d3a272ed0484155e89","0.034","Thu, 30 Jul 2026 13:23:09 GMT","","","","en-US","1.1","","","","","","https://www.bowlerhat.co.uk/2017/03/31/","2026-07-30 14:26:49"
"https://www.bowlerhat.co.uk/what-google-wants/","text/html; charset=UTF-8","200","OK","Indexable","","What Google Wants | BowlerHat.co.uk","35","337","A look at what Google wants from websites to consider them for the search results and how you can simplify your SEO by working with Google.","139","882","","0","0","","0","What Google Wants and how that applies to SEO","45","","0","","0","Leave a Reply Cancel reply","26","index, follow, max-image-preview:large, max-snippet:-1, max-video-preview:-1","","","https://www.bowlerhat.co.uk/what-google-wants/","","","","","","127709","25679","25679","9.837","","1089","156","6.981","84.386","Easy","5.768","6","1","","14","7","0","1.040","75","41","0","10","6","0","","","","","542c6414f67b94684a969ee61fab6fd5","0.047","","","","","en-US","1.1","","","","","","https://www.bowlerhat.co.uk/what-google-wants/","2026-07-30 14:26:50"
"https://www.bowlerhat.co.uk/how-to-plan-a-website/","text/html; charset=UTF-8","200","OK","Indexable","","How to Plan a Website - Bowler Hat","34","316","Are you looking to get your business a fresh new website? Click here to find out how to plan the perfect website for your business.","131","796","","0","0","","0","How to Plan a Website","21","","0","","0","Leave a Reply Cancel reply","26","index, follow, max-image-preview:large, max-snippet:-1, max-video-preview:-1","","","https://www.bowlerhat.co.uk/how-to-plan-a-website/","","","","","","124666","24314","24314","9.314","","609","96","6.344","89.402","Easy","3.638","6","1","","12","5","0","0.740","73","40","0","9","5","0","","","","","97a4f0a83eb834d2a6cd97d93efbb759","0.050","","","","","en-US","1.1","","","","","","https://www.bowlerhat.co.uk/how-to-plan-a-website/","2026-07-30 14:26:50"
"https://www.bowlerhat.co.uk/wp2/wp-content/uploads/2012/07/responsive-layouts-186x300.png","image/png","200","OK","Indexable","","","0","0","","0","0","","0","0","","0","","0","","0","","0","","0","","","","","","","","","","16876","16876","16876","6.465","","0","","","","","0.000","6","5","","0","0","0","0.000","0","0","0","0","0","0","","","","","","0.039","Mon, 25 Apr 2022 14:45:19 GMT","","","","","1.1","","","","","","https://www.bowlerhat.co.uk/wp2/wp-content/uploads/2012/07/responsive-layouts-186x300.png","2026-07-30 14:26:50"
"https://www.bowlerhat.co.uk/2012/07/17/","text/html; charset=UTF-8","200","OK","Non-Indexable","noindex","July 17, 2012 - Bowler Hat","26","230","","0","0","","0","0","","0","","0","","0","July 17, 2012","13","","0","noindex, follow","","","","","","","","","107494","20274","20274","7.767","","139","28","4.964","80.070","Easy","1.949","6","3","","4","2","0","0.300","68","37","0","8","4","0","","","","","bffe063ca8a44768a099518b57252230","0.025","Thu, 30 Jul 2026 13:23:10 GMT","","","","en-US","1.1","","","","","","https://www.bowlerhat.co.uk/2012/07/17/","2026-07-30 14:26:50"
"https://www.bowlerhat.co.uk/http-https-duplicate-content-problems-and-solutions/","text/html; charset=UTF-8","200","OK","Indexable","","HTTP & HTTPS SEO Duplication Issues | BowlerHat.co.uk","53","505","Some simple solutions to deal with duplication across the HTTP and HTTPS versions of your site and prevent any possible SEO issues.","131","823","","0","0","","0","HTTP & HTTPS Duplicate Content Problems and Solutions","53","","0","","0","4 Responses","11","index, follow, max-image-preview:large, max-snippet:-1, max-video-preview:-1","","","https://www.bowlerhat.co.uk/http-https-duplicate-content-problems-and-solutions/","","","","","","132047","25797","25797","9.882","","763","156","4.891","89.551","Easy","4.316","6","1","","20","5","0","0.740","81","40","0","15","9","0","","","","","6d5ada321727d23dfccebd1cc094ebc8","0.047","","","","","en-US","1.1","","","","","","https://www.bowlerhat.co.uk/http-https-duplicate-content-problems-and-solutions/","2026-07-30 14:26:50"
"https://www.bowlerhat.co.uk/2012/03/08/","text/html; charset=UTF-8","200","OK","Non-Indexable","noindex","March 8, 2012 - Bowler Hat","26","239","","0","0","","0","0","","0","","0","","0","March 8, 2012","13","","0","noindex, follow","","","","","","","","","107677","20319","20319","7.784","","138","27","5.111","82.717","Easy","1.947","6","3","","4","2","0","0.300","68","37","0","8","4","0","","","","","88ccedf39cb69e87eebf3dea447b70c","0.029","Thu, 30 Jul 2026 13:23:10 GMT","","","","en-US","1.1","","","","","","https://www.bowlerhat.co.uk/2012/03/08/","2026-07-30 14:26:50"
"https://www.bowlerhat.co.uk/tag/ui/","text/html; charset=UTF-8","200","OK","Indexable","","UI Archives - Bowler Hat","24","214","","0","0","","0","0","","0","","0","","0","UI","2","","0","index, follow, max-image-preview:large, max-snippet:-1, max-video-preview:-1","","","https://www.bowlerhat.co.uk/tag/ui/","","","","","","108293","20429","20429","7.826","","137","27","5.074","77.564","Fairly Easy","1.922","6","2","","4","2","0","0.300","68","37","0","8","4","0","","","","","1681aa7cf529c5d8f9ede3ecb5d4fd4e","0.022","Thu, 30 Jul 2026 13:23:10 GMT","","","","en-US","1.1","","","","","","https://www.bowlerhat.co.uk/tag/ui/","2026-07-30 14:26:50"
"https://www.bowlerhat.co.uk/web-design/","text/html; charset=UTF-8","301","Moved Permanently","Non-Indexable","Redirected","","0","0","","0","0","","0","0","","0","","0","","0","","0","","0","","","","","","","","","","0","0","0","0.000","","0","","","","","0.000","6","1","","1","1","0","0.150","0","0","0","0","0","0","","","","","","0.008","","https://www.bowlerhat.co.uk/services/web-design/","HTTP Redirect","","","1.1","","","","","","https://www.bowlerhat.co.uk/web-design/","2026-07-30 14:26:50"
"https://www.bowlerhat.co.uk/2016/07/15/","text/html; charset=UTF-8","200","OK","Non-Indexable","noindex","July 15, 2016 - Bowler Hat","26","230","","0","0","","0","0","","0","","0","","0","July 15, 2016","13","","0","noindex, follow","","","","","","","","","107979","20367","20367","7.802","","139","27","5.148","78.666","Fairly Easy","1.938","6","3","","4","2","0","0.300","68","37","0","8","4","0","","","","","24ce84af541925f8687655c7820e456b","0.084","Thu, 30 Jul 2026 13:23:10 GMT","","","","en-US","1.1","","","","","","https://www.bowlerhat.co.uk/2016/07/15/","2026-07-30 14:26:50"
"https://www.bowlerhat.co.uk/2017/03/10/","text/html; charset=UTF-8","200","OK","Non-Indexable","noindex","March 10, 2017 - Bowler Hat","27","250","","0","0","","0","0","","0","","0","","0","March 10, 2017","14","","0","noindex, follow","","","","","","","","","107740","20268","20268","7.764","","137","26","5.269","79.836","Fairly Easy","1.926","6","3","","4","2","0","0.300","68","37","0","8","4","0","","","","","e5295700dbaa49660cde6962192c8a66","0.025","Thu, 30 Jul 2026 13:23:11 GMT","","","","en-US","1.1","","","","","","https://www.bowlerhat.co.uk/2017/03/10/","2026-07-30 14:26:51"
"https://www.bowlerhat.co.uk/2016/09/04/","text/html; charset=UTF-8","200","OK","Non-Indexable","noindex","September 4, 2016 - Bowler Hat","30","282","","0","0","","0","0","","0","","0","","0","September 4, 2016","17","","0","noindex, follow","","","","","","","","","107581","20298","20298","7.776","","137","27","5.074","86.209","Easy","1.915","6","3","","4","2","0","0.300","68","37","0","8","4","0","","","","","85fa98b05054cf995986ab868e5224a","0.050","Thu, 30 Jul 2026 13:23:11 GMT","","","","en-US","1.1","","","","","","https://www.bowlerhat.co.uk/2016/09/04/","2026-07-30 14:26:51"
"https://www.bowlerhat.co.uk/tag/marketing/","text/html; charset=UTF-8","200","OK","Indexable","","marketing Archives - Bowler Hat","31","287","","0","0","","0","0","","0","","0","","0","marketing","9","","0","index, follow, max-image-preview:large, max-snippet:-1, max-video-preview:-1","","","https://www.bowlerhat.co.uk/tag/marketing/","","","","","","110779","20784","20784","7.962","","176","33","5.333","83.174","Easy","2.063","6","2","","5","3","0","0.450","71","38","0","8","4","0","","","","","44099d885386d89a85d0c3bcdcbc28db","0.047","Thu, 30 Jul 2026 13:23:11 GMT","","","","en-US","1.1","","","","","","https://www.bowlerhat.co.uk/tag/marketing/","2026-07-30 14:26:51"
"https://www.bowlerhat.co.uk/2016/10/04/","text/html; charset=UTF-8","200","OK","Non-Indexable","noindex","October 4, 2016 - Bowler Hat","28","254","","0","0","","0","0","","0","","0","","0","October 4, 2016","15","","0","noindex, follow","","","","","","","","","107555","20318","20318","7.783","","142","29","4.897","86.285","Easy","1.944","6","3","","4","2","0","0.300","68","37","0","8","4","0","","","","","3653432b0727189642c46c0e8bc535a1","0.052","Thu, 30 Jul 2026 13:26:52 GMT","","","","en-US","1.1","","","","","","https://www.bowlerhat.co.uk/2016/10/04/","2026-07-30 14:26:52"
"https://www.bowlerhat.co.uk/2015/03/12/","text/html; charset=UTF-8","200","OK","Non-Indexable","noindex","March 12, 2015 - Bowler Hat","27","250","","0","0","","0","0","","0","","0","","0","March 12, 2015","14","","0","noindex, follow","","","","","","","","","107488","20272","20272","7.766","","138","27","5.111","84.556","Easy","1.923","6","3","","4","2","0","0.300","68","37","0","8","4","0","","","","","5353f882a753e374c30d011f9f10afdc","0.041","Thu, 30 Jul 2026 13:26:53 GMT","","","","en-US","1.1","","","","","","https://www.bowlerhat.co.uk/2015/03/12/","2026-07-30 14:26:52"
"https://www.bowlerhat.co.uk/wp-content/uploads/2015/03/reviews-1024x523.gif","image/gif","200","OK","Indexable","","","0","0","","0","0","","0","0","","0","","0","","0","","0","","0","","","","","","","","","","91534","91534","91534","35.065","","0","","","","","0.000","6","4","","0","0","0","0.000","0","0","0","0","0","0","","","","","","0.067","Mon, 25 Apr 2022 14:45:22 GMT","","","","","1.1","","","","","","https://www.bowlerhat.co.uk/wp-content/uploads/2015/03/reviews-1024x523.gif","2026-07-30 14:26:52"
"https://www.bowlerhat.co.uk/how-to-remove-fake-reviews-on-google/","text/html; charset=UTF-8","200","OK","Indexable","","How To Remove Fake Reviews On Google+ - Bowler Hat","50","496","Have you fallen victim to a fake review? Fake reviews can kill a business, so don't let them kill yours. Give this guide a go to see if it can help solve your problem.","167","972","","0","0","","0","How To Remove Fake Reviews On Google+","37","","0","Solution #1: Flag It","20","Solution #2: Contact Google My Business Support","47","index, follow, max-image-preview:large, max-snippet:-1, max-video-preview:-1","","","https://www.bowlerhat.co.uk/how-to-remove-fake-reviews-on-google/","","","","","","193976","34420","34420","13.186","","2721","429","6.343","88.934","Easy","8.873","6","1","","90","5","0","0.740","157","43","0","28","24","0","","","","","900007ee52bb69b14af1a2202e49bb0e","0.044","","","","","en-US","1.1","","","","","","https://www.bowlerhat.co.uk/how-to-remove-fake-reviews-on-google/","2026-07-30 14:26:52"
"https://www.bowlerhat.co.uk/track-multiple-sub-domains-google-analytics/","text/html; charset=UTF-8","200","OK","Indexable","","Track Multiple Sub Domains in Google Analytics | Bowler Hat","59","538","The purpose of this guide is to detail how to track multiple sub domains in Google Analytics with the universal tracking code.","126","762","","0","0","","0","How to Track Multiple Sub Domains in Google Analytics","53","","0","","0","2 Responses","11","index, follow, max-image-preview:large, max-snippet:-1, max-video-preview:-1","","","https://www.bowlerhat.co.uk/track-multiple-sub-domains-google-analytics/","","","","","","145584","30643","30643","11.739","","2721","422","6.448","87.739","Easy","11.150","6","1","","16","5","0","0.740","80","41","0","20","14","0","","","","","db24bc2df35e4e03df758403162d9dc7","0.078","","","","","en-US","1.1","","","","","","https://www.bowlerhat.co.uk/track-multiple-sub-domains-google-analytics/","2026-07-30 14:26:52"
"https://www.bowlerhat.co.uk/wp-content/uploads/2016/03/google-illustration-6-1.jpg","image/jpeg","200","OK","Indexable","","","0","0","","0","0","","0","0","","0","","0","","0","","0","","0","","","","","","","","","","41139","41139","41139","15.760","","0","","","","","0.000","6","4","","0","0","0","0.000","0","0","0","0","0","0","","","","","","0.043","Mon, 25 Apr 2022 14:45:21 GMT","","","","","1.1","","","","","","https://www.bowlerhat.co.uk/wp-content/uploads/2016/03/google-illustration-6-1.jpg","2026-07-30 14:26:52"
"https://www.bowlerhat.co.uk/2016/09/30/","text/html; charset=UTF-8","200","OK","Non-Indexable","noindex","September 30, 2016 - Bowler Hat","31","293","","0","0","","0","0","","0","","0","","0","September 30, 2016","18","","0","noindex, follow","","","","","","","","","107720","20323","20323","7.785","","139","27","5.148","84.143","Easy","1.941","6","3","","4","2","0","0.300","68","37","0","8","4","0","","","","","3e35f6455ade42ae178158d9fda171c9","0.063","Thu, 30 Jul 2026 13:26:53 GMT","","","","en-US","1.1","","","","","","https://www.bowlerhat.co.uk/2016/09/30/","2026-07-30 14:26:52"
"https://www.bowlerhat.co.uk/2016/07/22/","text/html; charset=UTF-8","200","OK","Non-Indexable","noindex","July 22, 2016 - Bowler Hat","26","230","","0","0","","0","0","","0","","0","","0","July 22, 2016","13","","0","noindex, follow","","","","","","","","","107801","20346","20346","7.794","","140","27","5.185","89.175","Easy","1.908","6","3","","4","2","0","0.300","68","37","0","8","4","0","","","","","427fe655e9c5ea31e2e7bb89cbc2f913","0.041","Thu, 30 Jul 2026 13:23:12 GMT","","","","en-US","1.1","","","","","","https://www.bowlerhat.co.uk/2016/07/22/","2026-07-30 14:26:52"
"https://www.bowlerhat.co.uk/2016/11/18/","text/html; charset=UTF-8","200","OK","Non-Indexable","noindex","November 18, 2016 - Bowler Hat","30","287","","0","0","","0","0","","0","","0","","0","November 18, 2016","17","","0","noindex, follow","","","","","","","","","107265","20221","20221","7.746","","143","27","5.296","82.546","Easy","1.957","6","3","","4","2","0","0.300","68","37","0","8","4","0","","","","","31aaaed263991755255cf89a6757aab2","0.060","Thu, 30 Jul 2026 13:26:53 GMT","","","","en-US","1.1","","","","","","https://www.bowlerhat.co.uk/2016/11/18/","2026-07-30 14:26:53"
"https://www.bowlerhat.co.uk/wp-content/uploads/2016/11/Optimizing-Webpage-Titles.jpg","image/jpeg","200","OK","Indexable","","","0","0","","0","0","","0","0","","0","","0","","0","","0","","0","","","","","","","","","","83203","83203","83203","31.873","","0","","","","","0.000","6","4","","0","0","0","0.000","0","0","0","0","0","0","","","","","","0.032","Mon, 25 Apr 2022 14:45:21 GMT","","","","","1.1","","","","","","https://www.bowlerhat.co.uk/wp-content/uploads/2016/11/Optimizing-Webpage-Titles.jpg","2026-07-30 14:26:53"
"https://www.bowlerhat.co.uk/wp2/wp-content/uploads/2013/05/Yawning_newborn_baby-150x120.jpg","image/jpeg","200","OK","Indexable","","","0","0","","0","0","","0","0","","0","","0","","0","","0","","0","","","","","","","","","","4592","4592","4592","1.759","","0","","","","","0.000","6","5","","0","0","0","0.000","0","0","0","0","0","0","","","","","","0.064","Mon, 25 Apr 2022 14:45:19 GMT","","","","","1.1","","","","","","https://www.bowlerhat.co.uk/wp2/wp-content/uploads/2013/05/Yawning_newborn_baby-150x120.jpg","2026-07-30 14:26:53"
"https://www.bowlerhat.co.uk/2013/05/24/","text/html; charset=UTF-8","200","OK","Non-Indexable","noindex","May 24, 2013 - Bowler Hat","25","231","","0","0","","0","0","","0","","0","","0","May 24, 2013","12","","0","noindex, follow","","","","","","","","","107516","20273","20273","7.766","","139","32","4.344","85.569","Easy","1.941","6","3","","4","2","0","0.300","68","37","0","8","4","0","","","","","ebbe87252a03c908aa9c0198c45c59b9","0.069","Thu, 30 Jul 2026 13:26:53 GMT","","","","en-US","1.1","","","","","","https://www.bowlerhat.co.uk/2013/05/24/","2026-07-30 14:26:53"
"https://www.bowlerhat.co.uk/wp2/wp-content/uploads/2013/05/planning-like-the-a-team-149x150.jpg","image/jpeg","200","OK","Indexable","","","0","0","","0","0","","0","0","","0","","0","","0","","0","","0","","","","","","","","","","7347","7347","7347","2.814","","0","","","","","0.000","6","5","","0","0","0","0.000","0","0","0","0","0","0","","","","","","0.033","Mon, 25 Apr 2022 14:45:19 GMT","","","","","1.1","","","","","","https://www.bowlerhat.co.uk/wp2/wp-content/uploads/2013/05/planning-like-the-a-team-149x150.jpg","2026-07-30 14:26:53"
"https://www.bowlerhat.co.uk/wp2/wp-content/uploads/2013/01/wordpress-300x186.png","image/png","200","OK","Indexable","","","0","0","","0","0","","0","0","","0","","0","","0","","0","","0","","","","","","","","","","13982","13982","13982","5.356","","0","","","","","0.000","6","5","","0","0","0","0.000","0","0","0","0","0","0","","","","","","0.044","Mon, 25 Apr 2022 14:45:19 GMT","","","","","1.1","","","","","","https://www.bowlerhat.co.uk/wp2/wp-content/uploads/2013/01/wordpress-300x186.png","2026-07-30 14:26:53"
"https://www.bowlerhat.co.uk/2013/01/02/","text/html; charset=UTF-8","200","OK","Non-Indexable","noindex","January 2, 2013 - Bowler Hat","28","254","","0","0","","0","0","","0","","0","","0","January 2, 2013","15","","0","noindex, follow","","","","","","","","","107570","20300","20300","7.777","","138","26","5.308","82.517","Easy","1.928","6","3","","4","2","0","0.300","68","37","0","8","4","0","","","","","5e61b8d71f4293e753095af265a66634","0.085","Thu, 30 Jul 2026 13:26:53 GMT","","","","en-US","1.1","","","","","","https://www.bowlerhat.co.uk/2013/01/02/","2026-07-30 14:26:53"
"https://www.bowlerhat.co.uk/2012/10/24/","text/html; charset=UTF-8","200","OK","Non-Indexable","noindex","October 24, 2012 - Bowler Hat","29","265","","0","0","","0","0","","0","","0","","0","October 24, 2012","16","","0","noindex, follow","","","","","","","","","107492","20284","20284","7.770","","141","26","5.423","90.931","Very Easy","1.927","6","3","","4","2","0","0.300","68","37","0","8","4","0","","","","","eaeee2093f555920a87e142da805ce75","0.068","Thu, 30 Jul 2026 13:26:54 GMT","","","","en-US","1.1","","","","","","https://www.bowlerhat.co.uk/2012/10/24/","2026-07-30 14:26:53"
"https://www.bowlerhat.co.uk/now-is-a-great-time-for-seo/","text/html; charset=UTF-8","200","OK","Indexable","","Never Done SEO? Now is a Great Time to Start - Bowler Hat","57","528","Google has been working to undo search manipulation & reward only the best sites making now a great time to get started with SEO.","129","816","","0","0","","0","Never Done SEO? Now is a Great Time to Start","44","","0","Leave a Reply Cancel reply","26","","0","index, follow, max-image-preview:large, max-snippet:-1, max-video-preview:-1","","","https://www.bowlerhat.co.uk/now-is-a-great-time-for-seo/","","","","","","128314","26055","26055","9.981","","1178","143","8.238","81.915","Easy","6.142","6","1","","12","5","0","0.740","76","43","0","9","5","0","","","","","5b26e6d173ffdab8019fbf1c1c3fa34","0.078","","","","","en-US","1.1","","","","","","https://www.bowlerhat.co.uk/now-is-a-great-time-for-seo/","2026-07-30 14:26:53"
"https://www.bowlerhat.co.uk/wp2/wp-content/uploads/2012/10/worktalkhustle.jpg","image/jpeg","200","OK","Indexable","","","0","0","","0","0","","0","0","","0","","0","","0","","0","","0","","","","","","","","","","31738","31738","31738","12.158","","0","","","","","0.000","6","5","","0","0","0","0.000","0","0","0","0","0","0","","","","","","0.028","Mon, 25 Apr 2022 14:45:19 GMT","","","","","1.1","","","","","","https://www.bowlerhat.co.uk/wp2/wp-content/uploads/2012/10/worktalkhustle.jpg","2026-07-30 14:26:53"
"https://www.bowlerhat.co.uk/2013/02/14/","text/html; charset=UTF-8","200","OK","Non-Indexable","noindex","February 14, 2013 - Bowler Hat","30","272","","0","0","","0","0","","0","","0","","0","February 14, 2013","17","","0","noindex, follow","","","","","","","","","107606","20288","20288","7.772","","137","26","5.269","84.158","Easy","1.928","6","3","","4","2","0","0.300","68","37","0","8","4","0","","","","","20da8ad350f57ce07c23dc776cdfa23c","0.049","Thu, 30 Jul 2026 13:26:54 GMT","","","","en-US","1.1","","","","","","https://www.bowlerhat.co.uk/2013/02/14/","2026-07-30 14:26:54"
"https://www.bowlerhat.co.uk/wp-content/uploads/fixclosed.gif","image/gif","200","OK","Indexable","","","0","0","","0","0","","0","0","","0","","0","","0","","0","","0","","","","","","","","","","126622","126622","126622","48.506","","0","","","","","0.000","6","2","","0","0","0","0.000","0","0","0","0","0","0","","","","","","0.033","Mon, 25 Apr 2022 14:45:20 GMT","","","","","1.1","","","","","","https://www.bowlerhat.co.uk/wp-content/uploads/fixclosed.gif","2026-07-30 14:26:54"
"https://www.bowlerhat.co.uk/wp-content/uploads/marked-as-closed.png","image/png","200","OK","Indexable","","","0","0","","0","0","","0","0","","0","","0","","0","","0","","0","","","","","","","","","","150165","150165","150165","57.525","","0","","","","","0.000","6","2","","0","0","0","0.000","0","0","0","0","0","0","","","","","","0.034","Mon, 25 Apr 2022 14:45:20 GMT","","","","","1.1","","","","","","https://www.bowlerhat.co.uk/wp-content/uploads/marked-as-closed.png","2026-07-30 14:26:54"
"https://www.bowlerhat.co.uk/wp-content/uploads/merge-two-facebook-pages1.jpg","image/jpeg","200","OK","Indexable","","","0","0","","0","0","","0","0","","0","","0","","0","","0","","0","","","","","","","","","","24106","24106","24106","9.235","","0","","","","","0.000","6","2","","1","1","0","0.150","0","0","0","0","0","0","","","","","","0.035","Mon, 25 Apr 2022 14:45:20 GMT","","","","","1.1","","","","","","https://www.bowlerhat.co.uk/wp-content/uploads/merge-two-facebook-pages1.jpg","2026-07-30 14:26:54"
"https://www.bowlerhat.co.uk/2015/08/14/","text/html; charset=UTF-8","200","OK","Non-Indexable","noindex","August 14, 2015 - Bowler Hat","28","257","","0","0","","0","0","","0","","0","","0","August 14, 2015","15","","0","noindex, follow","","","","","","","","","107497","20276","20276","7.767","","137","28","4.893","84.540","Easy","1.933","6","3","","4","2","0","0.300","68","37","0","8","4","0","","","","","36f8d7e21accc4bca4801e0656236405","0.132","Thu, 30 Jul 2026 13:26:55 GMT","","","","en-US","1.1","","","","","","https://www.bowlerhat.co.uk/2015/08/14/","2026-07-30 14:26:54"
"https://www.bowlerhat.co.uk/wp-content/uploads/solution.png","image/png","200","OK","Indexable","","","0","0","","0","0","","0","0","","0","","0","","0","","0","","0","","","","","","","","","","11508","11508","11508","4.408","","0","","","","","0.000","6","2","","0","0","0","0.000","0","0","0","0","0","0","","","","","","0.067","Mon, 25 Apr 2022 14:45:20 GMT","","","","","1.1","","","","","","https://www.bowlerhat.co.uk/wp-content/uploads/solution.png","2026-07-30 14:26:54"
"https://www.bowlerhat.co.uk/wp-content/uploads/wrnignmessage.png","image/png","200","OK","Indexable","","","0","0","","0","0","","0","0","","0","","0","","0","","0","","0","","","","","","","","","","3533","3533","3533","1.353","","0","","","","","0.000","6","2","","0","0","0","0.000","0","0","0","0","0","0","","","","","","0.042","Mon, 25 Apr 2022 14:45:20 GMT","","","","","1.1","","","","","","https://www.bowlerhat.co.uk/wp-content/uploads/wrnignmessage.png","2026-07-30 14:26:54"
"https://www.bowlerhat.co.uk/wp-content/uploads/organic1.jpg","image/jpeg","200","OK","Indexable","","","0","0","","0","0","","0","0","","0","","0","","0","","0","","0","","","","","","","","","","14599","14599","14599","5.593","","0","","","","","0.000","6","2","","0","0","0","0.000","0","0","0","0","0","0","","","","","","0.050","Mon, 25 Apr 2022 14:45:20 GMT","","","","","1.1","","","","","","https://www.bowlerhat.co.uk/wp-content/uploads/organic1.jpg","2026-07-30 14:26:54"
"https://www.bowlerhat.co.uk/wp-content/uploads/ppc2.jpg","image/jpeg","200","OK","Indexable","","","0","0","","0","0","","0","0","","0","","0","","0","","0","","0","","","","","","","","","","15491","15491","15491","5.934","","0","","","","","0.000","6","2","","0","0","0","0.000","0","0","0","0","0","0","","","","","","0.039","Mon, 25 Apr 2022 14:45:20 GMT","","","","","1.1","","","","","","https://www.bowlerhat.co.uk/wp-content/uploads/ppc2.jpg","2026-07-30 14:26:54"
"https://www.bowlerhat.co.uk/rich-snippet-reviews-for-local-businesses/","text/html; charset=UTF-8","200","OK","Indexable","","Rich Snippet Reviews for Local Businesses - Bowler Hat","54","493","Find out the best SEO tips and tricks to optimise your website in Bowler Hats blog. Read on to see out rich snippets reviews for local businesses.","146","883","","0","0","","0","Rich Snippet Reviews for Local Businesses","41","","0","Reviews for organic listings","28","Adding Rich Snippet Reviews with Schema.org Structured Data","59","index, follow, max-image-preview:large, max-snippet:-1, max-video-preview:-1","","","https://www.bowlerhat.co.uk/rich-snippet-reviews-for-local-businesses/","","","","","","145033","28783","28783","11.026","","1653","272","6.077","77.017","Fairly Easy","7.774","6","1","","29","6","0","0.890","97","43","0","16","12","0","","","","","18718575dfb43eaf31ad14787e15cb38","0.074","","","","","en-US","1.1","","","","","","https://www.bowlerhat.co.uk/rich-snippet-reviews-for-local-businesses/","2026-07-30 14:26:54"
"https://www.bowlerhat.co.uk/wp-content/uploads/local1.jpg","image/jpeg","200","OK","Indexable","","","0","0","","0","0","","0","0","","0","","0","","0","","0","","0","","","","","","","","","","8696","8696","8696","3.331","","0","","","","","0.000","6","2","","0","0","0","0.000","0","0","0","0","0","0","","","","","","0.028","Mon, 25 Apr 2022 14:45:20 GMT","","","","","1.1","","","","","","https://www.bowlerhat.co.uk/wp-content/uploads/local1.jpg","2026-07-30 14:26:54"
"https://www.bowlerhat.co.uk/wp-content/uploads/Capture2.jpg","image/jpeg","200","OK","Indexable","","","0","0","","0","0","","0","0","","0","","0","","0","","0","","0","","","","","","","","","","153276","153276","153276","58.717","","0","","","","","0.000","6","2","","0","0","0","0.000","0","0","0","0","0","0","","","","","","0.047","Mon, 25 Apr 2022 14:45:20 GMT","","","","","1.1","","","","","","https://www.bowlerhat.co.uk/wp-content/uploads/Capture2.jpg","2026-07-30 14:26:54"
"https://www.bowlerhat.co.uk/5-reasons-why-no-one-cares-about-your-website/","text/html; charset=UTF-8","200","OK","Indexable","","5 Reasons Why No One Cares About Your Website - Bowler Hat","58","559","Is your website not receiving the traffic it should be or is your bounce rate slowly climbing each month? Click to find out the reasons why.","140","839","","0","0","","0","5 Reasons Why No One Cares About Your Website","45","","0","Leave a Reply Cancel reply","26","","0","index, follow, max-image-preview:large, max-snippet:-1, max-video-preview:-1","","","https://www.bowlerhat.co.uk/5-reasons-why-no-one-cares-about-your-website/","","","","","","128570","25810","25810","9.887","","1237","148","8.358","82.497","Easy","6.324","6","1","","15","6","0","0.890","73","40","0","9","5","0","","","","","f45b6d8f5bb15c7040ae53d8023c2614","0.081","","","","","en-US","1.1","","","","","","https://www.bowlerhat.co.uk/5-reasons-why-no-one-cares-about-your-website/","2026-07-30 14:26:54"
"https://www.bowlerhat.co.uk/wp-content/uploads/2016/12/How-to-claim-an-orphaned-google-page.jpg","image/jpeg","200","OK","Indexable","","","0","0","","0","0","","0","0","","0","","0","","0","","0","","0","","","","","","","","","","91074","91074","91074","34.889","","0","","","","","0.000","6","4","","0","0","0","0.000","0","0","0","0","0","0","","","","","","0.023","Mon, 25 Apr 2022 14:45:21 GMT","","","","","1.1","","","","","","https://www.bowlerhat.co.uk/wp-content/uploads/2016/12/How-to-claim-an-orphaned-google-page.jpg","2026-07-30 14:26:55"
"https://www.bowlerhat.co.uk/2015/08/10/","text/html; charset=UTF-8","200","OK","Non-Indexable","noindex","August 10, 2015 - Bowler Hat","28","257","","0","0","","0","0","","0","","0","","0","August 10, 2015","15","","0","noindex, follow","","","","","","","","","107557","20286","20286","7.771","","141","26","5.423","85.531","Easy","1.931","6","3","","4","2","0","0.300","68","37","0","8","4","0","","","","","a838e438816dffc1e5254a907acc675d","0.083","Thu, 30 Jul 2026 13:26:55 GMT","","","","en-US","1.1","","","","","","https://www.bowlerhat.co.uk/2015/08/10/","2026-07-30 14:26:55"
"https://www.bowlerhat.co.uk/2012/10/12/","text/html; charset=UTF-8","200","OK","Non-Indexable","noindex","October 12, 2012 - Bowler Hat","29","265","","0","0","","0","0","","0","","0","","0","October 12, 2012","16","","0","noindex, follow","","","","","","","","","107492","20277","20277","7.768","","139","27","5.148","89.621","Easy","1.918","6","3","","4","2","0","0.300","68","37","0","8","4","0","","","","","1fd0a02f3ff55c59549cc250b1815ce8","0.083","Thu, 30 Jul 2026 13:26:55 GMT","","","","en-US","1.1","","","","","","https://www.bowlerhat.co.uk/2012/10/12/","2026-07-30 14:26:55"
"https://www.bowlerhat.co.uk/dissavow-links/","text/html; charset=UTF-8","200","OK","Indexable","","Disavow Links Tool - Help or Honeypot? - Bowler Hat","51","464","An overview of the Disavow Links tool released by Google to aid webmasters struggling to manually remove links and the caveats in it's usage.","141","874","","0","0","","0","Disavow Links Tool – Help or Honeypot?","38","","0","Disavow links tool found in Google Webmaster Tools","50","Leave a Reply Cancel reply","26","index, follow, max-image-preview:large, max-snippet:-1, max-video-preview:-1","","","https://www.bowlerhat.co.uk/dissavow-links/","","","","","","132822","27517","27517","10.541","","1700","229","7.424","79.467","Fairly Easy","8.271","6","1","","12","5","0","0.740","78","42","0","11","7","0","","","","","3a5661c203ecf5cf4729e0941c2c9283","0.049","","","","","en-US","1.1","","","","","","https://www.bowlerhat.co.uk/dissavow-links/","2026-07-30 14:26:55"
"https://www.bowlerhat.co.uk/wp2/wp-content/uploads/2013/01/wordpress-150x150.png","image/png","200","OK","Indexable","","","0","0","","0","0","","0","0","","0","","0","","0","","0","","0","","","","","","","","","","8583","8583","8583","3.288","","0","","","","","0.000","6","5","","0","0","0","0.000","0","0","0","0","0","0","","","","","","0.052","Mon, 25 Apr 2022 14:45:19 GMT","","","","","1.1","","","","","","https://www.bowlerhat.co.uk/wp2/wp-content/uploads/2013/01/wordpress-150x150.png","2026-07-30 14:26:55"
"https://www.bowlerhat.co.uk/2013/06/01/","text/html; charset=UTF-8","200","OK","Non-Indexable","noindex","June 1, 2013 - Bowler Hat","25","227","","0","0","","0","0","","0","","0","","0","June 1, 2013","12","","0","noindex, follow","","","","","","","","","107590","20308","20308","7.780","","139","27","5.148","87.187","Easy","1.921","6","3","","4","2","0","0.300","68","37","0","8","4","0","","","","","b9a4ed12649150579d1c07dd3afd8c97","0.053","Thu, 30 Jul 2026 13:26:55 GMT","","","","en-US","1.1","","","","","","https://www.bowlerhat.co.uk/2013/06/01/","2026-07-30 14:26:55"
"https://www.bowlerhat.co.uk/a-review-strategy-for-local-seo/","text/html; charset=UTF-8","200","OK","Indexable","","A Review Strategy for Local SEO - Bowler Hat","44","401","Advice on how to improve your local SEO and develop a review strategy to help increase your visibility in the local search results.","131","784","","0","0","","0","A Review Strategy for Local SEO","31","","0","People are more likely to leave bad reviews","43","People don’t leave good reviews – unless you ask for them","57","index, follow, max-image-preview:large, max-snippet:-1, max-video-preview:-1","","","https://www.bowlerhat.co.uk/a-review-strategy-for-local-seo/","","","","","","129343","26329","26329","10.086","","1363","189","7.212","82.701","Easy","6.768","6","1","","15","7","0","1.040","77","44","0","8","4","0","","","","","b5672f09d4b5a6043a0c9b1bf36d832e","0.068","","","","","en-US","1.1","","","","","","https://www.bowlerhat.co.uk/a-review-strategy-for-local-seo/","2026-07-30 14:26:55"
"https://www.bowlerhat.co.uk/2013/07/05/","text/html; charset=UTF-8","200","OK","Non-Indexable","noindex","July 5, 2013 - Bowler Hat","25","219","","0","0","","0","0","","0","","0","","0","July 5, 2013","12","","0","noindex, follow","","","","","","","","","107530","20286","20286","7.771","","140","27","5.185","84.945","Easy","1.933","6","3","","4","2","0","0.300","68","37","0","8","4","0","","","","","9c7f89d3a947ab6739c7c67a1dd0b9f9","0.058","Thu, 30 Jul 2026 13:26:55 GMT","","","","en-US","1.1","","","","","","https://www.bowlerhat.co.uk/2013/07/05/","2026-07-30 14:26:55"
"https://www.bowlerhat.co.uk/wp2/wp-content/uploads/2013/11/contact-details.png","image/png","200","OK","Indexable","","","0","0","","0","0","","0","0","","0","","0","","0","","0","","0","","","","","","","","","","25623","25623","25623","9.816","","0","","","","","0.000","6","5","","2","1","0","0.150","0","0","0","0","0","0","","","","","","0.044","Mon, 25 Apr 2022 14:45:19 GMT","","","","","1.1","","","","","","https://www.bowlerhat.co.uk/wp2/wp-content/uploads/2013/11/contact-details.png","2026-07-30 14:26:55"
"https://www.bowlerhat.co.uk/wp2/wp-content/uploads/2013/11/GoogleStreetView.gif","image/gif","200","OK","Indexable","","","0","0","","0","0","","0","0","","0","","0","","0","","0","","0","","","","","","","","","","241629","241629","241629","92.563","","0","","","","","0.000","6","5","","0","0","0","0.000","0","0","0","0","0","0","","","","","","0.029","Mon, 25 Apr 2022 14:45:19 GMT","","","","","1.1","","","","","","https://www.bowlerhat.co.uk/wp2/wp-content/uploads/2013/11/GoogleStreetView.gif","2026-07-30 14:26:55"
"https://www.bowlerhat.co.uk/second-chance-marketing-aka-remarketing/","text/html; charset=UTF-8","200","OK","Indexable","","Second Chance Marketing aka Remarketing - Bowler Hat","52","503","An overview of retargeting and remarketing on the Adroll and Google platforms giving access to a wide range of sites including Facebook.","136","846","","0","0","","0","Second Chance Marketing aka Remarketing","39","","0","One Response","12","Leave a Reply Cancel reply","26","index, follow, max-image-preview:large, max-snippet:-1, max-video-preview:-1","","","https://www.bowlerhat.co.uk/second-chance-marketing-aka-remarketing/","","","","","","132784","27162","27162","10.405","","1492","226","6.602","75.843","Fairly Easy","7.590","6","1","","14","5","0","0.740","76","40","0","13","9","0","","","","","d1a18b72e6a0e059013eb0861bcb7dcd","0.070","","","","","en-US","1.1","","","","","","https://www.bowlerhat.co.uk/second-chance-marketing-aka-remarketing/","2026-07-30 14:26:55"
"https://www.bowlerhat.co.uk/wp2/wp-content/uploads/2013/11/move-map-marker.png","image/png","200","OK","Indexable","","","0","0","","0","0","","0","0","","0","","0","","0","","0","","0","","","","","","","","","","52142","52142","52142","19.975","","0","","","","","0.000","6","5","","0","0","0","0.000","0","0","0","0","0","0","","","","","","0.032","Mon, 25 Apr 2022 14:45:19 GMT","","","","","1.1","","","","","","https://www.bowlerhat.co.uk/wp2/wp-content/uploads/2013/11/move-map-marker.png","2026-07-30 14:26:55"
"https://www.bowlerhat.co.uk/wp2/wp-content/uploads/2013/11/edit-details.png","image/png","200","OK","Indexable","","","0","0","","0","0","","0","0","","0","","0","","0","","0","","0","","","","","","","","","","511","511","511","0.196","","0","","","","","0.000","6","5","","0","0","0","0.000","0","0","0","0","0","0","","","","","","0.049","Mon, 25 Apr 2022 14:45:19 GMT","","","","","1.1","","","","","","https://www.bowlerhat.co.uk/wp2/wp-content/uploads/2013/11/edit-details.png","2026-07-30 14:26:55"
"https://www.bowlerhat.co.uk/ppc-local-organic-three-musketeers-search-visibility/","text/html; charset=UTF-8","200","OK","Indexable","","PPC, Local & Organic - The Three Musketeers of Search | Bowler Hat","66","607","Want to be more visible in search adverts? To be seen in organic? To be found in local results? Play nicely and you can have all three!","135","810","","0","0","","0","PPC, Local & Organic – The Three Musketeers of Search Visibility","64","","0","","0","2 Responses","11","index, follow, max-image-preview:large, max-snippet:-1, max-video-preview:-1","","","https://www.bowlerhat.co.uk/ppc-local-organic-three-musketeers-search-visibility/","","","","","","135032","27140","27140","10.397","","1107","158","7.006","76.912","Fairly Easy","5.683","6","1","","16","5","0","0.740","78","40","0","14","8","0","","","","","c07cd371703aa01cb03267f83bfcf84d","0.067","","","","","en-US","1.1","","","","","","https://www.bowlerhat.co.uk/ppc-local-organic-three-musketeers-search-visibility/","2026-07-30 14:26:55"
"https://www.bowlerhat.co.uk/2013/11/14/","text/html; charset=UTF-8","200","OK","Non-Indexable","noindex","November 14, 2013 - Bowler Hat","30","287","","0","0","","0","0","","0","","0","","0","November 14, 2013","17","","0","noindex, follow","","","","","","","","","107437","20247","20247","7.756","","140","26","5.385","88.368","Easy","1.926","6","3","","4","2","0","0.300","68","37","0","8","4","0","","","","","c94347ad9412cd89882d05b6e0f99928","0.101","Thu, 30 Jul 2026 13:26:56 GMT","","","","en-US","1.1","","","","","","https://www.bowlerhat.co.uk/2013/11/14/","2026-07-30 14:26:55"
"https://www.bowlerhat.co.uk/spamwars-dark-side-of-seo/","text/html; charset=UTF-8","200","OK","Indexable","","Spam Wars and the Dark Side of SEO - Bowler Hat","47","444","Have you been caught up in the spam wars? Are your search engine results a long time ago in a place far, far away? Learn how to use the SEO Force!","146","914","","0","0","","0","Spam Wars and the Dark Side of SEO","34","","0","2 Responses","11","Leave a Reply Cancel reply","26","index, follow, max-image-preview:large, max-snippet:-1, max-video-preview:-1","","","https://www.bowlerhat.co.uk/spamwars-dark-side-of-seo/","","","","","","133657","27519","27519","10.542","","1552","216","7.185","90.685","Very Easy","7.241","6","1","","18","7","0","1.040","78","40","0","11","7","0","","","","","37bd813249ff9758b30ec01d0aaf7f5c","0.051","","","","","en-US","1.1","","","","","","https://www.bowlerhat.co.uk/spamwars-dark-side-of-seo/","2026-07-30 14:26:55"
"https://www.bowlerhat.co.uk/2013/02/27/","text/html; charset=UTF-8","200","OK","Non-Indexable","noindex","February 27, 2013 - Bowler Hat","30","272","","0","0","","0","0","","0","","0","","0","February 27, 2013","17","","0","noindex, follow","","","","","","","","","107418","20254","20254","7.759","","136","26","5.231","87.067","Easy","1.903","6","3","","4","2","0","0.300","68","37","0","8","4","0","","","","","13ed510cc5afd65a96bae97be4cf97b9","0.071","Thu, 30 Jul 2026 13:26:56 GMT","","","","en-US","1.1","","","","","","https://www.bowlerhat.co.uk/2013/02/27/","2026-07-30 14:26:55"
"https://www.bowlerhat.co.uk/wp-content/uploads/contactform7.gif","image/gif","200","OK","Indexable","","","0","0","","0","0","","0","0","","0","","0","","0","","0","","0","","","","","","","","","","161911","161911","161911","62.025","","0","","","","","0.000","6","2","","0","0","0","0.000","0","0","0","0","0","0","","","","","","0.033","Mon, 25 Apr 2022 14:45:20 GMT","","","","","1.1","","","","","","https://www.bowlerhat.co.uk/wp-content/uploads/contactform7.gif","2026-07-30 14:26:55"
"https://www.bowlerhat.co.uk/wp-content/uploads/analytics.gif","image/gif","200","OK","Indexable","","","0","0","","0","0","","0","0","","0","","0","","0","","0","","0","","","","","","","","","","785758","785758","785758","301.009","","0","","","","","0.000","6","2","","0","0","0","0.000","0","0","0","0","0","0","","","","","","0.017","Mon, 25 Apr 2022 14:45:20 GMT","","","","","1.1","","","","","","https://www.bowlerhat.co.uk/wp-content/uploads/analytics.gif","2026-07-30 14:26:55"
"https://www.bowlerhat.co.uk/2015/11/23/","text/html; charset=UTF-8","200","OK","Non-Indexable","noindex","November 23, 2015 - Bowler Hat","30","287","","0","0","","0","0","","0","","0","","0","November 23, 2015","17","","0","noindex, follow","","","","","","","","","107577","20263","20263","7.762","","139","27","5.148","88.404","Easy","1.925","6","3","","4","2","0","0.300","68","37","0","8","4","0","","","","","d23c1e326a818510722c74feb5142462","0.084","Thu, 30 Jul 2026 13:26:56 GMT","","","","en-US","1.1","","","","","","https://www.bowlerhat.co.uk/2015/11/23/","2026-07-30 14:26:55"
"https://www.bowlerhat.co.uk/2015/10/23/","text/html; charset=UTF-8","200","OK","Non-Indexable","noindex","October 23, 2015 - Bowler Hat","29","265","","0","0","","0","0","","0","","0","","0","October 23, 2015","16","","0","noindex, follow","","","","","","","","","107697","20340","20340","7.792","","142","27","5.259","78.171","Fairly Easy","1.970","6","3","","4","2","0","0.300","68","37","0","8","4","0","","","","","6ad2bb2dbb14b48bac71fe82fadbfb32","0.083","Thu, 30 Jul 2026 13:26:56 GMT","","","","en-US","1.1","","","","","","https://www.bowlerhat.co.uk/2015/10/23/","2026-07-30 14:26:56"
"https://www.bowlerhat.co.uk/2016/03/24/","text/html; charset=UTF-8","200","OK","Non-Indexable","noindex","March 24, 2016 - Bowler Hat","27","250","","0","0","","0","0","","0","","0","","0","March 24, 2016","14","","0","noindex, follow","","","","","","","","","107316","20246","20246","7.756","","139","28","4.964","82.504","Easy","1.949","6","3","","4","2","0","0.300","68","37","0","8","4","0","","","","","893b7f7033f1abfa53af29aa912f6202","0.050","Thu, 30 Jul 2026 13:26:56 GMT","","","","en-US","1.1","","","","","","https://www.bowlerhat.co.uk/2016/03/24/","2026-07-30 14:26:56"
"https://www.bowlerhat.co.uk/wp-content/uploads/thingstodoinbirmingham.jpg","image/jpeg","200","OK","Indexable","","","0","0","","0","0","","0","0","","0","","0","","0","","0","","0","","","","","","","","","","128303","128303","128303","49.150","","0","","","","","0.000","6","2","","0","0","0","0.000","0","0","0","0","0","0","","","","","","0.017","Mon, 25 Apr 2022 14:45:20 GMT","","","","","1.1","","","","","","https://www.bowlerhat.co.uk/wp-content/uploads/thingstodoinbirmingham.jpg","2026-07-30 14:26:56"
"https://www.bowlerhat.co.uk/wp-content/uploads/birmingham-museum.jpg","image/jpeg","200","OK","Indexable","","","0","0","","0","0","","0","0","","0","","0","","0","","0","","0","","","","","","","","","","120505","120505","120505","46.163","","0","","","","","0.000","6","2","","0","0","0","0.000","0","0","0","0","0","0","","","","","","0.032","Mon, 25 Apr 2022 14:45:20 GMT","","","","","1.1","","","","","","https://www.bowlerhat.co.uk/wp-content/uploads/birmingham-museum.jpg","2026-07-30 14:26:56"
"https://www.bowlerhat.co.uk/wp2/wp-content/uploads/2012/07/google-analytics-tools.jpg","image/jpeg","200","OK","Indexable","","","0","0","","0","0","","0","0","","0","","0","","0","","0","","0","","","","","","","","","","62817","62817","62817","24.064","","0","","","","","0.000","6","5","","0","0","0","0.000","0","0","0","0","0","0","","","","","","0.049","Mon, 25 Apr 2022 14:45:19 GMT","","","","","1.1","","","","","","https://www.bowlerhat.co.uk/wp2/wp-content/uploads/2012/07/google-analytics-tools.jpg","2026-07-30 14:26:56"
"https://www.bowlerhat.co.uk/wp2/wp-content/uploads/2012/07/admin-tab.jpg","image/jpeg","200","OK","Indexable","","","0","0","","0","0","","0","0","","0","","0","","0","","0","","0","","","","","","","","","","12454","12454","12454","4.771","","0","","","","","0.000","6","5","","0","0","0","0.000","0","0","0","0","0","0","","","","","","0.051","Mon, 25 Apr 2022 14:45:19 GMT","","","","","1.1","","","","","","https://www.bowlerhat.co.uk/wp2/wp-content/uploads/2012/07/admin-tab.jpg","2026-07-30 14:26:56"
"https://www.bowlerhat.co.uk/wp2/wp-content/uploads/2012/07/new-user.jpg","image/jpeg","200","OK","Indexable","","","0","0","","0","0","","0","0","","0","","0","","0","","0","","0","","","","","","","","","","49082","49082","49082","18.802","","0","","","","","0.000","6","5","","0","0","0","0.000","0","0","0","0","0","0","","","","","","0.066","Mon, 25 Apr 2022 14:45:19 GMT","","","","","1.1","","","","","","https://www.bowlerhat.co.uk/wp2/wp-content/uploads/2012/07/new-user.jpg","2026-07-30 14:26:56"
"https://www.bowlerhat.co.uk/wp2/wp-content/uploads/2012/07/data-sources.jpg","image/jpeg","200","OK","Indexable","","","0","0","","0","0","","0","0","","0","","0","","0","","0","","0","","","","","","","","","","61046","61046","61046","23.386","","0","","","","","0.000","6","5","","0","0","0","0.000","0","0","0","0","0","0","","","","","","0.055","Mon, 25 Apr 2022 14:45:19 GMT","","","","","1.1","","","","","","https://www.bowlerhat.co.uk/wp2/wp-content/uploads/2012/07/data-sources.jpg","2026-07-30 14:26:56"
"https://www.bowlerhat.co.uk/2012/07/24/","text/html; charset=UTF-8","200","OK","Non-Indexable","noindex","July 24, 2012 - Bowler Hat","26","230","","0","0","","0","0","","0","","0","","0","July 24, 2012","13","","0","noindex, follow","","","","","","","","","107501","20289","20289","7.772","","139","26","5.346","85.160","Easy","1.929","6","3","","4","2","0","0.300","68","37","0","8","4","0","","","","","796727edec2e4870cc8b9d8774956fe5","0.077","Thu, 30 Jul 2026 13:26:56 GMT","","","","en-US","1.1","","","","","","https://www.bowlerhat.co.uk/2012/07/24/","2026-07-30 14:26:56"
"https://www.bowlerhat.co.uk/wp2/wp-content/uploads/2012/07/link-accounts.jpg","image/jpeg","200","OK","Indexable","","","0","0","","0","0","","0","0","","0","","0","","0","","0","","0","","","","","","","","","","31070","31070","31070","11.902","","0","","","","","0.000","6","5","","0","0","0","0.000","0","0","0","0","0","0","","","","","","0.055","Mon, 25 Apr 2022 14:45:19 GMT","","","","","1.1","","","","","","https://www.bowlerhat.co.uk/wp2/wp-content/uploads/2012/07/link-accounts.jpg","2026-07-30 14:26:56"
"https://www.bowlerhat.co.uk/wp2/wp-content/uploads/2012/07/auto-tag.jpg","image/jpeg","200","OK","Indexable","","","0","0","","0","0","","0","0","","0","","0","","0","","0","","0","","","","","","","","","","44143","44143","44143","16.910","","0","","","","","0.000","6","5","","0","0","0","0.000","0","0","0","0","0","0","","","","","","0.025","Mon, 25 Apr 2022 14:45:19 GMT","","","","","1.1","","","","","","https://www.bowlerhat.co.uk/wp2/wp-content/uploads/2012/07/auto-tag.jpg","2026-07-30 14:26:56"
"https://www.bowlerhat.co.uk/wp2/wp-content/uploads/2012/07/select-account.jpg","image/jpeg","200","OK","Indexable","","","0","0","","0","0","","0","0","","0","","0","","0","","0","","0","","","","","","","","","","39673","39673","39673","15.198","","0","","","","","0.000","6","5","","0","0","0","0.000","0","0","0","0","0","0","","","","","","0.033","Mon, 25 Apr 2022 14:45:19 GMT","","","","","1.1","","","","","","https://www.bowlerhat.co.uk/wp2/wp-content/uploads/2012/07/select-account.jpg","2026-07-30 14:26:56"
"https://www.bowlerhat.co.uk/wp2/wp-content/uploads/2012/07/admin-button.jpg","image/jpeg","200","OK","Indexable","","","0","0","","0","0","","0","0","","0","","0","","0","","0","","0","","","","","","","","","","14285","14285","14285","5.472","","0","","","","","0.000","6","5","","0","0","0","0.000","0","0","0","0","0","0","","","","","","0.062","Mon, 25 Apr 2022 14:45:19 GMT","","","","","1.1","","","","","","https://www.bowlerhat.co.uk/wp2/wp-content/uploads/2012/07/admin-button.jpg","2026-07-30 14:26:56"
"https://www.bowlerhat.co.uk/2012/08/20/","text/html; charset=UTF-8","200","OK","Non-Indexable","noindex","August 20, 2012 - Bowler Hat","28","257","","0","0","","0","0","","0","","0","","0","August 20, 2012","15","","0","noindex, follow","","","","","","","","","107472","20263","20263","7.762","","137","26","5.269","84.158","Easy","1.928","6","3","","4","2","0","0.300","68","37","0","8","4","0","","","","","c5a061c1170c3436f2e51d96b57d38da","0.070","Thu, 30 Jul 2026 13:26:57 GMT","","","","en-US","1.1","","","","","","https://www.bowlerhat.co.uk/2012/08/20/","2026-07-30 14:26:56"
"https://www.bowlerhat.co.uk/2012/05/03/","text/html; charset=UTF-8","200","OK","Non-Indexable","noindex","May 3, 2012 - Bowler Hat","24","220","","0","0","","0","0","","0","","0","","0","May 3, 2012","11","","0","noindex, follow","","","","","","","","","107443","20239","20239","7.753","","139","27","5.148","85.361","Easy","1.928","6","3","","4","2","0","0.300","68","37","0","8","4","0","","","","","748174d965bfe34e80ffbb825a145767","0.060","Thu, 30 Jul 2026 13:26:57 GMT","","","","en-US","1.1","","","","","","https://www.bowlerhat.co.uk/2012/05/03/","2026-07-30 14:26:56"
"https://www.bowlerhat.co.uk/wp2/wp-content/uploads/2012/05/ppc-missing-analytics-31.jpg","image/jpeg","200","OK","Indexable","","","0","0","","0","0","","0","0","","0","","0","","0","","0","","0","","","","","","","","","","80377","80377","80377","30.791","","0","","","","","0.000","6","5","","0","0","0","0.000","0","0","0","0","0","0","","","","","","0.033","Mon, 25 Apr 2022 14:45:19 GMT","","","","","1.1","","","","","","https://www.bowlerhat.co.uk/wp2/wp-content/uploads/2012/05/ppc-missing-analytics-31.jpg","2026-07-30 14:26:56"
"https://www.bowlerhat.co.uk/wp2/wp-content/uploads/2012/05/paid-search-missing-2.jpg","image/jpeg","200","OK","Indexable","","","0","0","","0","0","","0","0","","0","","0","","0","","0","","0","","","","","","","","","","20609","20609","20609","7.895","","0","","","","","0.000","6","5","","0","0","0","0.000","0","0","0","0","0","0","","","","","","0.061","Mon, 25 Apr 2022 14:45:19 GMT","","","","","1.1","","","","","","https://www.bowlerhat.co.uk/wp2/wp-content/uploads/2012/05/paid-search-missing-2.jpg","2026-07-30 14:26:56"
"https://www.bowlerhat.co.uk/wp-content/uploads/2018/03/PPC-Guide-CTA-300x183.png","image/png","200","OK","Indexable","","","0","0","","0","0","","0","0","","0","","0","","0","","0","","0","","","","","","","","","","30921","30921","30921","11.845","","0","","","","","0.000","6","4","","0","0","0","0.000","0","0","0","0","0","0","","","","","","0.049","Mon, 25 Apr 2022 14:45:21 GMT","","","","","1.1","","","","","","https://www.bowlerhat.co.uk/wp-content/uploads/2018/03/PPC-Guide-CTA-300x183.png","2026-07-30 14:26:56"
"https://www.bowlerhat.co.uk/wp2/wp-content/uploads/2012/05/ppc-missing-analytics-4.jpg","image/jpeg","200","OK","Indexable","","","0","0","","0","0","","0","0","","0","","0","","0","","0","","0","","","","","","","","","","12093","12093","12093","4.633","","0","","","","","0.000","6","5","","0","0","0","0.000","0","0","0","0","0","0","","","","","","0.060","Mon, 25 Apr 2022 14:45:19 GMT","","","","","1.1","","","","","","https://www.bowlerhat.co.uk/wp2/wp-content/uploads/2012/05/ppc-missing-analytics-4.jpg","2026-07-30 14:26:56"
"https://www.bowlerhat.co.uk/wp2/wp-content/uploads/2012/05/paid-search-missing-from-ad.jpg","image/jpeg","200","OK","Indexable","","","0","0","","0","0","","0","0","","0","","0","","0","","0","","0","","","","","","","","","","44813","44813","44813","17.167","","0","","","","","0.000","6","5","","0","0","0","0.000","0","0","0","0","0","0","","","","","","0.053","Mon, 25 Apr 2022 14:45:19 GMT","","","","","1.1","","","","","","https://www.bowlerhat.co.uk/wp2/wp-content/uploads/2012/05/paid-search-missing-from-ad.jpg","2026-07-30 14:26:57"
"https://www.bowlerhat.co.uk/2012/05/17/","text/html; charset=UTF-8","200","OK","Non-Indexable","noindex","May 17, 2012 - Bowler Hat","25","231","","0","0","","0","0","","0","","0","","0","May 17, 2012","12","","0","noindex, follow","","","","","","","","","107495","20257","20257","7.760","","139","26","5.346","91.246","Very Easy","1.911","6","3","","4","2","0","0.300","68","37","0","8","4","0","","","","","e7fa8a8c8979d98cba5e35223c22be83","0.096","Thu, 30 Jul 2026 13:26:57 GMT","","","","en-US","1.1","","","","","","https://www.bowlerhat.co.uk/2012/05/17/","2026-07-30 14:26:57"
"https://www.bowlerhat.co.uk/2012/04/10/","text/html; charset=UTF-8","200","OK","Non-Indexable","noindex","April 10, 2012 - Bowler Hat","27","235","","0","0","","0","0","","0","","0","","0","April 10, 2012","14","","0","noindex, follow","","","","","","","","","107533","20289","20289","7.772","","140","28","5.000","85.133","Easy","1.939","6","3","","4","2","0","0.300","68","37","0","8","4","0","","","","","af2ce93fb4678dcd5e98ecbbfb743db1","0.059","Thu, 30 Jul 2026 13:26:57 GMT","","","","en-US","1.1","","","","","","https://www.bowlerhat.co.uk/2012/04/10/","2026-07-30 14:26:57"
"https://www.bowlerhat.co.uk/2012/03/28/","text/html; charset=UTF-8","200","OK","Non-Indexable","noindex","March 28, 2012 - Bowler Hat","27","250","","0","0","","0","0","","0","","0","","0","March 28, 2012","14","","0","noindex, follow","","","","","","","","","107548","20279","20279","7.768","","139","26","5.346","88.203","Easy","1.919","6","3","","4","2","0","0.300","68","37","0","8","4","0","","","","","2c721378f3615e8fea2b2514e8104732","0.057","Thu, 30 Jul 2026 13:26:57 GMT","","","","en-US","1.1","","","","","","https://www.bowlerhat.co.uk/2012/03/28/","2026-07-30 14:26:57"
"https://www.bowlerhat.co.uk/2012/03/27/","text/html; charset=UTF-8","200","OK","Non-Indexable","noindex","March 27, 2012 - Bowler Hat","27","250","","0","0","","0","0","","0","","0","","0","March 27, 2012","14","","0","noindex, follow","","","","","","","","","107529","20300","20300","7.777","","138","29","4.759","82.462","Easy","1.955","6","3","","4","2","0","0.300","68","37","0","8","4","0","","","","","3a999ef18cf70438cdd70e04d26378b4","0.047","Thu, 30 Jul 2026 13:26:57 GMT","","","","en-US","1.1","","","","","","https://www.bowlerhat.co.uk/2012/03/27/","2026-07-30 14:26:57"
"https://www.bowlerhat.co.uk/2012/09/13/","text/html; charset=UTF-8","200","OK","Non-Indexable","noindex","September 13, 2012 - Bowler Hat","31","293","","0","0","","0","0","","0","","0","","0","September 13, 2012","18","","0","noindex, follow","","","","","","","","","107550","20312","20312","7.781","","141","27","5.222","81.534","Easy","1.966","6","3","","4","2","0","0.300","68","37","0","8","4","0","","","","","ce5a9a195301a28a1fa864ea6ae95dea","0.051","Thu, 30 Jul 2026 13:26:58 GMT","","","","en-US","1.1","","","","","","https://www.bowlerhat.co.uk/2012/09/13/","2026-07-30 14:26:58"
"https://www.bowlerhat.co.uk/2017/06/27/","text/html; charset=UTF-8","200","OK","Non-Indexable","noindex","June 27, 2017 - Bowler Hat","26","238","","0","0","","0","0","","0","","0","","0","June 27, 2017","13","","0","noindex, follow","","","","","","","","","107808","20339","20339","7.791","","140","27","5.185","84.341","Easy","1.932","6","3","","4","2","0","0.300","68","37","0","8","4","0","","","","","537c452ea42e9cdd64a290d10e439eed","0.060","Thu, 30 Jul 2026 13:26:58 GMT","","","","en-US","1.1","","","","","","https://www.bowlerhat.co.uk/2017/06/27/","2026-07-30 14:26:58"
"https://www.bowlerhat.co.uk/wp-content/uploads/2014/10/Phone-Search-results-576x1024.png","image/png","200","OK","Indexable","","","0","0","","0","0","","0","0","","0","","0","","0","","0","","0","","","","","","","","","","230640","230640","230640","88.354","","0","","","","","0.000","6","4","","0","0","0","0.000","0","0","0","0","0","0","","","","","","0.053","Mon, 25 Apr 2022 14:45:22 GMT","","","","","1.1","","","","","","https://www.bowlerhat.co.uk/wp-content/uploads/2014/10/Phone-Search-results-576x1024.png","2026-07-30 14:26:58"
"https://www.bowlerhat.co.uk/wp-content/uploads/2014/10/Page-titles-image-1024x539.png","image/png","200","OK","Indexable","","","0","0","","0","0","","0","0","","0","","0","","0","","0","","0","","","","","","","","","","321225","321225","321225","123.055","","0","","","","","0.000","6","4","","0","0","0","0.000","0","0","0","0","0","0","","","","","","0.028","Mon, 25 Apr 2022 14:45:22 GMT","","","","","1.1","","","","","","https://www.bowlerhat.co.uk/wp-content/uploads/2014/10/Page-titles-image-1024x539.png","2026-07-30 14:26:58"
"https://www.bowlerhat.co.uk/wp-content/uploads/2014/10/related-searches-image.png","image/png","200","OK","Indexable","","","0","0","","0","0","","0","0","","0","","0","","0","","0","","0","","","","","","","","","","28528","28528","28528","10.929","","0","","","","","0.000","6","4","","1","1","0","0.150","0","0","0","0","0","0","","","","","","0.046","Mon, 25 Apr 2022 14:45:22 GMT","","","","","1.1","","","","","","https://www.bowlerhat.co.uk/wp-content/uploads/2014/10/related-searches-image.png","2026-07-30 14:26:58"
"https://www.bowlerhat.co.uk/wordpress-one-seo-plugin-vulnerabililty/","text/html; charset=UTF-8","200","OK","Indexable","","WordPress All in One SEO Plugin Vulnerability - Bowler Hat","58","521","Find out the best SEO tips and tricks to optimise your website in Bowler Hats blog. Read on to learn about Wordpress's all in one SEO plugin.","141","858","","0","0","","0","WordPress All in One SEO Plugin Vulnerability","45","","0","6 Responses","11","Leave a Reply Cancel reply","26","index, follow, max-image-preview:large, max-snippet:-1, max-video-preview:-1","","","https://www.bowlerhat.co.uk/wordpress-one-seo-plugin-vulnerabililty/","","","","","","137652","27090","27090","10.378","","1017","155","6.561","77.892","Fairly Easy","5.273","6","1","","24","5","0","0.740","88","41","0","17","11","0","","","","","703baec1caa6eeabf74aa7478a0303b3","0.071","","","","","en-US","1.1","","","","","","https://www.bowlerhat.co.uk/wordpress-one-seo-plugin-vulnerabililty/","2026-07-30 14:26:58"
"https://www.bowlerhat.co.uk/wp-content/uploads/2014/10/highlighted-search-results-image.png","image/png","200","OK","Indexable","","","0","0","","0","0","","0","0","","0","","0","","0","","0","","0","","","","","","","","","","136746","136746","136746","52.385","","0","","","","","0.000","6","4","","1","1","0","0.150","0","0","0","0","0","0","","","","","","0.027","Mon, 25 Apr 2022 14:45:22 GMT","","","","","1.1","","","","","","https://www.bowlerhat.co.uk/wp-content/uploads/2014/10/highlighted-search-results-image.png","2026-07-30 14:26:59"
"https://www.bowlerhat.co.uk/wp-content/uploads/2014/10/Good-meta-example.png","image/png","200","OK","Indexable","","","0","0","","0","0","","0","0","","0","","0","","0","","0","","0","","","","","","","","","","8230","8230","8230","3.153","","0","","","","","0.000","6","4","","1","1","0","0.150","0","0","0","0","0","0","","","","","","0.044","Mon, 25 Apr 2022 14:45:22 GMT","","","","","1.1","","","","","","https://www.bowlerhat.co.uk/wp-content/uploads/2014/10/Good-meta-example.png","2026-07-30 14:26:59"
"https://www.bowlerhat.co.uk/wp-content/uploads/2014/10/computer-search-results1.png","image/png","200","OK","Indexable","","","0","0","","0","0","","0","0","","0","","0","","0","","0","","0","","","","","","","","","","123294","123294","123294","47.232","","0","","","","","0.000","6","4","","1","1","0","0.150","0","0","0","0","0","0","","","","","","0.045","Mon, 25 Apr 2022 14:45:22 GMT","","","","","1.1","","","","","","https://www.bowlerhat.co.uk/wp-content/uploads/2014/10/computer-search-results1.png","2026-07-30 14:26:59"
"https://www.bowlerhat.co.uk/2014/10/16/","text/html; charset=UTF-8","200","OK","Non-Indexable","noindex","October 16, 2014 - Bowler Hat","29","265","","0","0","","0","0","","0","","0","","0","October 16, 2014","16","","0","noindex, follow","","","","","","","","","107447","20262","20262","7.762","","139","26","5.346","88.203","Easy","1.917","6","3","","4","2","0","0.300","68","37","0","8","4","0","","","","","acb56b6552c36af324a83217e407f4e8","0.096","Thu, 30 Jul 2026 13:26:59 GMT","","","","en-US","1.1","","","","","","https://www.bowlerhat.co.uk/2014/10/16/","2026-07-30 14:26:59"
"https://www.bowlerhat.co.uk/wp-content/uploads/2014/10/Phone-Search-results.png","image/png","200","OK","Indexable","","","0","0","","0","0","","0","0","","0","","0","","0","","0","","0","","","","","","","","","","125259","125259","125259","47.984","","0","","","","","0.000","6","4","","1","1","0","0.150","0","0","0","0","0","0","","","","","","0.037","Mon, 25 Apr 2022 14:45:22 GMT","","","","","1.1","","","","","","https://www.bowlerhat.co.uk/wp-content/uploads/2014/10/Phone-Search-results.png","2026-07-30 14:26:59"
"https://www.bowlerhat.co.uk/wp-content/uploads/2014/10/bad-meta-example.png","image/png","200","OK","Indexable","","","0","0","","0","0","","0","0","","0","","0","","0","","0","","0","","","","","","","","","","9066","9066","9066","3.473","","0","","","","","0.000","6","4","","1","1","0","0.150","0","0","0","0","0","0","","","","","","0.049","Mon, 25 Apr 2022 14:45:22 GMT","","","","","1.1","","","","","","https://www.bowlerhat.co.uk/wp-content/uploads/2014/10/bad-meta-example.png","2026-07-30 14:26:59"
"https://www.bowlerhat.co.uk/wp-content/uploads/2014/10/computer-search-results1-1024x539.png","image/png","200","OK","Indexable","","","0","0","","0","0","","0","0","","0","","0","","0","","0","","0","","","","","","","","","","322052","322052","322052","123.372","","0","","","","","0.000","6","4","","0","0","0","0.000","0","0","0","0","0","0","","","","","","0.048","Mon, 25 Apr 2022 14:45:22 GMT","","","","","1.1","","","","","","https://www.bowlerhat.co.uk/wp-content/uploads/2014/10/computer-search-results1-1024x539.png","2026-07-30 14:26:59"
"https://www.bowlerhat.co.uk/wp-content/uploads/2014/10/Emergency-Plumber-search-results.png","image/png","200","OK","Indexable","","","0","0","","0","0","","0","0","","0","","0","","0","","0","","0","","","","","","","","","","111574","111574","111574","42.742","","0","","","","","0.000","6","4","","1","1","0","0.150","0","0","0","0","0","0","","","","","","0.056","Mon, 25 Apr 2022 14:45:22 GMT","","","","","1.1","","","","","","https://www.bowlerhat.co.uk/wp-content/uploads/2014/10/Emergency-Plumber-search-results.png","2026-07-30 14:26:59"
"https://www.bowlerhat.co.uk/wp-content/uploads/2014/10/Page-titles-image.png","image/png","200","OK","Indexable","","","0","0","","0","0","","0","0","","0","","0","","0","","0","","0","","","","","","","","","","122636","122636","122636","46.980","","0","","","","","0.000","6","4","","1","1","0","0.150","0","0","0","0","0","0","","","","","","0.048","Mon, 25 Apr 2022 14:45:22 GMT","","","","","1.1","","","","","","https://www.bowlerhat.co.uk/wp-content/uploads/2014/10/Page-titles-image.png","2026-07-30 14:26:59"
"https://www.bowlerhat.co.uk/2018/05/21/","text/html; charset=UTF-8","200","OK","Non-Indexable","noindex","May 21, 2018 - Bowler Hat","25","231","","0","0","","0","0","","0","","0","","0","May 21, 2018","12","","0","noindex, follow","","","","","","","","","107782","20339","20339","7.791","","141","31","4.548","84.018","Easy","1.935","6","3","","4","2","0","0.300","68","37","0","8","4","0","","","","","1ed32f2c8a66f9b2e76b4c050e34906e","0.093","Thu, 30 Jul 2026 13:27:00 GMT","","","","en-US","1.1","","","","","","https://www.bowlerhat.co.uk/2018/05/21/","2026-07-30 14:26:59"
"https://www.bowlerhat.co.uk/tag/gdpr/","text/html; charset=UTF-8","200","OK","Indexable","","GDPR Archives - Bowler Hat","26","248","","0","0","","0","0","","0","","0","","0","GDPR","4","","0","index, follow, max-image-preview:large, max-snippet:-1, max-video-preview:-1","","","https://www.bowlerhat.co.uk/tag/gdpr/","","","","","","108142","20413","20413","7.820","","139","31","4.484","82.992","Easy","1.921","6","2","","4","2","0","0.300","68","37","0","8","4","0","","","","","c260ff567f3c4fa2f14c82ac3911836c","0.102","Thu, 30 Jul 2026 13:27:00 GMT","","","","en-US","1.1","","","","","","https://www.bowlerhat.co.uk/tag/gdpr/","2026-07-30 14:26:59"
"https://www.bowlerhat.co.uk/this-is-probably-not-the-site-you-were-looking-for/","text/html; charset=UTF-8","200","OK","Indexable","","This is probably not the site you are looking for - Bowler Hat","62","528","Are you getting scary warning screens when visiting your website from Google search results? A simple fix for incorrectly indexed HTTPS pages.","142","883","","0","0","","0","This is probably not the site you are looking for","49","","0","Firefox - Connection Not Trusted","32","Leave a Reply Cancel reply","26","index, follow, max-image-preview:large, max-snippet:-1, max-video-preview:-1","","","https://www.bowlerhat.co.uk/this-is-probably-not-the-site-you-were-looking-for/","","","","","","131155","26532","26532","10.164","","1156","167","6.922","83.082","Easy","5.935","7","1","","12","5","0","0.740","78","43","0","12","8","0","","","","","3eef47d9d65135f0d76412967b42fe86","0.080","","","","","en-US","1.1","","","","","","https://www.bowlerhat.co.uk/this-is-probably-not-the-site-you-were-looking-for/","2026-07-30 14:27:00"
"https://www.bowlerhat.co.uk/2014/06/05/","text/html; charset=UTF-8","200","OK","Non-Indexable","noindex","June 5, 2014 - Bowler Hat","25","227","","0","0","","0","0","","0","","0","","0","June 5, 2014","12","","0","noindex, follow","","","","","","","","","107535","20275","20275","7.767","","139","27","5.148","79.274","Fairly Easy","1.936","7","3","","4","2","0","0.300","68","37","0","8","4","0","","","","","2eca8fe80d112ddef531afbeeafaa502","0.068","Thu, 30 Jul 2026 13:27:00 GMT","","","","en-US","1.1","","","","","","https://www.bowlerhat.co.uk/2014/06/05/","2026-07-30 14:27:00"
"https://www.bowlerhat.co.uk/2012/10/19/","text/html; charset=UTF-8","200","OK","Non-Indexable","noindex","October 19, 2012 - Bowler Hat","29","265","","0","0","","0","0","","0","","0","","0","October 19, 2012","16","","0","noindex, follow","","","","","","","","","107426","20275","20275","7.767","","139","26","5.346","88.812","Easy","1.923","7","3","","4","2","0","0.300","68","37","0","8","4","0","","","","","8798edbf1d53f5fb9378d8ca595a89dc","0.064","Thu, 30 Jul 2026 13:27:01 GMT","","","","en-US","1.1","","","","","","https://www.bowlerhat.co.uk/2012/10/19/","2026-07-30 14:27:00"
"https://www.bowlerhat.co.uk/wp2/wp-content/uploads/2012/10/legoluke.jpg","image/jpeg","200","OK","Indexable","","","0","0","","0","0","","0","0","","0","","0","","0","","0","","0","","","","","","","","","","16514","16514","16514","6.326","","0","","","","","0.000","7","5","","0","0","0","0.000","0","0","0","0","0","0","","","","","","0.034","Mon, 25 Apr 2022 14:45:19 GMT","","","","","1.1","","","","","","https://www.bowlerhat.co.uk/wp2/wp-content/uploads/2012/10/legoluke.jpg","2026-07-30 14:27:00"
"https://www.bowlerhat.co.uk/wp2/wp-content/uploads/2012/10/legovader.jpg","image/jpeg","200","OK","Indexable","","","0","0","","0","0","","0","0","","0","","0","","0","","0","","0","","","","","","","","","","13091","13091","13091","5.015","","0","","","","","0.000","7","5","","0","0","0","0.000","0","0","0","0","0","0","","","","","","0.047","Mon, 25 Apr 2022 14:45:19 GMT","","","","","1.1","","","","","","https://www.bowlerhat.co.uk/wp2/wp-content/uploads/2012/10/legovader.jpg","2026-07-30 14:27:00"
"https://www.bowlerhat.co.uk/wp-content/uploads/2014/02/wedding-venues-Google-Search-549x1024.png","image/png","200","OK","Indexable","","","0","0","","0","0","","0","0","","0","","0","","0","","0","","0","","","","","","","","","","479759","479759","479759","183.787","","0","","","","","0.000","7","4","","0","0","0","0.000","0","0","0","0","0","0","","","","","","0.050","Mon, 25 Apr 2022 14:45:22 GMT","","","","","1.1","","","","","","https://www.bowlerhat.co.uk/wp-content/uploads/2014/02/wedding-venues-Google-Search-549x1024.png","2026-07-30 14:27:00"
"https://www.bowlerhat.co.uk/2014/02/26/","text/html; charset=UTF-8","200","OK","Non-Indexable","noindex","February 26, 2014 - Bowler Hat","30","272","","0","0","","0","0","","0","","0","","0","February 26, 2014","17","","0","noindex, follow","","","","","","","","","107628","20298","20298","7.776","","142","27","5.259","82.938","Easy","1.947","7","3","","4","2","0","0.300","68","37","0","8","4","0","","","","","4ddf39c91c234c898c35d71f26dcd108","0.086","Thu, 30 Jul 2026 13:27:01 GMT","","","","en-US","1.1","","","","","","https://www.bowlerhat.co.uk/2014/02/26/","2026-07-30 14:27:00"
"https://www.bowlerhat.co.uk/wp-content/uploads/2014/02/wedding-venues-Google-Search.png","image/png","200","OK","Indexable","","","0","0","","0","0","","0","0","","0","","0","","0","","0","","0","","","","","","","","","","533039","533039","533039","204.197","","0","","","","","0.000","7","4","","1","1","0","0.150","0","0","0","0","0","0","","","","","","0.048","Mon, 25 Apr 2022 14:45:22 GMT","","","","","1.1","","","","","","https://www.bowlerhat.co.uk/wp-content/uploads/2014/02/wedding-venues-Google-Search.png","2026-07-30 14:27:00"
"https://www.bowlerhat.co.uk/online-reputation-and-reviews-for-hotels/","text/html; charset=UTF-8","200","OK","Indexable","","Online Reputation and Reviews for Hotels - Bowler Hat","53","483","Reviews are everywhere and online reputation is everything. This post provides a guide to managing your reviews and reputation for hotels.","138","856","","0","0","","0","Online Reputation and Reviews for Hotels","40","","0","Leave a Reply Cancel reply","26","","0","index, follow, max-image-preview:large, max-snippet:-1, max-video-preview:-1","","","https://www.bowlerhat.co.uk/online-reputation-and-reviews-for-hotels/","","","","","","132633","27161","27161","10.405","","1655","193","8.575","76.880","Fairly Easy","7.918","7","1","","12","5","0","0.740","74","40","0","12","8","0","","","","","65bd56b653253778e36b7826bdbeaeb0","0.052","","","","","en-US","1.1","","","","","","https://www.bowlerhat.co.uk/online-reputation-and-reviews-for-hotels/","2026-07-30 14:27:00"
"https://www.bowlerhat.co.uk/how-long-should-a-blog-post-be/","text/html; charset=UTF-8","200","OK","Indexable","","How Long Should a Blog Post Be? - Bowler Hat","44","412","How long should a blog post be? As long as a piece of string? 300 words? 500 characters? Some thoughts on a better approach to blog article length.","147","920","","0","0","","0","How Long Should a Blog Post Be?","31","","0","2 Responses","11","Leave a Reply Cancel reply","26","index, follow, max-image-preview:large, max-snippet:-1, max-video-preview:-1","","","https://www.bowlerhat.co.uk/how-long-should-a-blog-post-be/","","","","","","131091","26594","26594","10.188","","1191","163","7.307","83.919","Easy","6.064","7","1","","16","5","0","0.740","77","40","0","12","8","0","","","","","e997635e38861b6d69487a3dcf366738","0.048","","","","","en-US","1.1","","","","","","https://www.bowlerhat.co.uk/how-long-should-a-blog-post-be/","2026-07-30 14:27:01"
"https://www.bowlerhat.co.uk/2013/06/25/","text/html; charset=UTF-8","200","OK","Non-Indexable","noindex","June 25, 2013 - Bowler Hat","26","238","","0","0","","0","0","","0","","0","","0","June 25, 2013","13","","0","noindex, follow","","","","","","","","","107529","20270","20270","7.765","","136","27","5.037","83.531","Easy","1.923","7","3","","4","2","0","0.300","68","37","0","8","4","0","","","","","f1998f700f1d222ecbba0119d2a68939","0.050","Thu, 30 Jul 2026 13:27:01 GMT","","","","en-US","1.1","","","","","","https://www.bowlerhat.co.uk/2013/06/25/","2026-07-30 14:27:01"
"https://www.bowlerhat.co.uk/wp2/wp-content/uploads/2013/05/google-plus-local-150x150.jpg","image/jpeg","200","OK","Indexable","","","0","0","","0","0","","0","0","","0","","0","","0","","0","","0","","","","","","","","","","3643","3643","3643","1.396","","0","","","","","0.000","7","5","","0","0","0","0.000","0","0","0","0","0","0","","","","","","0.033","Mon, 25 Apr 2022 14:45:19 GMT","","","","","1.1","","","","","","https://www.bowlerhat.co.uk/wp2/wp-content/uploads/2013/05/google-plus-local-150x150.jpg","2026-07-30 14:27:01"
"https://www.bowlerhat.co.uk/advice-on-seo-for-small-business/","text/html; charset=UTF-8","200","OK","Indexable","","Advice on SEO For Small Business - Bowler Hat","45","418","A look at what kind of SEO is right for small businesses & the SEO minefield where to is easy to buy SEO that won't work or could be a negative equity.","151","916","","0","0","","0","Advice on SEO For Small Business","32","","0","","0","Leave a Reply Cancel reply","26","index, follow, max-image-preview:large, max-snippet:-1, max-video-preview:-1","","","https://www.bowlerhat.co.uk/advice-on-seo-for-small-business/","","","","","","134715","28237","28237","10.817","","2191","269","8.145","78.753","Fairly Easy","9.983","7","1","","12","5","0","0.740","77","43","0","10","5","0","","","","","c74e4473063e16760d88d5bd93917ddd","0.083","","","","","en-US","1.1","","","","","","https://www.bowlerhat.co.uk/advice-on-seo-for-small-business/","2026-07-30 14:27:01"
"https://www.bowlerhat.co.uk/2013/06/03/","text/html; charset=UTF-8","200","OK","Non-Indexable","noindex","June 3, 2013 - Bowler Hat","25","227","","0","0","","0","0","","0","","0","","0","June 3, 2013","12","","0","noindex, follow","","","","","","","","","107411","20238","20238","7.753","","137","26","5.269","84.776","Easy","1.914","7","3","","4","2","0","0.300","68","37","0","8","4","0","","","","","48361f0da09a554cf84961bb03b7aacc","0.058","Thu, 30 Jul 2026 13:27:01 GMT","","","","en-US","1.1","","","","","","https://www.bowlerhat.co.uk/2013/06/03/","2026-07-30 14:27:01"
"https://www.bowlerhat.co.uk/2012/10/18/","text/html; charset=UTF-8","200","OK","Non-Indexable","noindex","October 18, 2012 - Bowler Hat","29","265","","0","0","","0","0","","0","","0","","0","October 18, 2012","16","","0","noindex, follow","","","","","","","","","107403","20270","20270","7.765","","140","27","5.185","85.549","Easy","1.931","7","3","","4","2","0","0.300","68","37","0","8","4","0","","","","","b1b9b6efc21411c3e016aaeb6af8ca74","0.069","Thu, 30 Jul 2026 13:27:02 GMT","","","","en-US","1.1","","","","","","https://www.bowlerhat.co.uk/2012/10/18/","2026-07-30 14:27:01"
"https://www.bowlerhat.co.uk/wp2/wp-content/uploads/2012/10/disavow-links-tool.png","image/png","200","OK","Indexable","","","0","0","","0","0","","0","0","","0","","0","","0","","0","","0","","","","","","","","","","4627","4627","4627","1.773","","0","","","","","0.000","7","5","","0","0","0","0.000","0","0","0","0","0","0","","","","","","0.027","Mon, 25 Apr 2022 14:45:19 GMT","","","","","1.1","","","","","","https://www.bowlerhat.co.uk/wp2/wp-content/uploads/2012/10/disavow-links-tool.png","2026-07-30 14:27:01"
"https://www.bowlerhat.co.uk/author/darren-langley/","text/html; charset=UTF-8","200","OK","Indexable","","Darren Langley, Author at Bowler Hat","36","329","","0","0","","0","0","","0","","0","","0","Darren Langley","14","","0","index, follow, max-image-preview:large, max-snippet:-1, max-video-preview:-1","","","https://www.bowlerhat.co.uk/author/darren-langley/","","","","","","109113","20657","20657","7.913","","139","27","5.148","85.361","Easy","1.901","7","2","","7","2","0","0.300","68","37","0","8","4","0","","","","","1fb5fb78eca326bb5e5e97b13aabaa2d","0.069","Thu, 30 Jul 2026 13:27:02 GMT","","","","en-US","1.1","","","","","","https://www.bowlerhat.co.uk/author/darren-langley/","2026-07-30 14:27:01"
"https://www.bowlerhat.co.uk/2015/07/27/","text/html; charset=UTF-8","200","OK","Non-Indexable","noindex","July 27, 2015 - Bowler Hat","26","230","","0","0","","0","0","","0","","0","","0","July 27, 2015","13","","0","noindex, follow","","","","","","","","","107564","20304","20304","7.778","","140","27","5.185","87.362","Easy","1.928","7","3","","4","2","0","0.300","68","37","0","8","4","0","","","","","927fbc0097c753b311cc7a05e98b3da0","0.065","Thu, 30 Jul 2026 13:27:02 GMT","","","","en-US","1.1","","","","","","https://www.bowlerhat.co.uk/2015/07/27/","2026-07-30 14:27:02"
"https://www.bowlerhat.co.uk/wp-content/uploads/Screen-Shot-2015-08-07-at-09.41.00.png","image/png","200","OK","Indexable","","","0","0","","0","0","","0","0","","0","","0","","0","","0","","0","","","","","","","","","","23498","23498","23498","9.002","","0","","","","","0.000","7","2","","1","1","0","0.150","0","0","0","0","0","0","","","","","","0.018","Mon, 25 Apr 2022 14:45:20 GMT","","","","","1.1","","","","","","https://www.bowlerhat.co.uk/wp-content/uploads/Screen-Shot-2015-08-07-at-09.41.00.png","2026-07-30 14:27:02"
"https://www.bowlerhat.co.uk/2015/07/07/","text/html; charset=UTF-8","200","OK","Non-Indexable","noindex","July 7, 2015 - Bowler Hat","25","219","","0","0","","0","0","","0","","0","","0","July 7, 2015","12","","0","noindex, follow","","","","","","","","","107480","20262","20262","7.762","","137","27","5.074","81.886","Easy","1.930","7","3","","4","2","0","0.300","68","37","0","8","4","0","","","","","b59647ae1567d4cc281ea4fe62b3c848","0.079","Thu, 30 Jul 2026 13:27:03 GMT","","","","en-US","1.1","","","","","","https://www.bowlerhat.co.uk/2015/07/07/","2026-07-30 14:27:02"
"https://www.bowlerhat.co.uk/http-https-duplication-issues/","text/html; charset=UTF-8","200","OK","Indexable","","HTTP & HTTPS Duplication Issues & Solutions | Bowler Hat","56","521","One simple solution for HTTP and HTTPS duplication issues. Examples of how and why this can be a big problem. Questions happily answered in comments.","149","962","","0","0","","0","HTTP & HTTPS Duplication Issues","31","","0","Leave a Reply Cancel reply","26","","0","index, follow, max-image-preview:large, max-snippet:-1, max-video-preview:-1","","","https://www.bowlerhat.co.uk/http-https-duplication-issues/","","","","","","129572","26157","26157","10.020","","1238","206","6.010","76.842","Fairly Easy","6.557","7","1","","12","5","0","0.740","75","40","0","12","8","0","","","","","78ac50bda6426cb8606a0613f00b3b6b","0.052","","","","","en-US","1.1","","","","","","https://www.bowlerhat.co.uk/http-https-duplication-issues/","2026-07-30 14:27:03"
"https://www.bowlerhat.co.uk/wp-content/uploads/Screen-Shot-2015-08-07-at-09.41.20.png","image/png","200","OK","Indexable","","","0","0","","0","0","","0","0","","0","","0","","0","","0","","0","","","","","","","","","","17900","17900","17900","6.857","","0","","","","","0.000","7","2","","1","1","0","0.150","0","0","0","0","0","0","","","","","","0.034","Mon, 25 Apr 2022 14:45:20 GMT","","","","","1.1","","","","","","https://www.bowlerhat.co.uk/wp-content/uploads/Screen-Shot-2015-08-07-at-09.41.20.png","2026-07-30 14:27:03"
"https://www.bowlerhat.co.uk/2012/10/21/","text/html; charset=UTF-8","200","OK","Non-Indexable","noindex","October 21, 2012 - Bowler Hat","29","265","","0","0","","0","0","","0","","0","","0","October 21, 2012","16","","0","noindex, follow","","","","","","","","","107481","20316","20316","7.783","","143","29","4.931","80.550","Easy","1.960","7","3","","4","2","0","0.300","68","37","0","8","4","0","","","","","e6cebcb7817964e5f929810b4aec216","0.114","Thu, 30 Jul 2026 13:27:03 GMT","","","","en-US","1.1","","","","","","https://www.bowlerhat.co.uk/2012/10/21/","2026-07-30 14:27:03"
"https://www.bowlerhat.co.uk/wp-content/uploads/2015/03/new-analytics-account-or-property.jpg","image/jpeg","200","OK","Indexable","","","0","0","","0","0","","0","0","","0","","0","","0","","0","","0","","","","","","","","","","32317","32317","32317","12.380","","0","","","","","0.000","7","4","","1","1","0","0.150","0","0","0","0","0","0","","","","","","0.029","Mon, 25 Apr 2022 14:45:22 GMT","","","","","1.1","","","","","","https://www.bowlerhat.co.uk/wp-content/uploads/2015/03/new-analytics-account-or-property.jpg","2026-07-30 14:27:03"
"https://www.bowlerhat.co.uk/wp-content/uploads/2015/03/multiple-domains-report.jpg","image/jpeg","200","OK","Indexable","","","0","0","","0","0","","0","0","","0","","0","","0","","0","","0","","","","","","","","","","24334","24334","24334","9.322","","0","","","","","0.000","7","4","","0","0","0","0.000","0","0","0","0","0","0","","","","","","0.051","Mon, 25 Apr 2022 14:45:22 GMT","","","","","1.1","","","","","","https://www.bowlerhat.co.uk/wp-content/uploads/2015/03/multiple-domains-report.jpg","2026-07-30 14:27:03"
"https://www.bowlerhat.co.uk/wp-content/uploads/2015/03/tag-assistant.png","image/png","200","OK","Indexable","","","0","0","","0","0","","0","0","","0","","0","","0","","0","","0","","","","","","","","","","1929","1929","1929","0.739","","0","","","","","0.000","7","4","","0","0","0","0.000","0","0","0","0","0","0","","","","","","0.056","Mon, 25 Apr 2022 14:45:22 GMT","","","","","1.1","","","","","","https://www.bowlerhat.co.uk/wp-content/uploads/2015/03/tag-assistant.png","2026-07-30 14:27:03"
"https://www.bowlerhat.co.uk/wp-content/uploads/2015/03/custom-filter.jpg","image/jpeg","200","OK","Indexable","","","0","0","","0","0","","0","0","","0","","0","","0","","0","","0","","","","","","","","","","17925","17925","17925","6.867","","0","","","","","0.000","7","4","","0","0","0","0.000","0","0","0","0","0","0","","","","","","0.056","Mon, 25 Apr 2022 14:45:22 GMT","","","","","1.1","","","","","","https://www.bowlerhat.co.uk/wp-content/uploads/2015/03/custom-filter.jpg","2026-07-30 14:27:03"
"https://www.bowlerhat.co.uk/wp-content/uploads/2015/03/new-analytics-property.jpg","image/jpeg","200","OK","Indexable","","","0","0","","0","0","","0","0","","0","","0","","0","","0","","0","","","","","","","","","","31141","31141","31141","11.930","","0","","","","","0.000","7","4","","0","0","0","0.000","0","0","0","0","0","0","","","","","","0.060","Mon, 25 Apr 2022 14:45:22 GMT","","","","","1.1","","","","","","https://www.bowlerhat.co.uk/wp-content/uploads/2015/03/new-analytics-property.jpg","2026-07-30 14:27:04"
"https://www.bowlerhat.co.uk/2015/03/05/","text/html; charset=UTF-8","200","OK","Non-Indexable","noindex","March 5, 2015 - Bowler Hat","26","239","","0","0","","0","0","","0","","0","","0","March 5, 2015","13","","0","noindex, follow","","","","","","","","","107564","20274","20274","7.767","","140","27","5.185","83.736","Easy","1.933","7","3","","4","2","0","0.300","68","37","0","8","4","0","","","","","d0fa22e715fd320e81399aa8ebc6a1e5","0.084","Thu, 30 Jul 2026 13:27:04 GMT","","","","en-US","1.1","","","","","","https://www.bowlerhat.co.uk/2015/03/05/","2026-07-30 14:27:04"
"https://www.bowlerhat.co.uk/wp-content/uploads/2015/03/filter-for-single-domain.jpg","image/jpeg","200","OK","Indexable","","","0","0","","0","0","","0","0","","0","","0","","0","","0","","0","","","","","","","","","","16449","16449","16449","6.301","","0","","","","","0.000","7","4","","0","0","0","0.000","0","0","0","0","0","0","","","","","","0.040","Mon, 25 Apr 2022 14:45:22 GMT","","","","","1.1","","","","","","https://www.bowlerhat.co.uk/wp-content/uploads/2015/03/filter-for-single-domain.jpg","2026-07-30 14:27:04"
"https://www.bowlerhat.co.uk/is-local-search-moving-to-a-paid-model/","text/html; charset=UTF-8","200","OK","Indexable","","Is Local Search Moving to a Paid Model? - Bowler Hat","52","472","Find out the best marketing tips and tricks to optimise your website in Bowler Hats blog. Read on to find out if local search is moving to paid.","144","862","","0","0","","0","Is Local Search Moving to a Paid Model?","39","","0","Leave a Reply Cancel reply","26","","0","index, follow, max-image-preview:large, max-snippet:-1, max-video-preview:-1","","","https://www.bowlerhat.co.uk/is-local-search-moving-to-a-paid-model/","","","","","","131883","26455","26455","10.134","","1134","157","7.223","75.588","Fairly Easy","5.993","7","1","","12","5","0","0.740","74","41","0","13","9","0","","","","","c5398f3f0549cf942f8d5ce5dd96a4ce","0.068","","","","","en-US","1.1","","","","","","https://www.bowlerhat.co.uk/is-local-search-moving-to-a-paid-model/","2026-07-30 14:27:04"
"https://www.bowlerhat.co.uk/2015/03/25/","text/html; charset=UTF-8","200","OK","Non-Indexable","noindex","March 25, 2015 - Bowler Hat","27","250","","0","0","","0","0","","0","","0","","0","March 25, 2015","14","","0","noindex, follow","","","","","","","","","107436","20266","20266","7.764","","138","27","5.111","89.460","Easy","1.904","7","3","","4","2","0","0.300","68","37","0","8","4","0","","","","","8940aa611ee40a1f814e347eab64480c","0.088","Thu, 30 Jul 2026 13:27:05 GMT","","","","en-US","1.1","","","","","","https://www.bowlerhat.co.uk/2015/03/25/","2026-07-30 14:27:04"
"https://www.bowlerhat.co.uk/wp-content/uploads/fakereview.gif","image/gif","200","OK","Indexable","","","0","0","","0","0","","0","0","","0","","0","","0","","0","","0","","","","","","","","","","22904","22904","22904","8.774","","0","","","","","0.000","7","2","","0","0","0","0.000","0","0","0","0","0","0","","","","","","0.023","Mon, 25 Apr 2022 14:45:20 GMT","","","","","1.1","","","","","","https://www.bowlerhat.co.uk/wp-content/uploads/fakereview.gif","2026-07-30 14:27:04"
"https://www.bowlerhat.co.uk/2012/07/19/","text/html; charset=UTF-8","200","OK","Non-Indexable","noindex","July 19, 2012 - Bowler Hat","26","230","","0","0","","0","0","","0","","0","","0","July 19, 2012","13","","0","noindex, follow","","","","","","","","","107556","20305","20305","7.778","","139","26","5.346","84.551","Easy","1.937","7","3","","4","2","0","0.300","68","37","0","8","4","0","","","","","ecd15065a1839ec7a24cdd9a1a90a49e","0.052","Thu, 30 Jul 2026 13:27:05 GMT","","","","en-US","1.1","","","","","","https://www.bowlerhat.co.uk/2012/07/19/","2026-07-30 14:27:05"
"https://www.bowlerhat.co.uk/wp-content/uploads/amazon-resellers.png","image/png","200","OK","Indexable","","","0","0","","0","0","","0","0","","0","","0","","0","","0","","0","","","","","","","","","","43066","43066","43066","16.498","","0","","","","","0.000","7","2","","0","0","0","0.000","0","0","0","0","0","0","","","","","","0.037","Mon, 25 Apr 2022 14:45:20 GMT","","","","","1.1","","","","","","https://www.bowlerhat.co.uk/wp-content/uploads/amazon-resellers.png","2026-07-30 14:27:05"
"https://www.bowlerhat.co.uk/2012/07/12/","text/html; charset=UTF-8","200","OK","Non-Indexable","noindex","July 12, 2012 - Bowler Hat","26","230","","0","0","","0","0","","0","","0","","0","July 12, 2012","13","","0","noindex, follow","","","","","","","","","107401","20245","20245","7.755","","136","26","5.231","88.933","Easy","1.893","7","3","","4","2","0","0.300","68","37","0","8","4","0","","","","","9935661a0241b2d4940b9c8909ad82d3","0.044","Thu, 30 Jul 2026 13:27:05 GMT","","","","en-US","1.1","","","","","","https://www.bowlerhat.co.uk/2012/07/12/","2026-07-30 14:27:05"
"https://www.bowlerhat.co.uk/2016/08/25/","text/html; charset=UTF-8","200","OK","Non-Indexable","noindex","August 25, 2016 - Bowler Hat","28","257","","0","0","","0","0","","0","","0","","0","August 25, 2016","15","","0","noindex, follow","","","","","","","","","107576","20304","20304","7.778","","141","27","5.222","90.534","Very Easy","1.919","7","3","","4","2","0","0.300","68","37","0","8","4","0","","","","","99c3586592e86e96e638f0ba13b6f61","0.077","Thu, 30 Jul 2026 13:27:05 GMT","","","","en-US","1.1","","","","","","https://www.bowlerhat.co.uk/2016/08/25/","2026-07-30 14:27:05"
"https://www.bowlerhat.co.uk/2015/10/07/","text/html; charset=UTF-8","200","OK","Non-Indexable","noindex","October 7, 2015 - Bowler Hat","28","254","","0","0","","0","0","","0","","0","","0","October 7, 2015","15","","0","noindex, follow","","","","","","","","","107545","20314","20314","7.782","","141","27","5.222","91.134","Very Easy","1.922","7","3","","4","2","0","0.300","68","37","0","8","4","0","","","","","38884fa447c3ec971f9775a9600100ba","0.058","Thu, 30 Jul 2026 13:27:05 GMT","","","","en-US","1.1","","","","","","https://www.bowlerhat.co.uk/2015/10/07/","2026-07-30 14:27:05"
"https://www.bowlerhat.co.uk/wp-content/uploads/2015/02/schools-in-uk.jpg","image/jpeg","200","OK","Indexable","","","0","0","","0","0","","0","0","","0","","0","","0","","0","","0","","","","","","","","","","55101","55101","55101","21.108","","0","","","","","0.000","7","4","","0","0","0","0.000","0","0","0","0","0","0","","","","","","0.034","Mon, 25 Apr 2022 14:45:22 GMT","","","","","1.1","","","","","","https://www.bowlerhat.co.uk/wp-content/uploads/2015/02/schools-in-uk.jpg","2026-07-30 14:27:05"
"https://www.bowlerhat.co.uk/2015/02/14/","text/html; charset=UTF-8","200","OK","Non-Indexable","noindex","February 14, 2015 - Bowler Hat","30","272","","0","0","","0","0","","0","","0","","0","February 14, 2015","17","","0","noindex, follow","","","","","","","","","107456","20267","20267","7.764","","140","26","5.385","90.181","Very Easy","1.922","7","3","","4","2","0","0.300","68","37","0","8","4","0","","","","","2c15db256f705fbf10338f2c0f3f947f","0.080","Thu, 30 Jul 2026 13:27:06 GMT","","","","en-US","1.1","","","","","","https://www.bowlerhat.co.uk/2015/02/14/","2026-07-30 14:27:05"
"https://www.bowlerhat.co.uk/wp-content/uploads/2015/02/best-schools-in-america.jpg","image/jpeg","200","OK","Indexable","","","0","0","","0","0","","0","0","","0","","0","","0","","0","","0","","","","","","","","","","28004","28004","28004","10.728","","0","","","","","0.000","7","4","","1","1","0","0.150","0","0","0","0","0","0","","","","","","0.022","Mon, 25 Apr 2022 14:45:22 GMT","","","","","1.1","","","","","","https://www.bowlerhat.co.uk/wp-content/uploads/2015/02/best-schools-in-america.jpg","2026-07-30 14:27:05"
"https://www.bowlerhat.co.uk/wp-content/uploads/2015/02/search-for-a-plumber.jpg","image/jpeg","200","OK","Indexable","","","0","0","","0","0","","0","0","","0","","0","","0","","0","","0","","","","","","","","","","95334","95334","95334","36.521","","0","","","","","0.000","7","4","","0","0","0","0.000","0","0","0","0","0","0","","","","","","0.042","Mon, 25 Apr 2022 14:45:22 GMT","","","","","1.1","","","","","","https://www.bowlerhat.co.uk/wp-content/uploads/2015/02/search-for-a-plumber.jpg","2026-07-30 14:27:05"
"https://www.bowlerhat.co.uk/wp-content/uploads/2015/02/best-schools-west-midlands.jpg","image/jpeg","200","OK","Indexable","","","0","0","","0","0","","0","0","","0","","0","","0","","0","","0","","","","","","","","","","90870","90870","90870","34.811","","0","","","","","0.000","7","4","","0","0","0","0.000","0","0","0","0","0","0","","","","","","0.055","Mon, 25 Apr 2022 14:45:22 GMT","","","","","1.1","","","","","","https://www.bowlerhat.co.uk/wp-content/uploads/2015/02/best-schools-west-midlands.jpg","2026-07-30 14:27:05"
"https://www.bowlerhat.co.uk/2015/01/26/","text/html; charset=UTF-8","200","OK","Non-Indexable","noindex","January 26, 2015 - Bowler Hat","29","265","","0","0","","0","0","","0","","0","","0","January 26, 2015","16","","0","noindex, follow","","","","","","","","","107398","20247","20247","7.756","","139","26","5.346","85.768","Easy","1.913","7","3","","4","2","0","0.300","68","37","0","8","4","0","","","","","5c34ee521bee10d8fc901209795a63f5","0.070","Thu, 30 Jul 2026 13:27:06 GMT","","","","en-US","1.1","","","","","","https://www.bowlerhat.co.uk/2015/01/26/","2026-07-30 14:27:06"
"https://www.bowlerhat.co.uk/blog/page/11/","text/html; charset=UTF-8","200","OK","Indexable","","Digital Marketing Blog | Bowler Hat","35","309","Cutting-edge advice and guidance from our digital marketing experts across strategy, SEO, PPC, Web Design & Development, Social Media and Content Marketing.","156","996","","0","0","","0","","0","","0","Blog","4","","0","index, follow, max-image-preview:large, max-snippet:-1, max-video-preview:-1","","","https://www.bowlerhat.co.uk/blog/page/11/","https://www.bowlerhat.co.uk/blog/page/12/","https://www.bowlerhat.co.uk/blog/page/10/","","","","130907","23127","23127","8.860","","473","76","6.224","82.293","Easy","3.089","7","3","","9","5","0","0.740","100","50","0","8","4","0","","","","","d5f4cda9da19266aefe03f850333d7b1","0.067","Thu, 30 Jul 2026 13:27:06 GMT","","","","en-US","1.1","","","","","","https://www.bowlerhat.co.uk/blog/page/11/","2026-07-30 14:27:06"
"https://www.bowlerhat.co.uk/blog/page/10/","text/html; charset=UTF-8","200","OK","Indexable","","Digital Marketing Blog | Bowler Hat","35","309","Cutting-edge advice and guidance from our digital marketing experts across strategy, SEO, PPC, Web Design & Development, Social Media and Content Marketing.","156","996","","0","0","","0","","0","","0","Blog","4","","0","index, follow, max-image-preview:large, max-snippet:-1, max-video-preview:-1","","","https://www.bowlerhat.co.uk/blog/page/10/","https://www.bowlerhat.co.uk/blog/page/11/","https://www.bowlerhat.co.uk/blog/page/9/","","","","130431","23111","23111","8.853","","478","77","6.208","86.023","Easy","3.081","7","3","","9","5","0","0.740","100","50","0","8","4","0","","","","","fa9cf17c3d178cf5ab2f736da73f87ff","0.046","Thu, 30 Jul 2026 13:27:06 GMT","","","","en-US","1.1","","","","","","https://www.bowlerhat.co.uk/blog/page/10/","2026-07-30 14:27:06"
"https://www.bowlerhat.co.uk/wp2/wp-content/uploads/2012/07/Internet-Marketing-Strategy1.png","image/png","200","OK","Indexable","","","0","0","","0","0","","0","0","","0","","0","","0","","0","","0","","","","","","","","","","113298","113298","113298","43.402","","0","","","","","0.000","7","5","","0","0","0","0.000","0","0","0","0","0","0","","","","","","0.034","Mon, 25 Apr 2022 14:45:19 GMT","","","","","1.1","","","","","","https://www.bowlerhat.co.uk/wp2/wp-content/uploads/2012/07/Internet-Marketing-Strategy1.png","2026-07-30 14:27:06"
"https://www.bowlerhat.co.uk/2012/07/02/","text/html; charset=UTF-8","200","OK","Non-Indexable","noindex","July 2, 2012 - Bowler Hat","25","219","","0","0","","0","0","","0","","0","","0","July 2, 2012","12","","0","noindex, follow","","","","","","","","","107533","20272","20272","7.766","","136","27","5.037","84.775","Easy","1.915","7","3","","4","2","0","0.300","68","37","0","8","4","0","","","","","bd41f84969e8005e0652de64c9c8e190","0.113","Thu, 30 Jul 2026 13:27:06 GMT","","","","en-US","1.1","","","","","","https://www.bowlerhat.co.uk/2012/07/02/","2026-07-30 14:27:06"
"https://www.bowlerhat.co.uk/blog/page/22/","text/html; charset=UTF-8","200","OK","Indexable","","Digital Marketing Blog | Bowler Hat","35","309","Cutting-edge advice and guidance from our digital marketing experts across strategy, SEO, PPC, Web Design & Development, Social Media and Content Marketing.","156","996","","0","0","","0","","0","","0","Blog","4","","0","index, follow, max-image-preview:large, max-snippet:-1, max-video-preview:-1","","","https://www.bowlerhat.co.uk/blog/page/22/","https://www.bowlerhat.co.uk/blog/page/23/","https://www.bowlerhat.co.uk/blog/page/21/","","","","128402","22429","22429","8.592","","453","77","5.883","86.943","Easy","3.011","7","3","","9","5","0","0.740","100","50","0","8","4","0","","","","","b984d0d89ec45a6a9f612807aeb1f5fe","0.072","Thu, 30 Jul 2026 13:27:06 GMT","","","","en-US","1.1","","","","","","https://www.bowlerhat.co.uk/blog/page/22/","2026-07-30 14:27:06"
"https://www.bowlerhat.co.uk/2012/05/02/","text/html; charset=UTF-8","200","OK","Non-Indexable","noindex","May 2, 2012 - Bowler Hat","24","220","","0","0","","0","0","","0","","0","","0","May 2, 2012","11","","0","noindex, follow","","","","","","","","","109734","20512","20512","7.858","","179","37","4.838","89.440","Easy","2.084","7","3","","5","3","0","0.450","71","38","0","8","4","0","","","","","81f7ab6c3ac042eb9f42e3227d3d311c","0.077","Thu, 30 Jul 2026 13:27:07 GMT","","","","en-US","1.1","","","","","","https://www.bowlerhat.co.uk/2012/05/02/","2026-07-30 14:27:06"
"https://www.bowlerhat.co.uk/2012/07/09/","text/html; charset=UTF-8","200","OK","Non-Indexable","noindex","July 9, 2012 - Bowler Hat","25","219","","0","0","","0","0","","0","","0","","0","July 9, 2012","12","","0","noindex, follow","","","","","","","","","107406","20255","20255","7.759","","135","27","5.000","80.187","Easy","1.927","7","3","","4","2","0","0.300","68","37","0","8","4","0","","","","","c924339ca47fdb00dfca7a0133244585","0.058","Thu, 30 Jul 2026 13:27:07 GMT","","","","en-US","1.1","","","","","","https://www.bowlerhat.co.uk/2012/07/09/","2026-07-30 14:27:06"
"https://www.bowlerhat.co.uk/blog/page/23/","text/html; charset=UTF-8","200","OK","Indexable","","Digital Marketing Blog | Bowler Hat","35","309","Cutting-edge advice and guidance from our digital marketing experts across strategy, SEO, PPC, Web Design & Development, Social Media and Content Marketing.","156","996","","0","0","","0","","0","","0","Blog","4","","0","index, follow, max-image-preview:large, max-snippet:-1, max-video-preview:-1","","","https://www.bowlerhat.co.uk/blog/page/23/","https://www.bowlerhat.co.uk/blog/page/24/","https://www.bowlerhat.co.uk/blog/page/22/","","","","128076","22284","22284","8.537","","454","67","6.776","92.810","Very Easy","2.971","7","3","","9","5","0","0.740","100","50","0","8","4","0","","","","","c0db4750e974185288b57e4280830e1b","0.070","Thu, 30 Jul 2026 13:27:07 GMT","","","","en-US","1.1","","","","","","https://www.bowlerhat.co.uk/blog/page/23/","2026-07-30 14:27:07"
"https://www.bowlerhat.co.uk/2012/04/18/","text/html; charset=UTF-8","200","OK","Non-Indexable","noindex","April 18, 2012 - Bowler Hat","27","235","","0","0","","0","0","","0","","0","","0","April 18, 2012","14","","0","noindex, follow","","","","","","","","","107457","20259","20259","7.761","","139","26","5.346","83.334","Easy","1.933","7","3","","4","2","0","0.300","68","37","0","8","4","0","","","","","2929905f5d7195f16cc3bd7fb4ddd006","0.066","Thu, 30 Jul 2026 13:27:08 GMT","","","","en-US","1.1","","","","","","https://www.bowlerhat.co.uk/2012/04/18/","2026-07-30 14:27:07"
"https://www.bowlerhat.co.uk/2012/04/25/","text/html; charset=UTF-8","200","OK","Non-Indexable","noindex","April 25, 2012 - Bowler Hat","27","235","","0","0","","0","0","","0","","0","","0","April 25, 2012","14","","0","noindex, follow","","","","","","","","","109897","20571","20571","7.880","","185","31","5.968","83.710","Easy","2.121","7","3","","5","3","0","0.450","71","38","0","8","4","0","","","","","a8f9f6a7ba02ecd1ffc0688bdd5164a7","0.054","Thu, 30 Jul 2026 13:27:08 GMT","","","","en-US","1.1","","","","","","https://www.bowlerhat.co.uk/2012/04/25/","2026-07-30 14:27:08"
"https://www.bowlerhat.co.uk/2012/04/27/","text/html; charset=UTF-8","200","OK","Non-Indexable","noindex","April 27, 2012 - Bowler Hat","27","235","","0","0","","0","0","","0","","0","","0","April 27, 2012","14","","0","noindex, follow","","","","","","","","","107511","20316","20316","7.783","","139","26","5.346","85.768","Easy","1.929","7","3","","4","2","0","0.300","68","37","0","8","4","0","","","","","540cedb7315a671958b85fae6b035cb0","0.066","Thu, 30 Jul 2026 13:27:09 GMT","","","","en-US","1.1","","","","","","https://www.bowlerhat.co.uk/2012/04/27/","2026-07-30 14:27:09"
"https://www.bowlerhat.co.uk/2012/04/30/","text/html; charset=UTF-8","200","OK","Non-Indexable","noindex","April 30, 2012 - Bowler Hat","27","235","","0","0","","0","0","","0","","0","","0","April 30, 2012","14","","0","noindex, follow","","","","","","","","","107480","20262","20262","7.762","","136","31","4.387","86.679","Easy","1.907","7","3","","4","2","0","0.300","68","37","0","8","4","0","","","","","270e06f2b58bcabc84408846159e5900","0.068","Thu, 30 Jul 2026 13:27:11 GMT","","","","en-US","1.1","","","","","","https://www.bowlerhat.co.uk/2012/04/30/","2026-07-30 14:27:10"
"https://www.bowlerhat.co.uk/wp-content/uploads/2020/02/sadasdasdAsset-3white-version-1-150x150.png","image/webp","200","OK","Indexable","","","0","0","","0","0","","0","0","","0","","0","","0","","0","","0","","","","","","","","","","1196","1196","1196","0.458","","0","","","","","0.000","7","4","","0","0","0","0.000","0","0","0","0","0","0","","","","","","0.021","Mon, 25 Apr 2022 14:45:20 GMT","","","","","1.1","","","","","","https://www.bowlerhat.co.uk/wp-content/uploads/2020/02/sadasdasdAsset-3white-version-1-150x150.png","2026-07-30 14:27:11"
"https://www.bowlerhat.co.uk/blog/page/21/","text/html; charset=UTF-8","200","OK","Indexable","","Digital Marketing Blog | Bowler Hat","35","309","Cutting-edge advice and guidance from our digital marketing experts across strategy, SEO, PPC, Web Design & Development, Social Media and Content Marketing.","156","996","","0","0","","0","","0","","0","Blog","4","","0","index, follow, max-image-preview:large, max-snippet:-1, max-video-preview:-1","","","https://www.bowlerhat.co.uk/blog/page/21/","https://www.bowlerhat.co.uk/blog/page/22/","https://www.bowlerhat.co.uk/blog/page/20/","","","","128399","22540","22540","8.635","","464","73","6.356","85.882","Easy","3.037","8","3","","9","5","0","0.740","100","50","0","8","4","0","","","","","9e174f1880943450676d9660420fcb","0.068","Thu, 30 Jul 2026 13:27:11 GMT","","","","en-US","1.1","","","","","","https://www.bowlerhat.co.uk/blog/page/21/","2026-07-30 14:27:11"
"https://www.bowlerhat.co.uk/blog/page/20/","text/html; charset=UTF-8","200","OK","Indexable","","Digital Marketing Blog | Bowler Hat","35","309","Cutting-edge advice and guidance from our digital marketing experts across strategy, SEO, PPC, Web Design & Development, Social Media and Content Marketing.","156","996","","0","0","","0","","0","","0","Blog","4","","0","index, follow, max-image-preview:large, max-snippet:-1, max-video-preview:-1","","","https://www.bowlerhat.co.uk/blog/page/20/","https://www.bowlerhat.co.uk/blog/page/21/","https://www.bowlerhat.co.uk/blog/page/19/","","","","128231","22438","22438","8.596","","465","71","6.549","89.207","Easy","2.982","8","3","","9","5","0","0.740","100","50","0","8","4","0","","","","","ff194acd2cdd650567642954d599f979","0.051","Thu, 30 Jul 2026 13:27:11 GMT","","","","en-US","1.1","","","","","","https://www.bowlerhat.co.uk/blog/page/20/","2026-07-30 14:27:11"
"https://www.bowlerhat.co.uk/blog/page/13/","text/html; charset=UTF-8","200","OK","Indexable","","Digital Marketing Blog | Bowler Hat","35","309","Cutting-edge advice and guidance from our digital marketing experts across strategy, SEO, PPC, Web Design & Development, Social Media and Content Marketing.","156","996","","0","0","","0","","0","","0","Blog","4","","0","index, follow, max-image-preview:large, max-snippet:-1, max-video-preview:-1","","","https://www.bowlerhat.co.uk/blog/page/13/","https://www.bowlerhat.co.uk/blog/page/14/","https://www.bowlerhat.co.uk/blog/page/12/","","","","129432","23004","23004","8.812","","469","76","6.171","83.322","Easy","3.123","8","3","","9","5","0","0.740","100","50","0","8","4","0","","","","","fca98e9bcdfcf29744effa36df78fec5","0.060","Thu, 30 Jul 2026 13:27:11 GMT","","","","en-US","1.1","","","","","","https://www.bowlerhat.co.uk/blog/page/13/","2026-07-30 14:27:11"
"https://www.bowlerhat.co.uk/blog/page/12/","text/html; charset=UTF-8","200","OK","Indexable","","Digital Marketing Blog | Bowler Hat","35","309","Cutting-edge advice and guidance from our digital marketing experts across strategy, SEO, PPC, Web Design & Development, Social Media and Content Marketing.","156","996","","0","0","","0","","0","","0","Blog","4","","0","index, follow, max-image-preview:large, max-snippet:-1, max-video-preview:-1","","","https://www.bowlerhat.co.uk/blog/page/12/","https://www.bowlerhat.co.uk/blog/page/13/","https://www.bowlerhat.co.uk/blog/page/11/","","","","129762","23132","23132","8.861","","484","70","6.914","87.949","Easy","3.097","8","3","","9","5","0","0.740","100","50","0","8","4","0","","","","","cfa61eb1d875c865100287bdff9ffe7a","0.046","Thu, 30 Jul 2026 13:27:11 GMT","","","","en-US","1.1","","","","","","https://www.bowlerhat.co.uk/blog/page/12/","2026-07-30 14:27:11"
"https://www.bowlerhat.co.uk/2015/04/12/","text/html; charset=UTF-8","200","OK","Non-Indexable","noindex","April 12, 2015 - Bowler Hat","27","235","","0","0","","0","0","","0","","0","","0","April 12, 2015","14","","0","noindex, follow","","","","","","","","","107479","20269","20269","7.765","","139","27","5.148","83.535","Easy","1.933","8","3","","4","2","0","0.300","68","37","0","8","4","0","","","","","288ea84cf07aa8bbffea2825b7c68f54","0.051","Thu, 30 Jul 2026 13:27:11 GMT","","","","en-US","1.1","","","","","","https://www.bowlerhat.co.uk/2015/04/12/","2026-07-30 14:27:11"
"https://www.bowlerhat.co.uk/wp-content/uploads/2015/04/sponsored-local-listings.png","image/png","200","OK","Indexable","","","0","0","","0","0","","0","0","","0","","0","","0","","0","","0","","","","","","","","","","91921","91921","91921","35.213","","0","","","","","0.000","8","4","","1","1","0","0.150","0","0","0","0","0","0","","","","","","0.033","Mon, 25 Apr 2022 14:45:22 GMT","","","","","1.1","","","","","","https://www.bowlerhat.co.uk/wp-content/uploads/2015/04/sponsored-local-listings.png","2026-07-30 14:27:11"
"https://www.bowlerhat.co.uk/can-anyone-do-seo/","text/html; charset=UTF-8","200","OK","Indexable","","Can Anyone do SEO? - Bowler Hat","31","298","Can anyone do SEO? Can your webs designer? Can your local SEO firm? What techniques are they using? Is it safe? These Questions answered & a few more posed.","156","1007","","0","0","","0","Can Anyone do SEO?","18","","0","","0","Leave a Reply Cancel reply","26","index, follow, max-image-preview:large, max-snippet:-1, max-video-preview:-1","","","https://www.bowlerhat.co.uk/can-anyone-do-seo/","","","","","","145354","32555","32555","12.471","","3884","483","8.041","80.464","Easy","15.636","8","1","","12","5","0","0.740","81","42","0","17","11","0","","","","","78c075470f0029d3ac83dfbb086a9fdb","0.084","","","","","en-US","1.1","","","","","","https://www.bowlerhat.co.uk/can-anyone-do-seo/","2026-07-30 14:27:11"
"https://www.bowlerhat.co.uk/wp-content/uploads/2015/04/local-adverts-for-hotels.png","image/png","200","OK","Indexable","","","0","0","","0","0","","0","0","","0","","0","","0","","0","","0","","","","","","","","","","102008","102008","102008","39.077","","0","","","","","0.000","8","4","","1","1","0","0.150","0","0","0","0","0","0","","","","","","0.024","Mon, 25 Apr 2022 14:45:22 GMT","","","","","1.1","","","","","","https://www.bowlerhat.co.uk/wp-content/uploads/2015/04/local-adverts-for-hotels.png","2026-07-30 14:27:11"
"https://www.bowlerhat.co.uk/canonical-urls-for-seo/","text/html; charset=UTF-8","200","OK","Indexable","","Canonical URLs for SEO - Implementation Guide | Bowler Hat","58","539","Guide to correct implementation of canonical URLs for SEO. Details of common problems and how to avoid a botched implementation.","128","827","","0","0","","0","Canonical URLs for SEO – The Good, Bad & Ugly","45","","0","the good - how to correctly implement canonical URLs for SEO","60","4 Responses","11","index, follow, max-image-preview:large, max-snippet:-1, max-video-preview:-1","","","https://www.bowlerhat.co.uk/canonical-urls-for-seo/","","","","","","139438","28019","28019","10.734","","1608","346","4.647","70.430","Fairly Easy","8.106","8","1","","21","5","0","0.740","85","42","0","18","13","0","","","","","66ad5e23c2c8dcc4117682d3f3cc48b5","0.064","","","","","en-US","1.1","","","","","","https://www.bowlerhat.co.uk/canonical-urls-for-seo/","2026-07-30 14:27:11"
"https://www.bowlerhat.co.uk/2015/06/26/","text/html; charset=UTF-8","200","OK","Non-Indexable","noindex","June 26, 2015 - Bowler Hat","26","238","","0","0","","0","0","","0","","0","","0","June 26, 2015","13","","0","noindex, follow","","","","","","","","","107463","20254","20254","7.759","","136","26","5.231","87.689","Easy","1.914","8","3","","4","2","0","0.300","68","37","0","8","4","0","","","","","a2beb196c2cfc6e256e7332611c10607","0.050","Thu, 30 Jul 2026 13:27:12 GMT","","","","en-US","1.1","","","","","","https://www.bowlerhat.co.uk/2015/06/26/","2026-07-30 14:27:11"
"https://www.bowlerhat.co.uk/2013/06/05/","text/html; charset=UTF-8","200","OK","Non-Indexable","noindex","June 5, 2013 - Bowler Hat","25","227","","0","0","","0","0","","0","","0","","0","June 5, 2013","12","","0","noindex, follow","","","","","","","","","107436","20264","20264","7.763","","137","26","5.269","84.158","Easy","1.926","8","3","","4","2","0","0.300","68","37","0","8","4","0","","","","","c8508b3a8ce5ebd542feebabb79a75f7","0.051","Thu, 30 Jul 2026 13:27:12 GMT","","","","en-US","1.1","","","","","","https://www.bowlerhat.co.uk/2013/06/05/","2026-07-30 14:27:12"
"https://www.bowlerhat.co.uk/2013/06/21/","text/html; charset=UTF-8","200","OK","Non-Indexable","noindex","June 21, 2013 - Bowler Hat","26","238","","0","0","","0","0","","0","","0","","0","June 21, 2013","13","","0","noindex, follow","","","","","","","","","107460","20271","20271","7.765","","138","26","5.308","91.100","Very Easy","1.903","8","3","","4","2","0","0.300","68","37","0","8","4","0","","","","","4e4df0b33bf35f1931e5b31a13e5994c","0.045","Thu, 30 Jul 2026 13:27:12 GMT","","","","en-US","1.1","","","","","","https://www.bowlerhat.co.uk/2013/06/21/","2026-07-30 14:27:12"
"https://www.bowlerhat.co.uk/wp-content/uploads/2014/04/reviews-from-around-the-web.png","image/png","200","OK","Indexable","","","0","0","","0","0","","0","0","","0","","0","","0","","0","","0","","","","","","","","","","10694","10694","10694","4.097","","0","","","","","0.000","8","4","","0","0","0","0.000","0","0","0","0","0","0","","","","","","0.036","Mon, 25 Apr 2022 14:45:22 GMT","","","","","1.1","","","","","","https://www.bowlerhat.co.uk/wp-content/uploads/2014/04/reviews-from-around-the-web.png","2026-07-30 14:27:12"
"https://www.bowlerhat.co.uk/wp-content/uploads/2014/04/hotel-reviews-local-results.png","image/png","200","OK","Indexable","","","0","0","","0","0","","0","0","","0","","0","","0","","0","","0","","","","","","","","","","75766","75766","75766","29.025","","0","","","","","0.000","8","4","","0","0","0","0.000","0","0","0","0","0","0","","","","","","0.058","Mon, 25 Apr 2022 14:45:22 GMT","","","","","1.1","","","","","","https://www.bowlerhat.co.uk/wp-content/uploads/2014/04/hotel-reviews-local-results.png","2026-07-30 14:27:12"
"https://www.bowlerhat.co.uk/understand-your-business/","text/html; charset=UTF-8","200","OK","Indexable","","Does Google Understand Your Business? - Bowler Hat","50","475","Can Google understand your address or phone number? Make sure your eager, local customers can find you in the local search results.","131","829","","0","0","","0","Does Google Understand Your Business?","37","","0","Leave a Reply Cancel reply","26","","0","index, follow, max-image-preview:large, max-snippet:-1, max-video-preview:-1","","","https://www.bowlerhat.co.uk/understand-your-business/","","","","","","128058","25573","25573","9.797","","1038","147","7.061","81.489","Easy","5.514","8","1","","13","6","0","0.890","76","42","0","11","7","0","","","","","2ebc6d5db4f73b8c44b4c3e53998c13","0.070","","","","","en-US","1.1","","","","","","https://www.bowlerhat.co.uk/understand-your-business/","2026-07-30 14:27:12"
"https://www.bowlerhat.co.uk/2014/04/01/","text/html; charset=UTF-8","200","OK","Non-Indexable","noindex","April 1, 2014 - Bowler Hat","26","224","","0","0","","0","0","","0","","0","","0","April 1, 2014","13","","0","noindex, follow","","","","","","","","","107474","20257","20257","7.760","","137","26","5.269","82.306","Easy","1.919","8","3","","4","2","0","0.300","68","37","0","8","4","0","","","","","da7591a35cfa222804f25d014126b62","0.048","Thu, 30 Jul 2026 13:27:13 GMT","","","","en-US","1.1","","","","","","https://www.bowlerhat.co.uk/2014/04/01/","2026-07-30 14:27:12"
"https://www.bowlerhat.co.uk/wp-content/uploads/2014/04/Hotel-Du-Vin.png","image/png","200","OK","Indexable","","","0","0","","0","0","","0","0","","0","","0","","0","","0","","0","","","","","","","","","","45451","45451","45451","17.411","","0","","","","","0.000","8","4","","0","0","0","0.000","0","0","0","0","0","0","","","","","","0.032","Mon, 25 Apr 2022 14:45:22 GMT","","","","","1.1","","","","","","https://www.bowlerhat.co.uk/wp-content/uploads/2014/04/Hotel-Du-Vin.png","2026-07-30 14:27:12"
"https://www.bowlerhat.co.uk/wp-content/uploads/2014/04/ppc-and-hotel-reviews-1024x412.png","image/png","200","OK","Indexable","","","0","0","","0","0","","0","0","","0","","0","","0","","0","","0","","","","","","","","","","259637","259637","259637","99.462","","0","","","","","0.000","8","4","","0","0","0","0.000","0","0","0","0","0","0","","","","","","0.051","Mon, 25 Apr 2022 14:45:22 GMT","","","","","1.1","","","","","","https://www.bowlerhat.co.uk/wp-content/uploads/2014/04/ppc-and-hotel-reviews-1024x412.png","2026-07-30 14:27:12"
"https://www.bowlerhat.co.uk/wp-content/uploads/2014/04/similar-results.png","image/png","200","OK","Indexable","","","0","0","","0","0","","0","0","","0","","0","","0","","0","","0","","","","","","","","","","3672","3672","3672","1.407","","0","","","","","0.000","8","4","","0","0","0","0.000","0","0","0","0","0","0","","","","","","0.061","Mon, 25 Apr 2022 14:45:22 GMT","","","","","1.1","","","","","","https://www.bowlerhat.co.uk/wp-content/uploads/2014/04/similar-results.png","2026-07-30 14:27:12"
"https://www.bowlerhat.co.uk/wp-content/uploads/2014/04/https-http-duplicates.png","image/png","200","OK","Indexable","","","0","0","","0","0","","0","0","","0","","0","","0","","0","","0","","","","","","","","","","19067","19067","19067","7.304","","0","","","","","0.000","8","4","","1","1","0","0.150","0","0","0","0","0","0","","","","","","0.037","Mon, 25 Apr 2022 14:45:22 GMT","","","","","1.1","","","","","","https://www.bowlerhat.co.uk/wp-content/uploads/2014/04/https-http-duplicates.png","2026-07-30 14:27:12"
"https://www.bowlerhat.co.uk/tweetbook-banner-profile-picture-size/","text/html; charset=UTF-8","200","OK","Indexable","","Banner & Profile Image Sizes For New Twitter Layout | Bowler Hat","64","584","Image dimensions for the latest Twitter profile update, allowing you to create the perfect banners and profile images for your Twitter profile.","143","859","","0","0","","0","Tweet’book Banner & Profile Image Sizes","39","","0","2 Responses","11","Leave a Reply Cancel reply","26","index, follow, max-image-preview:large, max-snippet:-1, max-video-preview:-1","","","https://www.bowlerhat.co.uk/tweetbook-banner-profile-picture-size/","","","","","","130279","25710","25710","9.849","","828","126","6.571","84.811","Easy","4.482","8","1","","16","5","0","0.740","79","41","0","14","10","0","","","","","2809d02ac07a21254787d2d73acd50c2","0.068","","","","","en-US","1.1","","","","","","https://www.bowlerhat.co.uk/tweetbook-banner-profile-picture-size/","2026-07-30 14:27:13"
"https://www.bowlerhat.co.uk/2014/04/15/","text/html; charset=UTF-8","200","OK","Non-Indexable","noindex","April 15, 2014 - Bowler Hat","27","235","","0","0","","0","0","","0","","0","","0","April 15, 2014","14","","0","noindex, follow","","","","","","","","","107577","20301","20301","7.777","","141","26","5.423","88.531","Easy","1.921","8","3","","4","2","0","0.300","68","37","0","8","4","0","","","","","28aaef3b91803fe9d2be36863a0cfa5","0.051","Thu, 30 Jul 2026 13:27:13 GMT","","","","en-US","1.1","","","","","","https://www.bowlerhat.co.uk/2014/04/15/","2026-07-30 14:27:13"
"https://www.bowlerhat.co.uk/wp-content/uploads/2014/04/firefox-not-trusted.jpg","image/jpeg","200","OK","Indexable","","","0","0","","0","0","","0","0","","0","","0","","0","","0","","0","","","","","","","","","","86520","86520","86520","33.144","","0","","","","","0.000","8","4","","0","0","0","0.000","0","0","0","0","0","0","","","","","","0.034","Mon, 25 Apr 2022 14:45:22 GMT","","","","","1.1","","","","","","https://www.bowlerhat.co.uk/wp-content/uploads/2014/04/firefox-not-trusted.jpg","2026-07-30 14:27:13"
"https://www.bowlerhat.co.uk/wp-content/uploads/2014/04/changes-1024x326.png","image/png","200","OK","Indexable","","","0","0","","0","0","","0","0","","0","","0","","0","","0","","0","","","","","","","","","","285743","285743","285743","109.463","","0","","","","","0.000","9","4","","0","0","0","0.000","0","0","0","0","0","0","","","","","","0.048","Mon, 25 Apr 2022 14:45:22 GMT","","","","","1.1","","","","","","https://www.bowlerhat.co.uk/wp-content/uploads/2014/04/changes-1024x326.png","2026-07-30 14:27:13"
"https://www.bowlerhat.co.uk/2014/04/09/","text/html; charset=UTF-8","200","OK","Non-Indexable","noindex","April 9, 2014 - Bowler Hat","26","224","","0","0","","0","0","","0","","0","","0","April 9, 2014","13","","0","noindex, follow","","","","","","","","","107523","20293","20293","7.774","","139","27","5.148","84.752","Easy","1.926","9","3","","4","2","0","0.300","68","37","0","8","4","0","","","","","44b5e308a671a11fabdfa08babbf4cd2","0.086","Thu, 30 Jul 2026 13:27:13 GMT","","","","en-US","1.1","","","","","","https://www.bowlerhat.co.uk/2014/04/09/","2026-07-30 14:27:13"
"https://www.bowlerhat.co.uk/wp-content/uploads/2014/04/sizedimensions1-1024x357.jpg","image/jpeg","200","OK","Indexable","","","0","0","","0","0","","0","0","","0","","0","","0","","0","","0","","","","","","","","","","17876","17876","17876","6.848","","0","","","","","0.000","9","4","","0","0","0","0.000","0","0","0","0","0","0","","","","","","0.018","Mon, 25 Apr 2022 14:45:22 GMT","","","","","1.1","","","","","","https://www.bowlerhat.co.uk/wp-content/uploads/2014/04/sizedimensions1-1024x357.jpg","2026-07-30 14:27:13"
"https://www.bowlerhat.co.uk/wp-content/uploads/2014/04/knowledgebox.jpg","image/jpeg","200","OK","Indexable","","","0","0","","0","0","","0","0","","0","","0","","0","","0","","0","","","","","","","","","","27800","27800","27800","10.650","","0","","","","","0.000","9","4","","0","0","0","0.000","0","0","0","0","0","0","","","","","","0.049","Mon, 25 Apr 2022 14:45:22 GMT","","","","","1.1","","","","","","https://www.bowlerhat.co.uk/wp-content/uploads/2014/04/knowledgebox.jpg","2026-07-30 14:27:14"
"https://www.bowlerhat.co.uk/2014/04/07/","text/html; charset=UTF-8","200","OK","Non-Indexable","noindex","April 7, 2014 - Bowler Hat","26","224","","0","0","","0","0","","0","","0","","0","April 7, 2014","13","","0","noindex, follow","","","","","","","","","107432","20234","20234","7.751","","136","29","4.690","82.640","Easy","1.933","9","3","","4","2","0","0.300","68","37","0","8","4","0","","","","","77d9df6b7629713e877df9542255bb0a","0.089","Thu, 30 Jul 2026 13:27:15 GMT","","","","en-US","1.1","","","","","","https://www.bowlerhat.co.uk/2014/04/07/","2026-07-30 14:27:14"
"https://www.bowlerhat.co.uk/wp-content/uploads/the-good.png","image/png","200","OK","Indexable","","","0","0","","0","0","","0","0","","0","","0","","0","","0","","0","","","","","","","","","","178529","178529","178529","68.391","","0","","","","","0.000","9","2","","0","0","0","0.000","0","0","0","0","0","0","","","","","","0.029","Mon, 25 Apr 2022 14:45:20 GMT","","","","","1.1","","","","","","https://www.bowlerhat.co.uk/wp-content/uploads/the-good.png","2026-07-30 14:27:15"
"https://www.bowlerhat.co.uk/2015/06/13/","text/html; charset=UTF-8","200","OK","Non-Indexable","noindex","June 13, 2015 - Bowler Hat","26","238","","0","0","","0","0","","0","","0","","0","June 13, 2015","13","","0","noindex, follow","","","","","","","","","107449","20279","20279","7.768","","143","27","5.296","88.462","Easy","1.936","9","3","","4","2","0","0.300","68","37","0","8","4","0","","","","","e77653cd0d6e34edc142fcb24b8cea5c","0.070","Thu, 30 Jul 2026 13:27:15 GMT","","","","en-US","1.1","","","","","","https://www.bowlerhat.co.uk/2015/06/13/","2026-07-30 14:27:15"
"https://www.bowlerhat.co.uk/wp-content/uploads/the-ugly.png","image/png","200","OK","Indexable","","","0","0","","0","0","","0","0","","0","","0","","0","","0","","0","","","","","","","","","","200651","200651","200651","76.866","","0","","","","","0.000","9","2","","0","0","0","0.000","0","0","0","0","0","0","","","","","","0.021","Mon, 25 Apr 2022 14:45:20 GMT","","","","","1.1","","","","","","https://www.bowlerhat.co.uk/wp-content/uploads/the-ugly.png","2026-07-30 14:27:15"
"https://www.bowlerhat.co.uk/wp-content/uploads/good-bad-ugly-copy.jpg","image/jpeg","200","OK","Indexable","","","0","0","","0","0","","0","0","","0","","0","","0","","0","","0","","","","","","","","","","100196","100196","100196","38.383","","0","","","","","0.000","9","2","","1","1","0","0.150","0","0","0","0","0","0","","","","","","0.043","Mon, 25 Apr 2022 14:45:20 GMT","","","","","1.1","","","","","","https://www.bowlerhat.co.uk/wp-content/uploads/good-bad-ugly-copy.jpg","2026-07-30 14:27:15"
"https://www.bowlerhat.co.uk/2015/04/22/","text/html; charset=UTF-8","200","OK","Non-Indexable","noindex","April 22, 2015 - Bowler Hat","27","235","","0","0","","0","0","","0","","0","","0","April 22, 2015","14","","0","noindex, follow","","","","","","","","","107335","20247","20247","7.756","","135","28","4.821","90.395","Very Easy","1.893","9","3","","4","2","0","0.300","68","37","0","8","4","0","","","","","e62a958c5fca2d71cace183b30ae9a51","0.066","Thu, 30 Jul 2026 13:27:15 GMT","","","","en-US","1.1","","","","","","https://www.bowlerhat.co.uk/2015/04/22/","2026-07-30 14:27:15"
"https://www.bowlerhat.co.uk/blog/page/15/","text/html; charset=UTF-8","200","OK","Indexable","","Digital Marketing Blog | Bowler Hat","35","309","Cutting-edge advice and guidance from our digital marketing experts across strategy, SEO, PPC, Web Design & Development, Social Media and Content Marketing.","156","996","","0","0","","0","","0","","0","Blog","4","","0","index, follow, max-image-preview:large, max-snippet:-1, max-video-preview:-1","","","https://www.bowlerhat.co.uk/blog/page/15/","https://www.bowlerhat.co.uk/blog/page/16/","https://www.bowlerhat.co.uk/blog/page/14/","","","","128601","22535","22535","8.633","","450","76","5.921","88.589","Easy","2.980","9","3","","9","5","0","0.740","100","50","0","8","4","0","","","","","9b25bf741156b4de3e9eb866ad4e99b3","0.062","Thu, 30 Jul 2026 13:27:16 GMT","","","","en-US","1.1","","","","","","https://www.bowlerhat.co.uk/blog/page/15/","2026-07-30 14:27:16"
"https://www.bowlerhat.co.uk/blog/page/14/","text/html; charset=UTF-8","200","OK","Indexable","","Digital Marketing Blog | Bowler Hat","35","309","Cutting-edge advice and guidance from our digital marketing experts across strategy, SEO, PPC, Web Design & Development, Social Media and Content Marketing.","156","996","","0","0","","0","","0","","0","Blog","4","","0","index, follow, max-image-preview:large, max-snippet:-1, max-video-preview:-1","","","https://www.bowlerhat.co.uk/blog/page/14/","https://www.bowlerhat.co.uk/blog/page/15/","https://www.bowlerhat.co.uk/blog/page/13/","","","","129161","22917","22917","8.779","","472","78","6.051","80.604","Easy","3.119","9","3","","9","5","0","0.740","100","50","0","8","4","0","","","","","4501154f471dad6c0be020715bbbad34","0.064","Thu, 30 Jul 2026 13:27:16 GMT","","","","en-US","1.1","","","","","","https://www.bowlerhat.co.uk/blog/page/14/","2026-07-30 14:27:16"
"https://www.bowlerhat.co.uk/blog/page/18/","text/html; charset=UTF-8","200","OK","Indexable","","Digital Marketing Blog | Bowler Hat","35","309","Cutting-edge advice and guidance from our digital marketing experts across strategy, SEO, PPC, Web Design & Development, Social Media and Content Marketing.","156","996","","0","0","","0","","0","","0","Blog","4","","0","index, follow, max-image-preview:large, max-snippet:-1, max-video-preview:-1","","","https://www.bowlerhat.co.uk/blog/page/18/","https://www.bowlerhat.co.uk/blog/page/19/","https://www.bowlerhat.co.uk/blog/page/17/","","","","128611","22760","22760","8.719","","468","76","6.158","82.181","Easy","3.080","9","3","","9","5","0","0.740","100","50","0","8","4","0","","","","","eb67affa75048c969e8d985530a8b040","0.036","Thu, 30 Jul 2026 13:27:16 GMT","","","","en-US","1.1","","","","","","https://www.bowlerhat.co.uk/blog/page/18/","2026-07-30 14:27:16"
"https://www.bowlerhat.co.uk/blog/page/19/","text/html; charset=UTF-8","200","OK","Indexable","","Digital Marketing Blog | Bowler Hat","35","309","Cutting-edge advice and guidance from our digital marketing experts across strategy, SEO, PPC, Web Design & Development, Social Media and Content Marketing.","156","996","","0","0","","0","","0","","0","Blog","4","","0","index, follow, max-image-preview:large, max-snippet:-1, max-video-preview:-1","","","https://www.bowlerhat.co.uk/blog/page/19/","https://www.bowlerhat.co.uk/blog/page/20/","https://www.bowlerhat.co.uk/blog/page/18/","","","","128271","22575","22575","8.648","","461","75","6.147","90.488","Very Easy","3.016","9","3","","9","5","0","0.740","100","50","0","8","4","0","","","","","d2daf94179830baab0fa418fcaec91c5","0.049","Thu, 30 Jul 2026 13:27:16 GMT","","","","en-US","1.1","","","","","","https://www.bowlerhat.co.uk/blog/page/19/","2026-07-30 14:27:16"
"https://www.bowlerhat.co.uk/blog/page/16/","text/html; charset=UTF-8","200","OK","Indexable","","Digital Marketing Blog | Bowler Hat","35","309","Cutting-edge advice and guidance from our digital marketing experts across strategy, SEO, PPC, Web Design & Development, Social Media and Content Marketing.","156","996","","0","0","","0","","0","","0","Blog","4","","0","index, follow, max-image-preview:large, max-snippet:-1, max-video-preview:-1","","","https://www.bowlerhat.co.uk/blog/page/16/","https://www.bowlerhat.co.uk/blog/page/17/","https://www.bowlerhat.co.uk/blog/page/15/","","","","129680","23125","23125","8.859","","467","80","5.838","86.963","Easy","3.026","10","3","","9","5","0","0.740","100","50","0","8","4","0","","","","","52e6fb964ba1a300aa9f0d92dca8c98d","0.044","Thu, 30 Jul 2026 13:27:17 GMT","","","","en-US","1.1","","","","","","https://www.bowlerhat.co.uk/blog/page/16/","2026-07-30 14:27:16"
"https://www.bowlerhat.co.uk/blog/page/17/","text/html; charset=UTF-8","200","OK","Indexable","","Digital Marketing Blog | Bowler Hat","35","309","Cutting-edge advice and guidance from our digital marketing experts across strategy, SEO, PPC, Web Design & Development, Social Media and Content Marketing.","156","996","","0","0","","0","","0","","0","Blog","4","","0","index, follow, max-image-preview:large, max-snippet:-1, max-video-preview:-1","","","https://www.bowlerhat.co.uk/blog/page/17/","https://www.bowlerhat.co.uk/blog/page/18/","https://www.bowlerhat.co.uk/blog/page/16/","","","","129264","22662","22662","8.681","","468","82","5.707","84.627","Easy","3.131","10","3","","9","5","0","0.740","100","50","0","8","4","0","","","","","196aef014322abff6893048e9848323a","0.046","Thu, 30 Jul 2026 13:27:17 GMT","","","","en-US","1.1","","","","","","https://www.bowlerhat.co.uk/blog/page/17/","2026-07-30 14:27:16"
